Stage,Start_Equation,Target_Equation,ChangeType,ChangedIndex1,From1,To1,ChangedIndex2,From2,To2,ChangedIndex3,From3,To3,ChangedIndex4,From4,To4,Start_Tokens,Target_Tokens
1,'-4+-2=-0','-4+-2=-6',single,7,0,6,,,,,,,,,,'-;4;+;-;2;=;-;0','-;4;+;-;2;=;-;6'
2,'-3=-9--4','-5=-9--4',single,1,3,5,,,,,,,,,,'-;3;=;-;9;-;-;4','-;5;=;-;9;-;-;4'
3,'-9+9=6','-9+9=0',single,5,6,0,,,,,,,,,,'-;9;+;9;=;6','-;9;+;9;=;0'
4,'11+-8=5','11+-8=3',single,5,5,3,,,,,,,,,,'11;+;-;8;=;5','11;+;-;8;=;3'
5,'3+-2=3','5+-2=3',single,0,3,5,,,,,,,,,,'3;+;-;2;=;3','5;+;-;2;=;3'
6,'-3--4=2','-2--4=2',single,1,3,2,,,,,,,,,,'-;3;-;-;4;=;2','-;2;-;-;4;=;2'
7,'-11+1=-3','-4+1=-3',single,1,11,4,,,,,,,,,,'-;11;+;1;=;-;3','-;4;+;1;=;-;3'
8,'9=-2+4','9=-2+11',single,5,4,11,,,,,,,,,,'9;=;-;2;+;4','9;=;-;2;+;11'
9,'-11--2=-2','-4--2=-2',single,1,11,4,,,,,,,,,,'-;11;-;-;2;=;-;2','-;4;-;-;2;=;-;2'
10,'-2=-1+-2','-3=-1+-2',single,1,2,3,,,,,,,,,,'-;2;=;-;1;+;-;2','-;3;=;-;1;+;-;2'
11,'-4+3=-2','-4+2=-2',single,3,3,2,,,,,,,,,,'-;4;+;3;=;-;2','-;4;+;2;=;-;2'
12,'-5--0=1','-5--6=1',single,4,0,6,,,,,,,,,,'-;5;-;-;0;=;1','-;5;-;-;6;=;1'
13,'9=-3--3','0=-3--3',single,0,9,0,,,,,,,,,,'9;=;-;3;-;-;3','0;=;-;3;-;-;3'
14,'-6+1=7','-6+7=1',multi,5,7,1,3,1,7,,,,,,,'-;6;+;1;=;7','-;6;+;7;=;1'
15,'-1+8=9','-1+9=8',multi,3,8,9,5,9,8,,,,,,,'-;1;+;8;=;9','-;1;+;9;=;8'
16,'2+-2=9','2+-2=0',single,5,9,0,,,,,,,,,,'2;+;-;2;=;9','2;+;-;2;=;0'
17,'1+-5=-2','1+-3=-2',single,3,5,3,,,,,,,,,,'1;+;-;5;=;-;2','1;+;-;3;=;-;2'
18,'-5--8=5','-3--8=5',single,1,5,3,,,,,,,,,,'-;5;-;-;8;=;5','-;3;-;-;8;=;5'
19,'-6=-7-1','-6--7=1',multi,2,=,-,5,-,=,,,,,,,'-;6;=;-;7;-;1','-;6;-;-;7;=;1'
20,'-2=-11+6','-2=-11+9',single,6,6,9,,,,,,,,,,'-;2;=;-;11;+;6','-;2;=;-;11;+;9'
21,'3+-11=-6','5+-11=-6',single,0,3,5,,,,,,,,,,'3;+;-;11;=;-;6','5;+;-;11;=;-;6'
22,'-7+-6=-15','-7+-6=-13',single,8,5,3,,,,,,,,,,'-;7;+;-;6;=;-;1;5','-;7;+;-;6;=;-;1;3'
23,'-4--1=-10','-11--1=-10',single,1,4,11,,,,,,,,,,'-;4;-;-;1;=;-;1;0','-;11;-;-;1;=;-;1;0'
24,'-4+-5=-16','-11+-5=-16',single,1,4,11,,,,,,,,,,'-;4;+;-;5;=;-;1;6','-;11;+;-;5;=;-;1;6'
25,'-1+0=5','-1+6=5',single,3,0,6,,,,,,,,,,'-;1;+;0;=;5','-;1;+;6;=;5'
26,'-2--5=2','-3--5=2',single,1,2,3,,,,,,,,,,'-;2;-;-;5;=;2','-;3;-;-;5;=;2'
27,'-3=-0--3','-3=-6--3',single,4,0,6,,,,,,,,,,'-;3;=;-;0;-;-;3','-;3;=;-;6;-;-;3'
28,'-14=-9+-8','-14=-6+-8',single,5,9,6,,,,,,,,,,'-;1;4;=;-;9;+;-;8','-;1;4;=;-;6;+;-;8'
29,'-4+4=-7','-11+4=-7',single,1,4,11,,,,,,,,,,'-;4;+;4;=;-;7','-;11;+;4;=;-;7'
30,'-2--4=1','-3--4=1',single,1,2,3,,,,,,,,,,'-;2;-;-;4;=;1','-;3;-;-;4;=;1'
31,'-3+-0=-12','-3+-9=-12',single,4,0,9,,,,,,,,,,'-;3;+;-;0;=;-;1;2','-;3;+;-;9;=;-;1;2'
32,'-7+1=-9','-7+1=-6',single,6,9,6,,,,,,,,,,'-;7;+;1;=;-;9','-;7;+;1;=;-;6'
33,'4+-4=-7','4+-11=-7',single,3,4,11,,,,,,,,,,'4;+;-;4;=;-;7','4;+;-;11;=;-;7'
34,'4+-2=1','4+-3=1',single,3,2,3,,,,,,,,,,'4;+;-;2;=;1','4;+;-;3;=;1'
35,'9+-8=-1','8+-9=-1',multi,3,8,9,0,9,8,,,,,,,'9;+;-;8;=;-;1','8;+;-;9;=;-;1'
36,'-6+-9=-3','-6+-3=-9',multi,4,9,3,7,3,9,,,,,,,'-;6;+;-;9;=;-;3','-;6;+;-;3;=;-;9'
37,'-1+9=5','-1+6=5',single,3,9,6,,,,,,,,,,'-;1;+;9;=;5','-;1;+;6;=;5'
38,'6+-3=6','9+-3=6',single,0,6,9,,,,,,,,,,'6;+;-;3;=;6','9;+;-;3;=;6'
39,'3+-1=1','2+-1=1',single,0,3,2,,,,,,,,,,'3;+;-;1;=;1','2;+;-;1;=;1'
40,'-9=-2--7','-9--2=-7',multi,2,=,-,5,-,=,,,,,,,'-;9;=;-;2;-;-;7','-;9;-;-;2;=;-;7'
41,'7+-3=2','7+-5=2',single,3,3,5,,,,,,,,,,'7;+;-;3;=;2','7;+;-;5;=;2'
42,'-5=-2+-2','-5=-2+-3',single,7,2,3,,,,,,,,,,'-;5;=;-;2;+;-;2','-;5;=;-;2;+;-;3'
43,'-8+-2=-11','-8+-3=-11',single,4,2,3,,,,,,,,,,'-;8;+;-;2;=;-;11','-;8;+;-;3;=;-;11'
44,'6+-6=6','6+-6=0',single,5,6,0,,,,,,,,,,'6;+;-;6;=;6','6;+;-;6;=;0'
45,'9=-11--11','0=-11--11',single,0,9,0,,,,,,,,,,'9;=;-;11;-;-;11','0;=;-;11;-;-;11'
46,'-3+9=3','-3+6=3',single,3,9,6,,,,,,,,,,'-;3;+;9;=;3','-;3;+;6;=;3'
47,'-11+-9=-26','-11+-9=-20',single,8,6,0,,,,,,,,,,'-;11;+;-;9;=;-;2;6','-;11;+;-;9;=;-;2;0'
48,'-5+-9=-12','-3+-9=-12',single,1,5,3,,,,,,,,,,'-;5;+;-;9;=;-;1;2','-;3;+;-;9;=;-;1;2'
49,'11+-6=3','11+-6=5',single,5,3,5,,,,,,,,,,'11;+;-;6;=;3','11;+;-;6;=;5'
50,'-0--4=-2','-6--4=-2',single,1,0,6,,,,,,,,,,'-;0;-;-;4;=;-;2','-;6;-;-;4;=;-;2'
51,'-1+11=3','-1+4=3',single,3,11,4,,,,,,,,,,'-;1;+;11;=;3','-;1;+;4;=;3'
52,'4+-4=6','4+-4=0',single,5,6,0,,,,,,,,,,'4;+;-;4;=;6','4;+;-;4;=;0'
53,'-11+-4=-8','-4+-4=-8',single,1,11,4,,,,,,,,,,'-;11;+;-;4;=;-;8','-;4;+;-;4;=;-;8'
54,'-3=-11-8','-3--11=8',multi,2,=,-,5,-,=,,,,,,,'-;3;=;-;11;-;8','-;3;-;-;11;=;8'
55,'-8--11=5','-8--11=3',single,6,5,3,,,,,,,,,,'-;8;-;-;11;=;5','-;8;-;-;11;=;3'
56,'3+-5=-8','3+-9=-6',multi,6,8,6,3,5,9,,,,,,,'3;+;-;5;=;-;8','3;+;-;9;=;-;6'
57,'-7--11=-3','-7--4=-3',single,4,11,4,,,,,,,,,,'-;7;-;-;11;=;-;3','-;7;-;-;4;=;-;3'
58,'-6--2=-7','-9--2=-7',single,1,6,9,,,,,,,,,,'-;6;-;-;2;=;-;7','-;9;-;-;2;=;-;7'
59,'-5--5=9','-5--5=0',single,6,9,0,,,,,,,,,,'-;5;-;-;5;=;9','-;5;-;-;5;=;0'
60,'-0+-2=-8','-6+-2=-8',single,1,0,6,,,,,,,,,,'-;0;+;-;2;=;-;8','-;6;+;-;2;=;-;8'
61,'-8--8=6','-8--8=0',single,6,6,0,,,,,,,,,,'-;8;-;-;8;=;6','-;8;-;-;8;=;0'
62,'9+-5=1','6+-5=1',single,0,9,6,,,,,,,,,,'9;+;-;5;=;1','6;+;-;5;=;1'
63,'-7--4=4','-7--11=4',single,4,4,11,,,,,,,,,,'-;7;-;-;4;=;4','-;7;-;-;11;=;4'
64,'4+-9=-3','4+-9=-5',single,6,3,5,,,,,,,,,,'4;+;-;9;=;-;3','4;+;-;9;=;-;5'
65,'-9--8=1','-8--9=1',multi,4,8,9,1,9,8,,,,,,,'-;9;-;-;8;=;1','-;8;-;-;9;=;1'
66,'-6+2=-7','-9+2=-7',single,1,6,9,,,,,,,,,,'-;6;+;2;=;-;7','-;9;+;2;=;-;7'
67,'-4+-6=-13','-4+-9=-13',single,4,6,9,,,,,,,,,,'-;4;+;-;6;=;-;1;3','-;4;+;-;9;=;-;1;3'
68,'-9=6+-3','-3=6+-9',multi,1,9,3,6,3,9,,,,,,,'-;9;=;6;+;-;3','-;3;=;6;+;-;9'
69,'-8=-2--6','-8--2=-6',multi,2,=,-,5,-,=,,,,,,,'-;8;=;-;2;-;-;6','-;8;-;-;2;=;-;6'
70,'-5=-3--2','-5--3=-2',multi,2,=,-,5,-,=,,,,,,,'-;5;=;-;3;-;-;2','-;5;-;-;3;=;-;2'
71,'-9--3=-0','-9--3=-6',single,7,0,6,,,,,,,,,,'-;9;-;-;3;=;-;0','-;9;-;-;3;=;-;6'
72,'-0--11=2','-9--11=2',single,1,0,9,,,,,,,,,,'-;0;-;-;11;=;2','-;9;-;-;11;=;2'
73,'-4+-3=-19','-4+-9=-13',multi,8,9,3,4,3,9,,,,,,,'-;4;+;-;3;=;-;1;9','-;4;+;-;9;=;-;1;3'
74,'-5+9=1','-5+6=1',single,3,9,6,,,,,,,,,,'-;5;+;9;=;1','-;5;+;6;=;1'
75,'-1+4=2','-1+4=3',single,5,2,3,,,,,,,,,,'-;1;+;4;=;2','-;1;+;4;=;3'
76,'-4--0=5','-4--9=5',single,4,0,9,,,,,,,,,,'-;4;-;-;0;=;5','-;4;-;-;9;=;5'
77,'6+-2=8','8+-2=6',multi,5,8,6,0,6,8,,,,,,,'6;+;-;2;=;8','8;+;-;2;=;6'
78,'8+-0=-1','8+-9=-1',single,3,0,9,,,,,,,,,,'8;+;-;0;=;-;1','8;+;-;9;=;-;1'
79,'-6+-2=-9','-6+-3=-9',single,4,2,3,,,,,,,,,,'-;6;+;-;2;=;-;9','-;6;+;-;3;=;-;9'
80,'4+-6=-5','4+-9=-5',single,3,6,9,,,,,,,,,,'4;+;-;6;=;-;5','4;+;-;9;=;-;5'
81,'-6--5=-4','-9--5=-4',single,1,6,9,,,,,,,,,,'-;6;-;-;5;=;-;4','-;9;-;-;5;=;-;4'
82,'-6+-3=-6','-6+-3=-9',single,7,6,9,,,,,,,,,,'-;6;+;-;3;=;-;6','-;6;+;-;3;=;-;9'
83,'-5=-8-3','-5--8=3',multi,2,=,-,5,-,=,,,,,,,'-;5;=;-;8;-;3','-;5;-;-;8;=;3'
84,'-2+-8=-6','-2+-6=-8',multi,4,8,6,7,6,8,,,,,,,'-;2;+;-;8;=;-;6','-;2;+;-;6;=;-;8'
85,'-11--5=1','-4--5=1',single,1,11,4,,,,,,,,,,'-;11;-;-;5;=;1','-;4;-;-;5;=;1'
86,'-2--9=4','-2--6=4',single,4,9,6,,,,,,,,,,'-;2;-;-;9;=;4','-;2;-;-;6;=;4'
87,'-0--5=-4','-9--5=-4',single,1,0,9,,,,,,,,,,'-;0;-;-;5;=;-;4','-;9;-;-;5;=;-;4'
88,'-6=-8+-2','-8=-6+-2',multi,4,8,6,1,6,8,,,,,,,'-;6;=;-;8;+;-;2','-;8;=;-;6;+;-;2'
89,'-17=-0+-11','-17=-6+-11',single,5,0,6,,,,,,,,,,'-;1;7;=;-;0;+;-;11','-;1;7;=;-;6;+;-;11'
90,'-8--0=1','-8--9=1',single,4,0,9,,,,,,,,,,'-;8;-;-;0;=;1','-;8;-;-;9;=;1'
91,'-1+2=2','-1+3=2',single,3,2,3,,,,,,,,,,'-;1;+;2;=;2','-;1;+;3;=;2'
92,'-11--3=-6','-11--5=-6',single,4,3,5,,,,,,,,,,'-;11;-;-;3;=;-;6','-;11;-;-;5;=;-;6'
93,'-11+-8=-12','-4+-8=-12',single,1,11,4,,,,,,,,,,'-;11;+;-;8;=;-;1;2','-;4;+;-;8;=;-;1;2'
94,'-4=9+-5','-4=5+-9',multi,3,9,5,6,5,9,,,,,,,'-;4;=;9;+;-;5','-;4;=;5;+;-;9'
95,'-2+-11=-6','-2+-4=-6',single,4,11,4,,,,,,,,,,'-;2;+;-;11;=;-;6','-;2;+;-;4;=;-;6'
96,'-9+-4=-5','-5+-4=-9',multi,1,9,5,7,5,9,,,,,,,'-;9;+;-;4;=;-;5','-;5;+;-;4;=;-;9'
97,'6+-11=2','6+-4=2',single,3,11,4,,,,,,,,,,'6;+;-;11;=;2','6;+;-;4;=;2'
98,'-9+-2=-4','-9+-2=-11',single,7,4,11,,,,,,,,,,'-;9;+;-;2;=;-;4','-;9;+;-;2;=;-;11'
99,'6+-0=0','6+-6=0',single,3,0,6,,,,,,,,,,'6;+;-;0;=;0','6;+;-;6;=;0'
100,'0=11+-2','9=11+-2',single,0,0,9,,,,,,,,,,'0;=;11;+;-;2','9;=;11;+;-;2'
101,'-7+11=-3','-7+4=-3',single,3,11,4,,,,,,,,,,'-;7;+;11;=;-;3','-;7;+;4;=;-;3'
102,'-3--8=3','-5--8=3',single,1,3,5,,,,,,,,,,'-;3;-;-;8;=;3','-;5;-;-;8;=;3'
103,'-11+9=-3','-11+9=-2',single,6,3,2,,,,,,,,,,'-;11;+;9;=;-;3','-;11;+;9;=;-;2'
104,'-11+-9=-30','-11+-9=-20',single,7,3,2,,,,,,,,,,'-;11;+;-;9;=;-;3;0','-;11;+;-;9;=;-;2;0'
105,'4+-6=5','11+-6=5',single,0,4,11,,,,,,,,,,'4;+;-;6;=;5','11;+;-;6;=;5'
106,'6+-9=-5','6+-9=-3',single,6,5,3,,,,,,,,,,'6;+;-;9;=;-;5','6;+;-;9;=;-;3'
107,'-4--7=-4','-11--7=-4',single,1,4,11,,,,,,,,,,'-;4;-;-;7;=;-;4','-;11;-;-;7;=;-;4'
108,'5+-9=-11','5+-9=-4',single,6,11,4,,,,,,,,,,'5;+;-;9;=;-;11','5;+;-;9;=;-;4'
109,'-11+-7=-11','-4+-7=-11',single,1,11,4,,,,,,,,,,'-;11;+;-;7;=;-;11','-;4;+;-;7;=;-;11'
110,'-5+9=-4','-9+5=-4',multi,3,9,5,1,5,9,,,,,,,'-;5;+;9;=;-;4','-;9;+;5;=;-;4'
111,'-8--0=8','-8--8=0',multi,6,8,0,4,0,8,,,,,,,'-;8;-;-;0;=;8','-;8;-;-;8;=;0'
112,'-3--6=9','-3--8=5',multi,6,9,5,4,6,8,,,,,,,'-;3;-;-;6;=;9','-;3;-;-;8;=;5'
113,'-6+-9=-13','-8+-5=-13',multi,4,9,5,1,6,8,,,,,,,'-;6;+;-;9;=;-;1;3','-;8;+;-;5;=;-;1;3'
114,'7+-3=5','7+-2=5',single,3,3,2,,,,,,,,,,'7;+;-;3;=;5','7;+;-;2;=;5'
115,'6+-3=5','6+-3=3',single,5,5,3,,,,,,,,,,'6;+;-;3;=;5','6;+;-;3;=;3'
116,'-8=-7--1','-8--7=-1',multi,2,=,-,5,-,=,,,,,,,'-;8;=;-;7;-;-;1','-;8;-;-;7;=;-;1'
117,'-1=-2-1','-1--2=1',multi,2,=,-,5,-,=,,,,,,,'-;1;=;-;2;-;1','-;1;-;-;2;=;1'
118,'-7--5=-3','-7--5=-2',single,7,3,2,,,,,,,,,,'-;7;-;-;5;=;-;3','-;7;-;-;5;=;-;2'
119,'-0+-3=-9','-6+-3=-9',single,1,0,6,,,,,,,,,,'-;0;+;-;3;=;-;9','-;6;+;-;3;=;-;9'
120,'-9+-0=-15','-9+-6=-15',single,4,0,6,,,,,,,,,,'-;9;+;-;0;=;-;1;5','-;9;+;-;6;=;-;1;5'
121,'5+-1=2','3+-1=2',single,0,5,3,,,,,,,,,,'5;+;-;1;=;2','3;+;-;1;=;2'
122,'-5+-1=-4','-3+-1=-4',single,1,5,3,,,,,,,,,,'-;5;+;-;1;=;-;4','-;3;+;-;1;=;-;4'
123,'-2--6=11','-2--6=4',single,6,11,4,,,,,,,,,,'-;2;-;-;6;=;11','-;2;-;-;6;=;4'
124,'-5=-5+2','-3=-5+2',single,1,5,3,,,,,,,,,,'-;5;=;-;5;+;2','-;3;=;-;5;+;2'
125,'-2--0=7','-2--9=7',single,4,0,9,,,,,,,,,,'-;2;-;-;0;=;7','-;2;-;-;9;=;7'
126,'-3--5=8','-3--9=6',multi,6,8,6,4,5,9,,,,,,,'-;3;-;-;5;=;8','-;3;-;-;9;=;6'
127,'-8=-4--4','-8--4=-4',multi,2,=,-,5,-,=,,,,,,,'-;8;=;-;4;-;-;4','-;8;-;-;4;=;-;4'
128,'3+-9=-7','2+-9=-7',single,0,3,2,,,,,,,,,,'3;+;-;9;=;-;7','2;+;-;9;=;-;7'
129,'-11+0=-2','-11+9=-2',single,3,0,9,,,,,,,,,,'-;11;+;0;=;-;2','-;11;+;9;=;-;2'
130,'0=-2+11','9=-2+11',single,0,0,9,,,,,,,,,,'0;=;-;2;+;11','9;=;-;2;+;11'
131,'-4--8=11','-4--8=4',single,6,11,4,,,,,,,,,,'-;4;-;-;8;=;11','-;4;-;-;8;=;4'
132,'-5+1=-11','-5+1=-4',single,6,11,4,,,,,,,,,,'-;5;+;1;=;-;11','-;5;+;1;=;-;4'
133,'9=-3+11','9=-2+11',single,3,3,2,,,,,,,,,,'9;=;-;3;+;11','9;=;-;2;+;11'
134,'-1+-9=-16','-1+-9=-10',single,8,6,0,,,,,,,,,,'-;1;+;-;9;=;-;1;6','-;1;+;-;9;=;-;1;0'
135,'9=-3+9','6=-3+9',single,0,9,6,,,,,,,,,,'9;=;-;3;+;9','6;=;-;3;+;9'
136,'8+-0=2','8+-6=2',single,3,0,6,,,,,,,,,,'8;+;-;0;=;2','8;+;-;6;=;2'
137,'11+-9=5','11+-6=5',single,3,9,6,,,,,,,,,,'11;+;-;9;=;5','11;+;-;6;=;5'
138,'-11+-6=-10','-4+-6=-10',single,1,11,4,,,,,,,,,,'-;11;+;-;6;=;-;1;0','-;4;+;-;6;=;-;1;0'
139,'-3+5=0','-3+3=0',single,3,5,3,,,,,,,,,,'-;3;+;5;=;0','-;3;+;3;=;0'
140,'-4+-2=-13','-11+-2=-13',single,1,4,11,,,,,,,,,,'-;4;+;-;2;=;-;1;3','-;11;+;-;2;=;-;1;3'
141,'-5+7=4','-3+7=4',single,1,5,3,,,,,,,,,,'-;5;+;7;=;4','-;3;+;7;=;4'
142,'-1--7=-6','-7--1=-6',multi,4,7,1,1,1,7,,,,,,,'-;1;-;-;7;=;-;6','-;7;-;-;1;=;-;6'
143,'-8+-3=-13','-8+-5=-13',single,4,3,5,,,,,,,,,,'-;8;+;-;3;=;-;1;3','-;8;+;-;5;=;-;1;3'
144,'-6+-7=-1','-6+-1=-7',multi,4,7,1,7,1,7,,,,,,,'-;6;+;-;7;=;-;1','-;6;+;-;1;=;-;7'
145,'3+-0=-6','3+-9=-6',single,3,0,9,,,,,,,,,,'3;+;-;0;=;-;6','3;+;-;9;=;-;6'
146,'2+-8=-5','3+-8=-5',single,0,2,3,,,,,,,,,,'2;+;-;8;=;-;5','3;+;-;8;=;-;5'
147,'5+-1=11','5+-1=4',single,5,11,4,,,,,,,,,,'5;+;-;1;=;11','5;+;-;1;=;4'
148,'-6--5=-3','-6--3=-3',single,4,5,3,,,,,,,,,,'-;6;-;-;5;=;-;3','-;6;-;-;3;=;-;3'
149,'-5+-3=-10','-5+-5=-10',single,4,3,5,,,,,,,,,,'-;5;+;-;3;=;-;1;0','-;5;+;-;5;=;-;1;0'
150,'-4+-5=-0','-4+-5=-9',single,7,0,9,,,,,,,,,,'-;4;+;-;5;=;-;0','-;4;+;-;5;=;-;9'
151,'-9+-1=-76','-9+-7=-16',multi,7,7,1,4,1,7,,,,,,,'-;9;+;-;1;=;-;7;6','-;9;+;-;7;=;-;1;6'
152,'-6+3=-5','-6+3=-3',single,6,5,3,,,,,,,,,,'-;6;+;3;=;-;5','-;6;+;3;=;-;3'
153,'-9--9=-3','-9--6=-3',single,4,9,6,,,,,,,,,,'-;9;-;-;9;=;-;3','-;9;-;-;6;=;-;3'
154,'-3+-3=-5','-3+-2=-5',single,4,3,2,,,,,,,,,,'-;3;+;-;3;=;-;5','-;3;+;-;2;=;-;5'
155,'-4--3=-2','-4--2=-2',single,4,3,2,,,,,,,,,,'-;4;-;-;3;=;-;2','-;4;-;-;2;=;-;2'
156,'-6+-5=-9','-6+-3=-9',single,4,5,3,,,,,,,,,,'-;6;+;-;5;=;-;9','-;6;+;-;3;=;-;9'
157,'5+-3=8','9+-3=6',multi,5,8,6,0,5,9,,,,,,,'5;+;-;3;=;8','9;+;-;3;=;6'
158,'-3=3+-8','-3=5+-8',single,3,3,5,,,,,,,,,,'-;3;=;3;+;-;8','-;3;=;5;+;-;8'
159,'-2+-9=-12','-3+-9=-12',single,1,2,3,,,,,,,,,,'-;2;+;-;9;=;-;1;2','-;3;+;-;9;=;-;1;2'
160,'0+-8=8','8+-8=0',multi,5,8,0,0,0,8,,,,,,,'0;+;-;8;=;8','8;+;-;8;=;0'
161,'4+-9=-2','4+-6=-2',single,3,9,6,,,,,,,,,,'4;+;-;9;=;-;2','4;+;-;6;=;-;2'
162,'-8+-5=-11','-8+-3=-11',single,4,5,3,,,,,,,,,,'-;8;+;-;5;=;-;11','-;8;+;-;3;=;-;11'
163,'-1=-3--4','-1=-5--4',single,4,3,5,,,,,,,,,,'-;1;=;-;3;-;-;4','-;1;=;-;5;-;-;4'
164,'-9+4=-3','-9+4=-5',single,6,3,5,,,,,,,,,,'-;9;+;4;=;-;3','-;9;+;4;=;-;5'
165,'-2+2=6','-2+2=0',single,5,6,0,,,,,,,,,,'-;2;+;2;=;6','-;2;+;2;=;0'
166,'-3--6=6','-3--9=6',single,4,6,9,,,,,,,,,,'-;3;-;-;6;=;6','-;3;-;-;9;=;6'
167,'-6--3=9','-6--9=3',multi,6,9,3,4,3,9,,,,,,,'-;6;-;-;3;=;9','-;6;-;-;9;=;3'
168,'-4--6=3','-4--6=2',single,6,3,2,,,,,,,,,,'-;4;-;-;6;=;3','-;4;-;-;6;=;2'
169,'-11+-11=-15','-11+-4=-15',single,4,11,4,,,,,,,,,,'-;11;+;-;11;=;-;1;5','-;11;+;-;4;=;-;1;5'
170,'-11--4=0','-11--11=0',single,4,4,11,,,,,,,,,,'-;11;-;-;4;=;0','-;11;-;-;11;=;0'
171,'-8+-5=-15','-9+-6=-15',multi,1,8,9,4,5,6,,,,,,,'-;8;+;-;5;=;-;1;5','-;9;+;-;6;=;-;1;5'
172,'-7--4=-5','-7--4=-3',single,7,5,3,,,,,,,,,,'-;7;-;-;4;=;-;5','-;7;-;-;4;=;-;3'
173,'-9+9=-3','-9+6=-3',single,3,9,6,,,,,,,,,,'-;9;+;9;=;-;3','-;9;+;6;=;-;3'
174,'3=9+-7','2=9+-7',single,0,3,2,,,,,,,,,,'3;=;9;+;-;7','2;=;9;+;-;7'
175,'-1+-5=-4','-1+-3=-4',single,4,5,3,,,,,,,,,,'-;1;+;-;5;=;-;4','-;1;+;-;3;=;-;4'
176,'-8-2=-8','-8+2=-6',minus_to_plus,6,8,6,2,-,+,,,,,,,'-;8;-;2;=;-;8','-;8;+;2;=;-;6'
177,'1+-7=-0','1+-7=-6',single,6,0,6,,,,,,,,,,'1;+;-;7;=;-;0','1;+;-;7;=;-;6'
178,'3+-5=0','3+-3=0',single,3,5,3,,,,,,,,,,'3;+;-;5;=;0','3;+;-;3;=;0'
179,'-6=-11-5','-6--11=5',multi,2,=,-,5,-,=,,,,,,,'-;6;=;-;11;-;5','-;6;-;-;11;=;5'
180,'-5+9=6','-3+9=6',single,1,5,3,,,,,,,,,,'-;5;+;9;=;6','-;3;+;9;=;6'
181,'-5=5+-8','-5=3+-8',single,3,5,3,,,,,,,,,,'-;5;=;5;+;-;8','-;5;=;3;+;-;8'
182,'2+-6=-7','2+-9=-7',single,3,6,9,,,,,,,,,,'2;+;-;6;=;-;7','2;+;-;9;=;-;7'
183,'-11--2=-0','-11--2=-9',single,7,0,9,,,,,,,,,,'-;11;-;-;2;=;-;0','-;11;-;-;2;=;-;9'
184,'-11+-1=-13','-11+-1=-12',single,8,3,2,,,,,,,,,,'-;11;+;-;1;=;-;1;3','-;11;+;-;1;=;-;1;2'
185,'-1+-2=-5','-1+-2=-3',single,7,5,3,,,,,,,,,,'-;1;+;-;2;=;-;5','-;1;+;-;2;=;-;3'
186,'-11=-8--3','-11--8=-3',multi,2,=,-,5,-,=,,,,,,,'-;11;=;-;8;-;-;3','-;11;-;-;8;=;-;3'
187,'-3+2=-3','-5+2=-3',single,1,3,5,,,,,,,,,,'-;3;+;2;=;-;3','-;5;+;2;=;-;3'
188,'0+-11=-2','9+-11=-2',single,0,0,9,,,,,,,,,,'0;+;-;11;=;-;2','9;+;-;11;=;-;2'
189,'-9=-4--5','-9--4=-5',multi,2,=,-,5,-,=,,,,,,,'-;9;=;-;4;-;-;5','-;9;-;-;4;=;-;5'
190,'-6=-2--4','-6--2=-4',multi,2,=,-,5,-,=,,,,,,,'-;6;=;-;2;-;-;4','-;6;-;-;2;=;-;4'
191,'4+-0=-2','4+-6=-2',single,3,0,6,,,,,,,,,,'4;+;-;0;=;-;2','4;+;-;6;=;-;2'
192,'-4+4=9','-4+4=0',single,5,9,0,,,,,,,,,,'-;4;+;4;=;9','-;4;+;4;=;0'
193,'-11+-8=-16','-11+-8=-19',single,8,6,9,,,,,,,,,,'-;11;+;-;8;=;-;1;6','-;11;+;-;8;=;-;1;9'
194,'-2=-9+4','-2=-6+4',single,4,9,6,,,,,,,,,,'-;2;=;-;9;+;4','-;2;=;-;6;+;4'
195,'-5+-0=-14','-5+-9=-14',single,4,0,9,,,,,,,,,,'-;5;+;-;0;=;-;1;4','-;5;+;-;9;=;-;1;4'
196,'4+-7=-2','4+-7=-3',single,6,2,3,,,,,,,,,,'4;+;-;7;=;-;2','4;+;-;7;=;-;3'
197,'-6+-1=-5','-5+-1=-6',multi,1,6,5,7,5,6,,,,,,,'-;6;+;-;1;=;-;5','-;5;+;-;1;=;-;6'
198,'-4--4=6','-4--4=0',single,6,6,0,,,,,,,,,,'-;4;-;-;4;=;6','-;4;-;-;4;=;0'
199,'-3+3=9','-3+3=0',single,5,9,0,,,,,,,,,,'-;3;+;3;=;9','-;3;+;3;=;0'
200,'-7=-1--6','-7--1=-6',multi,2,=,-,5,-,=,,,,,,,'-;7;=;-;1;-;-;6','-;7;-;-;1;=;-;6'
201,'-9+3=-9','-9+3=-6',single,6,9,6,,,,,,,,,,'-;9;+;3;=;-;9','-;9;+;3;=;-;6'
202,'-9+1=-5','-6+1=-5',single,1,9,6,,,,,,,,,,'-;9;+;1;=;-;5','-;6;+;1;=;-;5'
203,'-3+5=0','-5+5=0',single,1,3,5,,,,,,,,,,'-;3;+;5;=;0','-;5;+;5;=;0'
204,'2=-8--6','2=-6--8',multi,3,8,6,6,6,8,,,,,,,'2;=;-;8;-;-;6','2;=;-;6;-;-;8'
205,'-5+11=-1','-5+4=-1',single,3,11,4,,,,,,,,,,'-;5;+;11;=;-;1','-;5;+;4;=;-;1'
206,'-7=-8-1','-7--8=1',multi,2,=,-,5,-,=,,,,,,,'-;7;=;-;8;-;1','-;7;-;-;8;=;1'
207,'-3+-3=-8','-5+-3=-8',single,1,3,5,,,,,,,,,,'-;3;+;-;3;=;-;8','-;5;+;-;3;=;-;8'
208,'-5+0=4','-5+9=4',single,3,0,9,,,,,,,,,,'-;5;+;0;=;4','-;5;+;9;=;4'
209,'-7--3=-5','-7--2=-5',single,4,3,2,,,,,,,,,,'-;7;-;-;3;=;-;5','-;7;-;-;2;=;-;5'
210,'5+-4=9','9+-4=5',multi,5,9,5,0,5,9,,,,,,,'5;+;-;4;=;9','9;+;-;4;=;5'
211,'-7=-3--4','-7--3=-4',multi,2,=,-,5,-,=,,,,,,,'-;7;=;-;3;-;-;4','-;7;-;-;3;=;-;4'
212,'-2--8=0','-2--8=6',single,6,0,6,,,,,,,,,,'-;2;-;-;8;=;0','-;2;-;-;8;=;6'
213,'-9=-6--3','-9--6=-3',multi,2,=,-,5,-,=,,,,,,,'-;9;=;-;6;-;-;3','-;9;-;-;6;=;-;3'
214,'-5+-5=-19','-5+-5=-10',single,8,9,0,,,,,,,,,,'-;5;+;-;5;=;-;1;9','-;5;+;-;5;=;-;1;0'
215,'9+-0=0','9+-9=0',single,3,0,9,,,,,,,,,,'9;+;-;0;=;0','9;+;-;9;=;0'
216,'11+-1=3','4+-1=3',single,0,11,4,,,,,,,,,,'11;+;-;1;=;3','4;+;-;1;=;3'
217,'-11+-0=-20','-11+-9=-20',single,4,0,9,,,,,,,,,,'-;11;+;-;0;=;-;2;0','-;11;+;-;9;=;-;2;0'
218,'-3--6=2','-3--6=3',single,6,2,3,,,,,,,,,,'-;3;-;-;6;=;2','-;3;-;-;6;=;3'
219,'6+-3=1','6+-5=1',single,3,3,5,,,,,,,,,,'6;+;-;3;=;1','6;+;-;5;=;1'
220,'6=-3+8','6=-2+8',single,3,3,2,,,,,,,,,,'6;=;-;3;+;8','6;=;-;2;+;8'
221,'-9+-11=-18','-8+-11=-19',multi,8,8,9,1,9,8,,,,,,,'-;9;+;-;11;=;-;1;8','-;8;+;-;11;=;-;1;9'
222,'-6--8=-1','-9--8=-1',single,1,6,9,,,,,,,,,,'-;6;-;-;8;=;-;1','-;9;-;-;8;=;-;1'
223,'-5+6=-1','-6+5=-1',multi,3,6,5,1,5,6,,,,,,,'-;5;+;6;=;-;1','-;6;+;5;=;-;1'
224,'-2+-9=-4','-2+-9=-11',single,7,4,11,,,,,,,,,,'-;2;+;-;9;=;-;4','-;2;+;-;9;=;-;11'
225,'2+-11=-0','2+-11=-9',single,6,0,9,,,,,,,,,,'2;+;-;11;=;-;0','2;+;-;11;=;-;9'
226,'-3+-9=-9','-3+-6=-9',single,4,9,6,,,,,,,,,,'-;3;+;-;9;=;-;9','-;3;+;-;6;=;-;9'
227,'-8+11=-4','-8+4=-4',single,3,11,4,,,,,,,,,,'-;8;+;11;=;-;4','-;8;+;4;=;-;4'
228,'1+-5=-6','1+-6=-5',multi,6,6,5,3,5,6,,,,,,,'1;+;-;5;=;-;6','1;+;-;6;=;-;5'
229,'-8+6=2','-6+8=2',multi,1,8,6,3,6,8,,,,,,,'-;8;+;6;=;2','-;6;+;8;=;2'
230,'-7+-0=-16','-7+-9=-16',single,4,0,9,,,,,,,,,,'-;7;+;-;0;=;-;1;6','-;7;+;-;9;=;-;1;6'
231,'4+-1=5','4+-1=3',single,5,5,3,,,,,,,,,,'4;+;-;1;=;5','4;+;-;1;=;3'
232,'-6--1=-3','-6--1=-5',single,7,3,5,,,,,,,,,,'-;6;-;-;1;=;-;3','-;6;-;-;1;=;-;5'
233,'-4+-11=-22','-11+-11=-22',single,1,4,11,,,,,,,,,,'-;4;+;-;11;=;-;2;2','-;11;+;-;11;=;-;2;2'
234,'-7--1=-9','-7--1=-6',single,7,9,6,,,,,,,,,,'-;7;-;-;1;=;-;9','-;7;-;-;1;=;-;6'
235,'-5+5=9','-5+5=0',single,5,9,0,,,,,,,,,,'-;5;+;5;=;9','-;5;+;5;=;0'
236,'6+-8=2','8+-6=2',multi,3,8,6,0,6,8,,,,,,,'6;+;-;8;=;2','8;+;-;6;=;2'
237,'-2+-4=-7','-3+-4=-7',single,1,2,3,,,,,,,,,,'-;2;+;-;4;=;-;7','-;3;+;-;4;=;-;7'
238,'-11--3=-9','-11--2=-9',single,4,3,2,,,,,,,,,,'-;11;-;-;3;=;-;9','-;11;-;-;2;=;-;9'
239,'3+-11=-9','2+-11=-9',single,0,3,2,,,,,,,,,,'3;+;-;11;=;-;9','2;+;-;11;=;-;9'
240,'-3+-3=-5','-2+-3=-5',single,1,3,2,,,,,,,,,,'-;3;+;-;3;=;-;5','-;2;+;-;3;=;-;5'
241,'-2+-8=-11','-3+-8=-11',single,1,2,3,,,,,,,,,,'-;2;+;-;8;=;-;11','-;3;+;-;8;=;-;11'
242,'-5--8=5','-5--8=3',single,6,5,3,,,,,,,,,,'-;5;-;-;8;=;5','-;5;-;-;8;=;3'
243,'-7=-9-2','-7--9=2',multi,2,=,-,5,-,=,,,,,,,'-;7;=;-;9;-;2','-;7;-;-;9;=;2'
244,'8+-9=2','8+-6=2',single,3,9,6,,,,,,,,,,'8;+;-;9;=;2','8;+;-;6;=;2'
245,'-2=-5-3','-2--5=3',multi,2,=,-,5,-,=,,,,,,,'-;2;=;-;5;-;3','-;2;-;-;5;=;3'
246,'-12=-3+-7','-12=-5+-7',single,5,3,5,,,,,,,,,,'-;1;2;=;-;3;+;-;7','-;1;2;=;-;5;+;-;7'
247,'-9--8=2','-6--8=2',single,1,9,6,,,,,,,,,,'-;9;-;-;8;=;2','-;6;-;-;8;=;2'
248,'-6=-9-3','-6--9=3',multi,2,=,-,5,-,=,,,,,,,'-;6;=;-;9;-;3','-;6;-;-;9;=;3'
249,'8=-5--11','8=-3--11',single,3,5,3,,,,,,,,,,'8;=;-;5;-;-;11','8;=;-;3;-;-;11'
250,'-11+11=-7','-11+4=-7',single,3,11,4,,,,,,,,,,'-;11;+;11;=;-;7','-;11;+;4;=;-;7'
251,'-9=-8--1','-9--8=-1',multi,2,=,-,5,-,=,,,,,,,'-;9;=;-;8;-;-;1','-;9;-;-;8;=;-;1'
252,'-5+-11=-10','-5+-11=-16',single,8,0,6,,,,,,,,,,'-;5;+;-;11;=;-;1;0','-;5;+;-;11;=;-;1;6'
253,'6+-9=0','9+-9=0',single,0,6,9,,,,,,,,,,'6;+;-;9;=;0','9;+;-;9;=;0'
254,'-5+-1=-0','-5+-1=-6',single,7,0,6,,,,,,,,,,'-;5;+;-;1;=;-;0','-;5;+;-;1;=;-;6'
255,'-3=-7-4','-3--7=4',multi,2,=,-,5,-,=,,,,,,,'-;3;=;-;7;-;4','-;3;-;-;7;=;4'
256,'-5+8=2','-5+8=3',single,5,2,3,,,,,,,,,,'-;5;+;8;=;2','-;5;+;8;=;3'
257,'-2+3=0','-3+3=0',single,1,2,3,,,,,,,,,,'-;2;+;3;=;0','-;3;+;3;=;0'
258,'-3+-9=-13','-3+-9=-12',single,8,3,2,,,,,,,,,,'-;3;+;-;9;=;-;1;3','-;3;+;-;9;=;-;1;2'
259,'-7+-2=-10','-7+-3=-10',single,4,2,3,,,,,,,,,,'-;7;+;-;2;=;-;1;0','-;7;+;-;3;=;-;1;0'
260,'-3--3=-1','-3--2=-1',single,4,3,2,,,,,,,,,,'-;3;-;-;3;=;-;1','-;3;-;-;2;=;-;1'
261,'0+-3=3','6+-3=3',single,0,0,6,,,,,,,,,,'0;+;-;3;=;3','6;+;-;3;=;3'
262,'3=-5+7','2=-5+7',single,0,3,2,,,,,,,,,,'3;=;-;5;+;7','2;=;-;5;+;7'
263,'9+-6=0','6+-6=0',single,0,9,6,,,,,,,,,,'9;+;-;6;=;0','6;+;-;6;=;0'
264,'-11+-5=-14','-11+-3=-14',single,4,5,3,,,,,,,,,,'-;11;+;-;5;=;-;1;4','-;11;+;-;3;=;-;1;4'
265,'-2+6=11','-2+6=4',single,5,11,4,,,,,,,,,,'-;2;+;6;=;11','-;2;+;6;=;4'
266,'-0--1=-8','-9--1=-8',single,1,0,9,,,,,,,,,,'-;0;-;-;1;=;-;8','-;9;-;-;1;=;-;8'
267,'-3--5=3','-2--5=3',single,1,3,2,,,,,,,,,,'-;3;-;-;5;=;3','-;2;-;-;5;=;3'
268,'-2+11=8','-3+11=8',single,1,2,3,,,,,,,,,,'-;2;+;11;=;8','-;3;+;11;=;8'
269,'-7--1=6','-1--7=6',multi,1,7,1,4,1,7,,,,,,,'-;7;-;-;1;=;6','-;1;-;-;7;=;6'
270,'-6--8=-2','-8--6=-2',multi,4,8,6,1,6,8,,,,,,,'-;6;-;-;8;=;-;2','-;8;-;-;6;=;-;2'
271,'-2+8=5','-3+8=5',single,1,2,3,,,,,,,,,,'-;2;+;8;=;5','-;3;+;8;=;5'
272,'6+-1=8','9+-1=8',single,0,6,9,,,,,,,,,,'6;+;-;1;=;8','9;+;-;1;=;8'
273,'-6+1=-8','-9+1=-8',single,1,6,9,,,,,,,,,,'-;6;+;1;=;-;8','-;9;+;1;=;-;8'
274,'-1--11=16','-1--11=10',single,7,6,0,,,,,,,,,,'-;1;-;-;11;=;1;6','-;1;-;-;11;=;1;0'
275,'-4+-9=-20','-11+-9=-20',single,1,4,11,,,,,,,,,,'-;4;+;-;9;=;-;2;0','-;11;+;-;9;=;-;2;0'
276,'-0+-7=-13','-6+-7=-13',single,1,0,6,,,,,,,,,,'-;0;+;-;7;=;-;1;3','-;6;+;-;7;=;-;1;3'
277,'7+-1=-6','1+-7=-6',multi,0,7,1,3,1,7,,,,,,,'7;+;-;1;=;-;6','1;+;-;7;=;-;6'
278,'-7+-9=-13','-7+-6=-13',single,4,9,6,,,,,,,,,,'-;7;+;-;9;=;-;1;3','-;7;+;-;6;=;-;1;3'
279,'-6+-5=-19','-6+-9=-15',multi,8,9,5,4,5,9,,,,,,,'-;6;+;-;5;=;-;1;9','-;6;+;-;9;=;-;1;5'
280,'-7=-3+-11','-7=-3+-4',single,7,11,4,,,,,,,,,,'-;7;=;-;3;+;-;11','-;7;=;-;3;+;-;4'
281,'2+-6=-8','2+-8=-6',multi,6,8,6,3,6,8,,,,,,,'2;+;-;6;=;-;8','2;+;-;8;=;-;6'
282,'-3+0=3','-3+6=3',single,3,0,6,,,,,,,,,,'-;3;+;0;=;3','-;3;+;6;=;3'
283,'7=-3+9','7=-2+9',single,3,3,2,,,,,,,,,,'7;=;-;3;+;9','7;=;-;2;+;9'
284,'6+-5=-1','5+-6=-1',multi,0,6,5,3,5,6,,,,,,,'6;+;-;5;=;-;1','5;+;-;6;=;-;1'
285,'-2=-4-2','-2--4=2',multi,2,=,-,5,-,=,,,,,,,'-;2;=;-;4;-;2','-;2;-;-;4;=;2'
286,'-4--4=9','-4--4=0',single,6,9,0,,,,,,,,,,'-;4;-;-;4;=;9','-;4;-;-;4;=;0'
287,'-6+-3=-8','-6+-2=-8',single,4,3,2,,,,,,,,,,'-;6;+;-;3;=;-;8','-;6;+;-;2;=;-;8'
288,'-7+5=-3','-7+5=-2',single,6,3,2,,,,,,,,,,'-;7;+;5;=;-;3','-;7;+;5;=;-;2'
289,'-8+-5=-12','-8+-5=-13',single,8,2,3,,,,,,,,,,'-;8;+;-;5;=;-;1;2','-;8;+;-;5;=;-;1;3'
290,'-13=-1+-11','-12=-1+-11',single,2,3,2,,,,,,,,,,'-;1;3;=;-;1;+;-;11','-;1;2;=;-;1;+;-;11'
291,'-3=-3--2','-3=-5--2',single,4,3,5,,,,,,,,,,'-;3;=;-;3;-;-;2','-;3;=;-;5;-;-;2'
292,'11+-9=3','11+-9=2',single,5,3,2,,,,,,,,,,'11;+;-;9;=;3','11;+;-;9;=;2'
293,'0+-5=1','6+-5=1',single,0,0,6,,,,,,,,,,'0;+;-;5;=;1','6;+;-;5;=;1'
294,'-4--6=-5','-11--6=-5',single,1,4,11,,,,,,,,,,'-;4;-;-;6;=;-;5','-;11;-;-;6;=;-;5'
295,'2+-11=-2','2+-4=-2',single,3,11,4,,,,,,,,,,'2;+;-;11;=;-;2','2;+;-;4;=;-;2'
296,'4+-11=0','11+-11=0',single,0,4,11,,,,,,,,,,'4;+;-;11;=;0','11;+;-;11;=;0'
297,'-8+8=9','-8+8=0',single,5,9,0,,,,,,,,,,'-;8;+;8;=;9','-;8;+;8;=;0'
298,'-6+-9=-12','-6+-6=-12',single,4,9,6,,,,,,,,,,'-;6;+;-;9;=;-;1;2','-;6;+;-;6;=;-;1;2'
299,'11+-11=6','11+-11=0',single,5,6,0,,,,,,,,,,'11;+;-;11;=;6','11;+;-;11;=;0'
300,'-4+1=-10','-11+1=-10',single,1,4,11,,,,,,,,,,'-;4;+;1;=;-;1;0','-;11;+;1;=;-;1;0'
301,'-1--1=6','-1--1=0',single,6,6,0,,,,,,,,,,'-;1;-;-;1;=;6','-;1;-;-;1;=;0'
302,'7+-5=4','7+-3=4',single,3,5,3,,,,,,,,,,'7;+;-;5;=;4','7;+;-;3;=;4'
303,'-3+-2=-7','-5+-2=-7',single,1,3,5,,,,,,,,,,'-;3;+;-;2;=;-;7','-;5;+;-;2;=;-;7'
304,'-1--4=5','-1--4=3',single,6,5,3,,,,,,,,,,'-;1;-;-;4;=;5','-;1;-;-;4;=;3'
305,'-6=-3--3','-6--3=-3',multi,2,=,-,5,-,=,,,,,,,'-;6;=;-;3;-;-;3','-;6;-;-;3;=;-;3'
306,'-1+-0=-7','-1+-6=-7',single,4,0,6,,,,,,,,,,'-;1;+;-;0;=;-;7','-;1;+;-;6;=;-;7'
307,'-1+-11=-78','-7+-11=-18',multi,7,7,1,1,1,7,,,,,,,'-;1;+;-;11;=;-;7;8','-;7;+;-;11;=;-;1;8'
308,'1+-9=-5','1+-6=-5',single,3,9,6,,,,,,,,,,'1;+;-;9;=;-;5','1;+;-;6;=;-;5'
309,'-3+-4=-14','-3+-11=-14',single,4,4,11,,,,,,,,,,'-;3;+;-;4;=;-;1;4','-;3;+;-;11;=;-;1;4'
310,'9+-3=0','9+-3=6',single,5,0,6,,,,,,,,,,'9;+;-;3;=;0','9;+;-;3;=;6'
311,'-4+8=-3','-11+8=-3',single,1,4,11,,,,,,,,,,'-;4;+;8;=;-;3','-;11;+;8;=;-;3'
312,'-9+-6=-13','-5+-8=-13',multi,1,9,5,4,6,8,,,,,,,'-;9;+;-;6;=;-;1;3','-;5;+;-;8;=;-;1;3'
313,'2+-5=-2','3+-5=-2',single,0,2,3,,,,,,,,,,'2;+;-;5;=;-;2','3;+;-;5;=;-;2'
314,'-5+-8=-15','-5+-8=-13',single,8,5,3,,,,,,,,,,'-;5;+;-;8;=;-;1;5','-;5;+;-;8;=;-;1;3'
315,'7+-0=1','7+-6=1',single,3,0,6,,,,,,,,,,'7;+;-;0;=;1','7;+;-;6;=;1'
316,'-8--11=2','-8--11=3',single,6,2,3,,,,,,,,,,'-;8;-;-;11;=;2','-;8;-;-;11;=;3'
317,'-4=-8+-3','-11=-8+-3',single,1,4,11,,,,,,,,,,'-;4;=;-;8;+;-;3','-;11;=;-;8;+;-;3'
318,'-1--3=4','-1--5=4',single,4,3,5,,,,,,,,,,'-;1;-;-;3;=;4','-;1;-;-;5;=;4'
319,'-11--5=-9','-11--5=-6',single,7,9,6,,,,,,,,,,'-;11;-;-;5;=;-;9','-;11;-;-;5;=;-;6'
320,'-5+-1=-9','-5+-1=-6',single,7,9,6,,,,,,,,,,'-;5;+;-;1;=;-;9','-;5;+;-;1;=;-;6'
321,'-1--6=3','-1--6=5',single,6,3,5,,,,,,,,,,'-;1;-;-;6;=;3','-;1;-;-;6;=;5'
322,'9+-6=0','9+-9=0',single,3,6,9,,,,,,,,,,'9;+;-;6;=;0','9;+;-;9;=;0'
323,'-3+5=3','-2+5=3',single,1,3,2,,,,,,,,,,'-;3;+;5;=;3','-;2;+;5;=;3'
324,'-7+-0=-13','-7+-6=-13',single,4,0,6,,,,,,,,,,'-;7;+;-;0;=;-;1;3','-;7;+;-;6;=;-;1;3'
325,'3+-6=-2','3+-6=-3',single,6,2,3,,,,,,,,,,'3;+;-;6;=;-;2','3;+;-;6;=;-;3'
326,'-3+-9=-11','-2+-9=-11',single,1,3,2,,,,,,,,,,'-;3;+;-;9;=;-;11','-;2;+;-;9;=;-;11'
327,'-4=-11-7','-4--11=7',multi,2,=,-,5,-,=,,,,,,,'-;4;=;-;11;-;7','-;4;-;-;11;=;7'
328,'-3--1=-1','-2--1=-1',single,1,3,2,,,,,,,,,,'-;3;-;-;1;=;-;1','-;2;-;-;1;=;-;1'
329,'-5+-9=-16','-6+-9=-15',multi,8,6,5,1,5,6,,,,,,,'-;5;+;-;9;=;-;1;6','-;6;+;-;9;=;-;1;5'
330,'-3=-6-3','-3--6=3',multi,2,=,-,5,-,=,,,,,,,'-;3;=;-;6;-;3','-;3;-;-;6;=;3'
331,'11+-3=9','11+-2=9',single,3,3,2,,,,,,,,,,'11;+;-;3;=;9','11;+;-;2;=;9'
332,'-2+-11=-12','-2+-11=-13',single,8,2,3,,,,,,,,,,'-;2;+;-;11;=;-;1;2','-;2;+;-;11;=;-;1;3'
333,'-7+-6=-16','-7+-9=-16',single,4,6,9,,,,,,,,,,'-;7;+;-;6;=;-;1;6','-;7;+;-;9;=;-;1;6'
334,'-3+-7=-9','-2+-7=-9',single,1,3,2,,,,,,,,,,'-;3;+;-;7;=;-;9','-;2;+;-;7;=;-;9'
335,'5=-3+6','3=-3+6',single,0,5,3,,,,,,,,,,'5;=;-;3;+;6','3;=;-;3;+;6'
336,'-3+9=4','-5+9=4',single,1,3,5,,,,,,,,,,'-;3;+;9;=;4','-;5;+;9;=;4'
337,'-3+3=-1','-3+2=-1',single,3,3,2,,,,,,,,,,'-;3;+;3;=;-;1','-;3;+;2;=;-;1'
338,'4+-8=-11','4+-8=-4',single,6,11,4,,,,,,,,,,'4;+;-;8;=;-;11','4;+;-;8;=;-;4'
339,'0+-1=5','6+-1=5',single,0,0,6,,,,,,,,,,'0;+;-;1;=;5','6;+;-;1;=;5'
340,'-7+-2=-0','-7+-2=-9',single,7,0,9,,,,,,,,,,'-;7;+;-;2;=;-;0','-;7;+;-;2;=;-;9'
341,'-11--11=-7','-11--4=-7',single,4,11,4,,,,,,,,,,'-;11;-;-;11;=;-;7','-;11;-;-;4;=;-;7'
342,'-4+6=3','-4+6=2',single,5,3,2,,,,,,,,,,'-;4;+;6;=;3','-;4;+;6;=;2'
343,'-8+-8=-19','-8+-8=-16',single,8,9,6,,,,,,,,,,'-;8;+;-;8;=;-;1;9','-;8;+;-;8;=;-;1;6'
344,'-6+9=5','-6+9=3',single,5,5,3,,,,,,,,,,'-;6;+;9;=;5','-;6;+;9;=;3'
345,'3+-3=-2','3+-5=-2',single,3,3,5,,,,,,,,,,'3;+;-;3;=;-;2','3;+;-;5;=;-;2'
346,'-4+0=2','-4+6=2',single,3,0,6,,,,,,,,,,'-;4;+;0;=;2','-;4;+;6;=;2'
347,'-11=-9--2','-11--9=-2',multi,2,=,-,5,-,=,,,,,,,'-;11;=;-;9;-;-;2','-;11;-;-;9;=;-;2'
348,'-6+-4=-13','-9+-4=-13',single,1,6,9,,,,,,,,,,'-;6;+;-;4;=;-;1;3','-;9;+;-;4;=;-;1;3'
349,'-8+-0=-14','-8+-6=-14',single,4,0,6,,,,,,,,,,'-;8;+;-;0;=;-;1;4','-;8;+;-;6;=;-;1;4'
350,'-4+5=9','-4+9=5',multi,5,9,5,3,5,9,,,,,,,'-;4;+;5;=;9','-;4;+;9;=;5'
351,'-0+2=-7','-9+2=-7',single,1,0,9,,,,,,,,,,'-;0;+;2;=;-;7','-;9;+;2;=;-;7'
352,'-11--11=7','-4--11=7',single,1,11,4,,,,,,,,,,'-;11;-;-;11;=;7','-;4;-;-;11;=;7'
353,'-0+-4=-10','-6+-4=-10',single,1,0,6,,,,,,,,,,'-;0;+;-;4;=;-;1;0','-;6;+;-;4;=;-;1;0'
354,'-6+7=-2','-9+7=-2',single,1,6,9,,,,,,,,,,'-;6;+;7;=;-;2','-;9;+;7;=;-;2'
355,'3+-9=-3','3+-6=-3',single,3,9,6,,,,,,,,,,'3;+;-;9;=;-;3','3;+;-;6;=;-;3'
356,'-6--4=-5','-9--4=-5',single,1,6,9,,,,,,,,,,'-;6;-;-;4;=;-;5','-;9;-;-;4;=;-;5'
357,'-4+-0=-10','-4+-6=-10',single,4,0,6,,,,,,,,,,'-;4;+;-;0;=;-;1;0','-;4;+;-;6;=;-;1;0'
358,'-2--11=8','-3--11=8',single,1,2,3,,,,,,,,,,'-;2;-;-;11;=;8','-;3;-;-;11;=;8'
359,'-2+-11=-14','-3+-11=-14',single,1,2,3,,,,,,,,,,'-;2;+;-;11;=;-;1;4','-;3;+;-;11;=;-;1;4'
360,'5+-3=0','5+-5=0',single,3,3,5,,,,,,,,,,'5;+;-;3;=;0','5;+;-;5;=;0'
361,'9=-5+11','6=-5+11',single,0,9,6,,,,,,,,,,'9;=;-;5;+;11','6;=;-;5;+;11'
362,'-8+4=3','-8+11=3',single,3,4,11,,,,,,,,,,'-;8;+;4;=;3','-;8;+;11;=;3'
363,'3+-6=-5','3+-6=-3',single,6,5,3,,,,,,,,,,'3;+;-;6;=;-;5','3;+;-;6;=;-;3'
364,'-0+11=5','-6+11=5',single,1,0,6,,,,,,,,,,'-;0;+;11;=;5','-;6;+;11;=;5'
365,'-4+-9=-15','-4+-9=-13',single,8,5,3,,,,,,,,,,'-;4;+;-;9;=;-;1;5','-;4;+;-;9;=;-;1;3'
366,'-2--2=6','-2--2=0',single,6,6,0,,,,,,,,,,'-;2;-;-;2;=;6','-;2;-;-;2;=;0'
367,'11+-4=0','11+-11=0',single,3,4,11,,,,,,,,,,'11;+;-;4;=;0','11;+;-;11;=;0'
368,'5=-4+0','5=-4+9',single,5,0,9,,,,,,,,,,'5;=;-;4;+;0','5;=;-;4;+;9'
369,'-4+-4=-15','-4+-11=-15',single,4,4,11,,,,,,,,,,'-;4;+;-;4;=;-;1;5','-;4;+;-;11;=;-;1;5'
370,'8+-1=9','9+-1=8',multi,0,8,9,5,9,8,,,,,,,'8;+;-;1;=;9','9;+;-;1;=;8'
371,'-7--2=-3','-7--2=-5',single,7,3,5,,,,,,,,,,'-;7;-;-;2;=;-;3','-;7;-;-;2;=;-;5'
372,'-0--9=3','-6--9=3',single,1,0,6,,,,,,,,,,'-;0;-;-;9;=;3','-;6;-;-;9;=;3'
373,'-5--11=9','-5--11=6',single,6,9,6,,,,,,,,,,'-;5;-;-;11;=;9','-;5;-;-;11;=;6'
374,'-1+7=0','-1+7=6',single,5,0,6,,,,,,,,,,'-;1;+;7;=;0','-;1;+;7;=;6'
375,'0+-11=-5','6+-11=-5',single,0,0,6,,,,,,,,,,'0;+;-;11;=;-;5','6;+;-;11;=;-;5'
376,'-7+-3=-12','-7+-5=-12',single,4,3,5,,,,,,,,,,'-;7;+;-;3;=;-;1;2','-;7;+;-;5;=;-;1;2'
377,'-1+5=2','-1+3=2',single,3,5,3,,,,,,,,,,'-;1;+;5;=;2','-;1;+;3;=;2'
378,'9+-2=4','6+-2=4',single,0,9,6,,,,,,,,,,'9;+;-;2;=;4','6;+;-;2;=;4'
379,'-11+2=-2','-4+2=-2',single,1,11,4,,,,,,,,,,'-;11;+;2;=;-;2','-;4;+;2;=;-;2'
380,'-3--5=0','-3--3=0',single,4,5,3,,,,,,,,,,'-;3;-;-;5;=;0','-;3;-;-;3;=;0'
381,'-7+6=2','-7+9=2',single,3,6,9,,,,,,,,,,'-;7;+;6;=;2','-;7;+;9;=;2'
382,'1+-8=-9','1+-9=-8',multi,3,8,9,6,9,8,,,,,,,'1;+;-;8;=;-;9','1;+;-;9;=;-;8'
383,'-5+4=1','-3+4=1',single,1,5,3,,,,,,,,,,'-;5;+;4;=;1','-;3;+;4;=;1'
384,'11+-2=8','11+-3=8',single,3,2,3,,,,,,,,,,'11;+;-;2;=;8','11;+;-;3;=;8'
385,'-3+7=5','-2+7=5',single,1,3,2,,,,,,,,,,'-;3;+;7;=;5','-;2;+;7;=;5'
386,'3=6+-6','3=9+-6',single,2,6,9,,,,,,,,,,'3;=;6;+;-;6','3;=;9;+;-;6'
387,'5+-1=6','6+-1=5',multi,5,6,5,0,5,6,,,,,,,'5;+;-;1;=;6','6;+;-;1;=;5'
388,'-6+11=3','-6+11=5',single,5,3,5,,,,,,,,,,'-;6;+;11;=;3','-;6;+;11;=;5'
389,'-1+11=16','-1+11=10',single,6,6,0,,,,,,,,,,'-;1;+;11;=;1;6','-;1;+;11;=;1;0'
390,'-0+-8=-17','-9+-8=-17',single,1,0,9,,,,,,,,,,'-;0;+;-;8;=;-;1;7','-;9;+;-;8;=;-;1;7'
391,'-9--7=1','-6--7=1',single,1,9,6,,,,,,,,,,'-;9;-;-;7;=;1','-;6;-;-;7;=;1'
392,'-4--5=-1','-4--3=-1',single,4,5,3,,,,,,,,,,'-;4;-;-;5;=;-;1','-;4;-;-;3;=;-;1'
393,'-8+6=1','-8+9=1',single,3,6,9,,,,,,,,,,'-;8;+;6;=;1','-;8;+;9;=;1'
394,'-6+-11=-15','-5+-11=-16',multi,1,6,5,8,5,6,,,,,,,'-;6;+;-;11;=;-;1;5','-;5;+;-;11;=;-;1;6'
395,'-2+-3=-3','-2+-3=-5',single,7,3,5,,,,,,,,,,'-;2;+;-;3;=;-;3','-;2;+;-;3;=;-;5'
396,'-5+-11=-19','-5+-11=-16',single,8,9,6,,,,,,,,,,'-;5;+;-;11;=;-;1;9','-;5;+;-;11;=;-;1;6'
397,'-3--3=1','-2--3=1',single,1,3,2,,,,,,,,,,'-;3;-;-;3;=;1','-;2;-;-;3;=;1'
398,'-11+5=-9','-11+5=-6',single,6,9,6,,,,,,,,,,'-;11;+;5;=;-;9','-;11;+;5;=;-;6'
399,'-1+1=9','-1+1=0',single,5,9,0,,,,,,,,,,'-;1;+;1;=;9','-;1;+;1;=;0'
400,'-6+-7=-16','-9+-7=-16',single,1,6,9,,,,,,,,,,'-;6;+;-;7;=;-;1;6','-;9;+;-;7;=;-;1;6'
401,'3+-4=1','5+-4=1',single,0,3,5,,,,,,,,,,'3;+;-;4;=;1','5;+;-;4;=;1'
402,'-4+-1=-12','-11+-1=-12',single,1,4,11,,,,,,,,,,'-;4;+;-;1;=;-;1;2','-;11;+;-;1;=;-;1;2'
403,'-2=-8-6','-2--8=6',multi,2,=,-,5,-,=,,,,,,,'-;2;=;-;8;-;6','-;2;-;-;8;=;6'
404,'-2+0=4','-2+6=4',single,3,0,6,,,,,,,,,,'-;2;+;0;=;4','-;2;+;6;=;4'
405,'2+-11=-8','3+-11=-8',single,0,2,3,,,,,,,,,,'2;+;-;11;=;-;8','3;+;-;11;=;-;8'
406,'-8=-0+1','-8=-9+1',single,4,0,9,,,,,,,,,,'-;8;=;-;0;+;1','-;8;=;-;9;+;1'
407,'-7+7=6','-7+7=0',single,5,6,0,,,,,,,,,,'-;7;+;7;=;6','-;7;+;7;=;0'
408,'-7-8=7','-1+8=7',minus_to_plus,1,7,1,2,-,+,,,,,,,'-;7;-;8;=;7','-;1;+;8;=;7'
409,'0+-1=8','9+-1=8',single,0,0,9,,,,,,,,,,'0;+;-;1;=;8','9;+;-;1;=;8'
410,'-3=-9+3','-3=-6+3',single,4,9,6,,,,,,,,,,'-;3;=;-;9;+;3','-;3;=;-;6;+;3'
411,'-2--5=1','-2--3=1',single,4,5,3,,,,,,,,,,'-;2;-;-;5;=;1','-;2;-;-;3;=;1'
412,'-5+-5=-16','-5+-5=-10',single,8,6,0,,,,,,,,,,'-;5;+;-;5;=;-;1;6','-;5;+;-;5;=;-;1;0'
413,'-9--6=-5','-9--6=-3',single,7,5,3,,,,,,,,,,'-;9;-;-;6;=;-;5','-;9;-;-;6;=;-;3'
414,'-3+9=-6','-9+3=-6',multi,3,9,3,1,3,9,,,,,,,'-;3;+;9;=;-;6','-;9;+;3;=;-;6'
415,'2+-5=-2','2+-5=-3',single,6,2,3,,,,,,,,,,'2;+;-;5;=;-;2','2;+;-;5;=;-;3'
416,'-1--7=0','-1--7=6',single,6,0,6,,,,,,,,,,'-;1;-;-;7;=;0','-;1;-;-;7;=;6'
417,'-1+0=8','-1+9=8',single,3,0,9,,,,,,,,,,'-;1;+;0;=;8','-;1;+;9;=;8'
418,'-7=2+-0','-7=2+-9',single,6,0,9,,,,,,,,,,'-;7;=;2;+;-;0','-;7;=;2;+;-;9'
419,'-3+-1=-11','-3+-1=-4',single,7,11,4,,,,,,,,,,'-;3;+;-;1;=;-;11','-;3;+;-;1;=;-;4'
420,'-3--11=1','-3--4=1',single,4,11,4,,,,,,,,,,'-;3;-;-;11;=;1','-;3;-;-;4;=;1'
421,'-6+9=0','-6+6=0',single,3,9,6,,,,,,,,,,'-;6;+;9;=;0','-;6;+;6;=;0'
422,'-8+-9=-19','-9+-9=-18',multi,1,8,9,8,9,8,,,,,,,'-;8;+;-;9;=;-;1;9','-;9;+;-;9;=;-;1;8'
423,'-5+2=-2','-5+3=-2',single,3,2,3,,,,,,,,,,'-;5;+;2;=;-;2','-;5;+;3;=;-;2'
424,'6+-9=3','8+-5=3',multi,3,9,5,0,6,8,,,,,,,'6;+;-;9;=;3','8;+;-;5;=;3'
425,'-13=-0+-4','-13=-9+-4',single,5,0,9,,,,,,,,,,'-;1;3;=;-;0;+;-;4','-;1;3;=;-;9;+;-;4'
426,'6+-4=3','6+-4=2',single,5,3,2,,,,,,,,,,'6;+;-;4;=;3','6;+;-;4;=;2'
427,'-1+3=1','-1+2=1',single,3,3,2,,,,,,,,,,'-;1;+;3;=;1','-;1;+;2;=;1'
428,'-5+-4=-16','-5+-11=-16',single,4,4,11,,,,,,,,,,'-;5;+;-;4;=;-;1;6','-;5;+;-;11;=;-;1;6'
429,'-9+-6=-13','-9+-6=-15',single,8,3,5,,,,,,,,,,'-;9;+;-;6;=;-;1;3','-;9;+;-;6;=;-;1;5'
430,'-2--11=6','-2--11=9',single,6,6,9,,,,,,,,,,'-;2;-;-;11;=;6','-;2;-;-;11;=;9'
431,'0+-6=0','6+-6=0',single,0,0,6,,,,,,,,,,'0;+;-;6;=;0','6;+;-;6;=;0'
432,'7+-7=6','7+-7=0',single,5,6,0,,,,,,,,,,'7;+;-;7;=;6','7;+;-;7;=;0'
433,'-1+-7=-74','-7+-7=-14',multi,7,7,1,1,1,7,,,,,,,'-;1;+;-;7;=;-;7;4','-;7;+;-;7;=;-;1;4'
434,'-9--3=-9','-9--3=-6',single,7,9,6,,,,,,,,,,'-;9;-;-;3;=;-;9','-;9;-;-;3;=;-;6'
435,'-7+-6=-12','-7+-6=-13',single,8,2,3,,,,,,,,,,'-;7;+;-;6;=;-;1;2','-;7;+;-;6;=;-;1;3'
436,'9+-3=9','9+-3=6',single,5,9,6,,,,,,,,,,'9;+;-;3;=;9','9;+;-;3;=;6'
437,'-8--4=3','-8--11=3',single,4,4,11,,,,,,,,,,'-;8;-;-;4;=;3','-;8;-;-;11;=;3'
438,'-1+4=5','-1+4=3',single,5,5,3,,,,,,,,,,'-;1;+;4;=;5','-;1;+;4;=;3'
439,'-6+-4=-17','-6+-11=-17',single,4,4,11,,,,,,,,,,'-;6;+;-;4;=;-;1;7','-;6;+;-;11;=;-;1;7'
440,'6+-11=-2','9+-11=-2',single,0,6,9,,,,,,,,,,'6;+;-;11;=;-;2','9;+;-;11;=;-;2'
441,'1+-1=6','1+-1=0',single,5,6,0,,,,,,,,,,'1;+;-;1;=;6','1;+;-;1;=;0'
442,'5+-8=-2','5+-8=-3',single,6,2,3,,,,,,,,,,'5;+;-;8;=;-;2','5;+;-;8;=;-;3'
443,'-1+-3=-3','-1+-2=-3',single,4,3,2,,,,,,,,,,'-;1;+;-;3;=;-;3','-;1;+;-;2;=;-;3'
444,'6+-2=7','9+-2=7',single,0,6,9,,,,,,,,,,'6;+;-;2;=;7','9;+;-;2;=;7'
445,'-6+2=-8','-8+2=-6',multi,6,8,6,1,6,8,,,,,,,'-;6;+;2;=;-;8','-;8;+;2;=;-;6'
446,'-0--1=-5','-6--1=-5',single,1,0,6,,,,,,,,,,'-;0;-;-;1;=;-;5','-;6;-;-;1;=;-;5'
447,'2-6=7','2+5=7',minus_to_plus,2,6,5,1,-,+,,,,,,,'2;-;6;=;7','2;+;5;=;7'
448,'-8+-6=-18','-8+-8=-16',multi,8,8,6,4,6,8,,,,,,,'-;8;+;-;6;=;-;1;8','-;8;+;-;8;=;-;1;6'
449,'-6+1=-3','-6+1=-5',single,6,3,5,,,,,,,,,,'-;6;+;1;=;-;3','-;6;+;1;=;-;5'
450,'-9=-5+-11','-9=-5+-4',single,7,11,4,,,,,,,,,,'-;9;=;-;5;+;-;11','-;9;=;-;5;+;-;4'
451,'-2--5=5','-2--5=3',single,6,5,3,,,,,,,,,,'-;2;-;-;5;=;5','-;2;-;-;5;=;3'
452,'-4--7=5','-4--7=3',single,6,5,3,,,,,,,,,,'-;4;-;-;7;=;5','-;4;-;-;7;=;3'
453,'11+-3=1','4+-3=1',single,0,11,4,,,,,,,,,,'11;+;-;3;=;1','4;+;-;3;=;1'
454,'-3+-4=-19','-9+-4=-13',multi,8,9,3,1,3,9,,,,,,,'-;3;+;-;4;=;-;1;9','-;9;+;-;4;=;-;1;3'
455,'-9--4=2','-9--11=2',single,4,4,11,,,,,,,,,,'-;9;-;-;4;=;2','-;9;-;-;11;=;2'
456,'-4+9=3','-4+9=5',single,5,3,5,,,,,,,,,,'-;4;+;9;=;3','-;4;+;9;=;5'
457,'-6--8=3','-6--8=2',single,6,3,2,,,,,,,,,,'-;6;-;-;8;=;3','-;6;-;-;8;=;2'
458,'-5--8=-3','-9--6=-3',multi,4,8,6,1,5,9,,,,,,,'-;5;-;-;8;=;-;3','-;9;-;-;6;=;-;3'
459,'-3=11+-7','-3=4+-7',single,3,11,4,,,,,,,,,,'-;3;=;11;+;-;7','-;3;=;4;+;-;7'
460,'-1+-0=-10','-1+-9=-10',single,4,0,9,,,,,,,,,,'-;1;+;-;0;=;-;1;0','-;1;+;-;9;=;-;1;0'
461,'2+-7=-3','2+-7=-5',single,6,3,5,,,,,,,,,,'2;+;-;7;=;-;3','2;+;-;7;=;-;5'
462,'-5--1=-11','-5--1=-4',single,7,11,4,,,,,,,,,,'-;5;-;-;1;=;-;11','-;5;-;-;1;=;-;4'
463,'-6+6=9','-6+6=0',single,5,9,0,,,,,,,,,,'-;6;+;6;=;9','-;6;+;6;=;0'
464,'-8+3=-3','-8+5=-3',single,3,3,5,,,,,,,,,,'-;8;+;3;=;-;3','-;8;+;5;=;-;3'
465,'9+-9=6','9+-9=0',single,5,6,0,,,,,,,,,,'9;+;-;9;=;6','9;+;-;9;=;0'
466,'-11+11=9','-11+11=0',single,5,9,0,,,,,,,,,,'-;11;+;11;=;9','-;11;+;11;=;0'
467,'-6=-4--2','-6--4=-2',multi,2,=,-,5,-,=,,,,,,,'-;6;=;-;4;-;-;2','-;6;-;-;4;=;-;2'
468,'-8+5=3','-6+9=3',multi,1,8,6,3,5,9,,,,,,,'-;8;+;5;=;3','-;6;+;9;=;3'
469,'-1+-5=-72','-7+-5=-12',multi,7,7,1,1,1,7,,,,,,,'-;1;+;-;5;=;-;7;2','-;7;+;-;5;=;-;1;2'
470,'-3+6=1','-5+6=1',single,1,3,5,,,,,,,,,,'-;3;+;6;=;1','-;5;+;6;=;1'
471,'-16=-4+-6','-10=-4+-6',single,2,6,0,,,,,,,,,,'-;1;6;=;-;4;+;-;6','-;1;0;=;-;4;+;-;6'
472,'-6+-9=-13','-5+-8=-13',multi,1,6,5,4,9,8,,,,,,,'-;6;+;-;9;=;-;1;3','-;5;+;-;8;=;-;1;3'
473,'-3--11=6','-5--11=6',single,1,3,5,,,,,,,,,,'-;3;-;-;11;=;6','-;5;-;-;11;=;6'
474,'-4=-3--1','-4--3=-1',multi,2,=,-,5,-,=,,,,,,,'-;4;=;-;3;-;-;1','-;4;-;-;3;=;-;1'
475,'-1+-8=-75','-7+-8=-15',multi,7,7,1,1,1,7,,,,,,,'-;1;+;-;8;=;-;7;5','-;7;+;-;8;=;-;1;5'
476,'6+-9=-2','6+-9=-3',single,6,2,3,,,,,,,,,,'6;+;-;9;=;-;2','6;+;-;9;=;-;3'
477,'-2+4=1','-3+4=1',single,1,2,3,,,,,,,,,,'-;2;+;4;=;1','-;3;+;4;=;1'
478,'4+-9=2','11+-9=2',single,0,4,11,,,,,,,,,,'4;+;-;9;=;2','11;+;-;9;=;2'
479,'-9+-11=-17','-6+-11=-17',single,1,9,6,,,,,,,,,,'-;9;+;-;11;=;-;1;7','-;6;+;-;11;=;-;1;7'
480,'-0--11=5','-6--11=5',single,1,0,6,,,,,,,,,,'-;0;-;-;11;=;5','-;6;-;-;11;=;5'
481,'-3+6=4','-2+6=4',single,1,3,2,,,,,,,,,,'-;3;+;6;=;4','-;2;+;6;=;4'
482,'-2+5=5','-2+5=3',single,5,5,3,,,,,,,,,,'-;2;+;5;=;5','-;2;+;5;=;3'
483,'-0=-5+-4','-9=-5+-4',single,1,0,9,,,,,,,,,,'-;0;=;-;5;+;-;4','-;9;=;-;5;+;-;4'
484,'-7--9=3','-7--9=2',single,6,3,2,,,,,,,,,,'-;7;-;-;9;=;3','-;7;-;-;9;=;2'
485,'-5+5=-2','-5+3=-2',single,3,5,3,,,,,,,,,,'-;5;+;5;=;-;2','-;5;+;3;=;-;2'
486,'-5--2=-2','-5--2=-3',single,7,2,3,,,,,,,,,,'-;5;-;-;2;=;-;2','-;5;-;-;2;=;-;3'
487,'-0--6=0','-6--6=0',single,1,0,6,,,,,,,,,,'-;0;-;-;6;=;0','-;6;-;-;6;=;0'
488,'-0--8=2','-6--8=2',single,1,0,6,,,,,,,,,,'-;0;-;-;8;=;2','-;6;-;-;8;=;2'
489,'-9+-9=-15','-6+-9=-15',single,1,9,6,,,,,,,,,,'-;9;+;-;9;=;-;1;5','-;6;+;-;9;=;-;1;5'
490,'-7+2=-3','-7+2=-5',single,6,3,5,,,,,,,,,,'-;7;+;2;=;-;3','-;7;+;2;=;-;5'
491,'-4=2+-9','-4=2+-6',single,6,9,6,,,,,,,,,,'-;4;=;2;+;-;9','-;4;=;2;+;-;6'
492,'-7--4=-2','-7--4=-3',single,7,2,3,,,,,,,,,,'-;7;-;-;4;=;-;2','-;7;-;-;4;=;-;3'
493,'-4+3=-8','-11+3=-8',single,1,4,11,,,,,,,,,,'-;4;+;3;=;-;8','-;11;+;3;=;-;8'
494,'0=-9+6','0=-9+9',single,5,6,9,,,,,,,,,,'0;=;-;9;+;6','0;=;-;9;+;9'
495,'7+-9=1','7+-6=1',single,3,9,6,,,,,,,,,,'7;+;-;9;=;1','7;+;-;6;=;1'
496,'-2+-4=-9','-2+-4=-6',single,7,9,6,,,,,,,,,,'-;2;+;-;4;=;-;9','-;2;+;-;4;=;-;6'
497,'-5+-8=-15','-6+-9=-15',multi,4,8,9,1,5,6,,,,,,,'-;5;+;-;8;=;-;1;5','-;6;+;-;9;=;-;1;5'
498,'2=11+-8','3=11+-8',single,0,2,3,,,,,,,,,,'2;=;11;+;-;8','3;=;11;+;-;8'
499,'-5+8=-3','-9+6=-3',multi,3,8,6,1,5,9,,,,,,,'-;5;+;8;=;-;3','-;9;+;6;=;-;3'
500,'-6--9=5','-6--9=3',single,6,5,3,,,,,,,,,,'-;6;-;-;9;=;5','-;6;-;-;9;=;3'
501,'-8+-5=-15','-6+-9=-15',multi,1,8,6,4,5,9,,,,,,,'-;8;+;-;5;=;-;1;5','-;6;+;-;9;=;-;1;5'
502,'-9--0=0','-9--9=0',single,4,0,9,,,,,,,,,,'-;9;-;-;0;=;0','-;9;-;-;9;=;0'
503,'11+-8=-4','4+-8=-4',single,0,11,4,,,,,,,,,,'11;+;-;8;=;-;4','4;+;-;8;=;-;4'
504,'-2+-7=-0','-2+-7=-9',single,7,0,9,,,,,,,,,,'-;2;+;-;7;=;-;0','-;2;+;-;7;=;-;9'
505,'-1--6=-7','-7--6=-1',multi,7,7,1,1,1,7,,,,,,,'-;1;-;-;6;=;-;7','-;7;-;-;6;=;-;1'
506,'-5+3=-3','-5+2=-3',single,3,3,2,,,,,,,,,,'-;5;+;3;=;-;3','-;5;+;2;=;-;3'
507,'6=5+-5','0=5+-5',single,0,6,0,,,,,,,,,,'6;=;5;+;-;5','0;=;5;+;-;5'
508,'-3=-8+3','-5=-8+3',single,1,3,5,,,,,,,,,,'-;3;=;-;8;+;3','-;5;=;-;8;+;3'
509,'3+-2=0','3+-3=0',single,3,2,3,,,,,,,,,,'3;+;-;2;=;0','3;+;-;3;=;0'
510,'-5+0=1','-5+6=1',single,3,0,6,,,,,,,,,,'-;5;+;0;=;1','-;5;+;6;=;1'
511,'-8+-0=-17','-8+-9=-17',single,4,0,9,,,,,,,,,,'-;8;+;-;0;=;-;1;7','-;8;+;-;9;=;-;1;7'
512,'5+-5=9','5+-5=0',single,5,9,0,,,,,,,,,,'5;+;-;5;=;9','5;+;-;5;=;0'
513,'-4--7=2','-4--7=3',single,6,2,3,,,,,,,,,,'-;4;-;-;7;=;2','-;4;-;-;7;=;3'
514,'-8--5=-5','-8--3=-5',single,4,5,3,,,,,,,,,,'-;8;-;-;5;=;-;5','-;8;-;-;3;=;-;5'
515,'7+-2=4','7+-3=4',single,3,2,3,,,,,,,,,,'7;+;-;2;=;4','7;+;-;3;=;4'
516,'-1+5=11','-1+5=4',single,5,11,4,,,,,,,,,,'-;1;+;5;=;11','-;1;+;5;=;4'
517,'-0+4=-2','-6+4=-2',single,1,0,6,,,,,,,,,,'-;0;+;4;=;-;2','-;6;+;4;=;-;2'
518,'6=-4+4','0=-4+4',single,0,6,0,,,,,,,,,,'6;=;-;4;+;4','0;=;-;4;+;4'
519,'-3+-3=-9','-3+-3=-6',single,7,9,6,,,,,,,,,,'-;3;+;-;3;=;-;9','-;3;+;-;3;=;-;6'
520,'-2--6=3','-3--6=3',single,1,2,3,,,,,,,,,,'-;2;-;-;6;=;3','-;3;-;-;6;=;3'
521,'-8+0=1','-8+9=1',single,3,0,9,,,,,,,,,,'-;8;+;0;=;1','-;8;+;9;=;1'
522,'-2+6=7','-2+9=7',single,3,6,9,,,,,,,,,,'-;2;+;6;=;7','-;2;+;9;=;7'
523,'7+-1=9','7+-1=6',single,5,9,6,,,,,,,,,,'7;+;-;1;=;9','7;+;-;1;=;6'
524,'7+-4=-4','7+-11=-4',single,3,4,11,,,,,,,,,,'7;+;-;4;=;-;4','7;+;-;11;=;-;4'
525,'-7+4=-5','-7+4=-3',single,6,5,3,,,,,,,,,,'-;7;+;4;=;-;5','-;7;+;4;=;-;3'
526,'2+-5=-1','2+-3=-1',single,3,5,3,,,,,,,,,,'2;+;-;5;=;-;1','2;+;-;3;=;-;1'
527,'-8+0=8','-8+8=0',multi,5,8,0,3,0,8,,,,,,,'-;8;+;0;=;8','-;8;+;8;=;0'
528,'-3=-1--2','-3--1=-2',multi,2,=,-,5,-,=,,,,,,,'-;3;=;-;1;-;-;2','-;3;-;-;1;=;-;2'
529,'5+-11=1','5+-4=1',single,3,11,4,,,,,,,,,,'5;+;-;11;=;1','5;+;-;4;=;1'
530,'-0+8=-1','-9+8=-1',single,1,0,9,,,,,,,,,,'-;0;+;8;=;-;1','-;9;+;8;=;-;1'
531,'4+-3=8','11+-3=8',single,0,4,11,,,,,,,,,,'4;+;-;3;=;8','11;+;-;3;=;8'
532,'-7+-11=-11','-7+-4=-11',single,4,11,4,,,,,,,,,,'-;7;+;-;11;=;-;11','-;7;+;-;4;=;-;11'
533,'4=-1+3','4=-1+5',single,5,3,5,,,,,,,,,,'4;=;-;1;+;3','4;=;-;1;+;5'
534,'2+-9=-6','3+-9=-6',single,0,2,3,,,,,,,,,,'2;+;-;9;=;-;6','3;+;-;9;=;-;6'
535,'3+-5=0','5+-5=0',single,0,3,5,,,,,,,,,,'3;+;-;5;=;0','5;+;-;5;=;0'
536,'-3--3=-2','-5--3=-2',single,1,3,5,,,,,,,,,,'-;3;-;-;3;=;-;2','-;5;-;-;3;=;-;2'
537,'-11--8=-5','-11--8=-3',single,7,5,3,,,,,,,,,,'-;11;-;-;8;=;-;5','-;11;-;-;8;=;-;3'
538,'-3+-7=-16','-3+-7=-10',single,8,6,0,,,,,,,,,,'-;3;+;-;7;=;-;1;6','-;3;+;-;7;=;-;1;0'
539,'-3--9=4','-5--9=4',single,1,3,5,,,,,,,,,,'-;3;-;-;9;=;4','-;5;-;-;9;=;4'
540,'-0+1=-5','-6+1=-5',single,1,0,6,,,,,,,,,,'-;0;+;1;=;-;5','-;6;+;1;=;-;5'
541,'7+-9=-3','7+-9=-2',single,6,3,2,,,,,,,,,,'7;+;-;9;=;-;3','7;+;-;9;=;-;2'
542,'-3+11=1','-3+4=1',single,3,11,4,,,,,,,,,,'-;3;+;11;=;1','-;3;+;4;=;1'
543,'-11--6=-2','-11--9=-2',single,4,6,9,,,,,,,,,,'-;11;-;-;6;=;-;2','-;11;-;-;9;=;-;2'
544,'9+-4=3','9+-4=5',single,5,3,5,,,,,,,,,,'9;+;-;4;=;3','9;+;-;4;=;5'
545,'0+-7=-1','6+-7=-1',single,0,0,6,,,,,,,,,,'0;+;-;7;=;-;1','6;+;-;7;=;-;1'
546,'-5+8=5','-5+8=3',single,5,5,3,,,,,,,,,,'-;5;+;8;=;5','-;5;+;8;=;3'
547,'-4--6=5','-4--9=5',single,4,6,9,,,,,,,,,,'-;4;-;-;6;=;5','-;4;-;-;9;=;5'
548,'9+-5=11','9+-5=4',single,5,11,4,,,,,,,,,,'9;+;-;5;=;11','9;+;-;5;=;4'
549,'-11+8=4','-4+8=4',single,1,11,4,,,,,,,,,,'-;11;+;8;=;4','-;4;+;8;=;4'
550,'-4=-7-3','-4--7=3',multi,2,=,-,5,-,=,,,,,,,'-;4;=;-;7;-;3','-;4;-;-;7;=;3'
551,'-2+-4=-0','-2+-4=-6',single,7,0,6,,,,,,,,,,'-;2;+;-;4;=;-;0','-;2;+;-;4;=;-;6'
552,'-9+-4=-15','-9+-4=-13',single,8,5,3,,,,,,,,,,'-;9;+;-;4;=;-;1;5','-;9;+;-;4;=;-;1;3'
553,'-6+-7=-12','-6+-7=-13',single,8,2,3,,,,,,,,,,'-;6;+;-;7;=;-;1;2','-;6;+;-;7;=;-;1;3'
554,'-6+2=-3','-6+3=-3',single,3,2,3,,,,,,,,,,'-;6;+;2;=;-;3','-;6;+;3;=;-;3'
555,'-9=-5--4','-9--5=-4',multi,2,=,-,5,-,=,,,,,,,'-;9;=;-;5;-;-;4','-;9;-;-;5;=;-;4'
556,'-4--2=-3','-4--2=-2',single,7,3,2,,,,,,,,,,'-;4;-;-;2;=;-;3','-;4;-;-;2;=;-;2'
557,'9+-6=-3','5+-8=-3',multi,0,9,5,3,6,8,,,,,,,'9;+;-;6;=;-;3','5;+;-;8;=;-;3'
558,'4+-4=9','4+-4=0',single,5,9,0,,,,,,,,,,'4;+;-;4;=;9','4;+;-;4;=;0'
559,'-3+-8=-5','-3+-6=-9',multi,4,8,6,7,5,9,,,,,,,'-;3;+;-;8;=;-;5','-;3;+;-;6;=;-;9'
560,'-3+-3=-8','-3+-5=-8',single,4,3,5,,,,,,,,,,'-;3;+;-;3;=;-;8','-;3;+;-;5;=;-;8'
561,'-9--11=3','-9--11=2',single,6,3,2,,,,,,,,,,'-;9;-;-;11;=;3','-;9;-;-;11;=;2'
562,'-11--7=-11','-11--7=-4',single,7,11,4,,,,,,,,,,'-;11;-;-;7;=;-;11','-;11;-;-;7;=;-;4'
563,'-8--6=-3','-8--6=-2',single,7,3,2,,,,,,,,,,'-;8;-;-;6;=;-;3','-;8;-;-;6;=;-;2'
564,'-3+1=-1','-2+1=-1',single,1,3,2,,,,,,,,,,'-;3;+;1;=;-;1','-;2;+;1;=;-;1'
565,'-5--5=-2','-5--3=-2',single,4,5,3,,,,,,,,,,'-;5;-;-;5;=;-;2','-;5;-;-;3;=;-;2'
566,'9+-3=4','9+-5=4',single,3,3,5,,,,,,,,,,'9;+;-;3;=;4','9;+;-;5;=;4'
567,'-5--9=-4','-9--5=-4',multi,4,9,5,1,5,9,,,,,,,'-;5;-;-;9;=;-;4','-;9;-;-;5;=;-;4'
568,'-11--1=-16','-11--1=-10',single,8,6,0,,,,,,,,,,'-;11;-;-;1;=;-;1;6','-;11;-;-;1;=;-;1;0'
569,'-9=-7--2','-9--7=-2',multi,2,=,-,5,-,=,,,,,,,'-;9;=;-;7;-;-;2','-;9;-;-;7;=;-;2'
570,'6+-11=-3','6+-11=-5',single,6,3,5,,,,,,,,,,'6;+;-;11;=;-;3','6;+;-;11;=;-;5'
571,'8+-5=5','8+-3=5',single,3,5,3,,,,,,,,,,'8;+;-;5;=;5','8;+;-;3;=;5'
572,'-7=-2+-3','-7=-2+-5',single,7,3,5,,,,,,,,,,'-;7;=;-;2;+;-;3','-;7;=;-;2;+;-;5'
573,'-6--11=-2','-6--4=-2',single,4,11,4,,,,,,,,,,'-;6;-;-;11;=;-;2','-;6;-;-;4;=;-;2'
574,'-5--9=1','-5--6=1',single,4,9,6,,,,,,,,,,'-;5;-;-;9;=;1','-;5;-;-;6;=;1'
575,'-9+-3=-11','-9+-2=-11',single,4,3,2,,,,,,,,,,'-;9;+;-;3;=;-;11','-;9;+;-;2;=;-;11'
576,'-5+9=11','-5+9=4',single,5,11,4,,,,,,,,,,'-;5;+;9;=;11','-;5;+;9;=;4'
577,'-4+1=-2','-4+1=-3',single,6,2,3,,,,,,,,,,'-;4;+;1;=;-;2','-;4;+;1;=;-;3'
578,'-3=6+-0','-3=6+-9',single,6,0,9,,,,,,,,,,'-;3;=;6;+;-;0','-;3;=;6;+;-;9'
579,'-5+-4=-6','-5+-4=-9',single,7,6,9,,,,,,,,,,'-;5;+;-;4;=;-;6','-;5;+;-;4;=;-;9'
580,'-8+-11=-10','-8+-11=-19',single,8,0,9,,,,,,,,,,'-;8;+;-;11;=;-;1;0','-;8;+;-;11;=;-;1;9'
581,'-9+5=4','-5+9=4',multi,1,9,5,3,5,9,,,,,,,'-;9;+;5;=;4','-;5;+;9;=;4'
582,'-7--3=-2','-7--5=-2',single,4,3,5,,,,,,,,,,'-;7;-;-;3;=;-;2','-;7;-;-;5;=;-;2'
583,'-11--5=-0','-11--5=-6',single,7,0,6,,,,,,,,,,'-;11;-;-;5;=;-;0','-;11;-;-;5;=;-;6'
584,'9+-9=-3','6+-9=-3',single,0,9,6,,,,,,,,,,'9;+;-;9;=;-;3','6;+;-;9;=;-;3'
585,'-7--9=-1','-7--6=-1',single,4,9,6,,,,,,,,,,'-;7;-;-;9;=;-;1','-;7;-;-;6;=;-;1'
586,'-9+3=-0','-9+3=-6',single,6,0,6,,,,,,,,,,'-;9;+;3;=;-;0','-;9;+;3;=;-;6'
587,'-10=-6+-1','-10=-9+-1',single,5,6,9,,,,,,,,,,'-;1;0;=;-;6;+;-;1','-;1;0;=;-;9;+;-;1'
588,'11+-0=2','11+-9=2',single,3,0,9,,,,,,,,,,'11;+;-;0;=;2','11;+;-;9;=;2'
589,'0=-11+4','0=-4+4',single,3,11,4,,,,,,,,,,'0;=;-;11;+;4','0;=;-;4;+;4'
590,'-1+-6=-10','-1+-9=-10',single,4,6,9,,,,,,,,,,'-;1;+;-;6;=;-;1;0','-;1;+;-;9;=;-;1;0'
591,'-9+0=0','-9+9=0',single,3,0,9,,,,,,,,,,'-;9;+;0;=;0','-;9;+;9;=;0'
592,'-11+-3=-16','-11+-5=-16',single,4,3,5,,,,,,,,,,'-;11;+;-;3;=;-;1;6','-;11;+;-;5;=;-;1;6'
593,'-1+1=6','-1+1=0',single,5,6,0,,,,,,,,,,'-;1;+;1;=;6','-;1;+;1;=;0'
594,'-9+-8=-71','-9+-8=-17',multi,7,7,1,8,1,7,,,,,,,'-;9;+;-;8;=;-;7;1','-;9;+;-;8;=;-;1;7'
595,'6+-5=4','9+-5=4',single,0,6,9,,,,,,,,,,'6;+;-;5;=;4','9;+;-;5;=;4'
596,'-3+-6=-0','-3+-6=-9',single,7,0,9,,,,,,,,,,'-;3;+;-;6;=;-;0','-;3;+;-;6;=;-;9'
597,'-9=-3+-0','-9=-3+-6',single,7,0,6,,,,,,,,,,'-;9;=;-;3;+;-;0','-;9;=;-;3;+;-;6'
598,'9+-4=2','6+-4=2',single,0,9,6,,,,,,,,,,'9;+;-;4;=;2','6;+;-;4;=;2'
599,'-4--1=-2','-4--1=-3',single,7,2,3,,,,,,,,,,'-;4;-;-;1;=;-;2','-;4;-;-;1;=;-;3'
600,'-5+4=6','-5+11=6',single,3,4,11,,,,,,,,,,'-;5;+;4;=;6','-;5;+;11;=;6'
601,'3+-0=-3','3+-6=-3',single,3,0,6,,,,,,,,,,'3;+;-;0;=;-;3','3;+;-;6;=;-;3'
602,'11+-2=2','4+-2=2',single,0,11,4,,,,,,,,,,'11;+;-;2;=;2','4;+;-;2;=;2'
603,'-2--2=-1','-3--2=-1',single,1,2,3,,,,,,,,,,'-;2;-;-;2;=;-;1','-;3;-;-;2;=;-;1'
604,'-6--2=-8','-8--2=-6',multi,7,8,6,1,6,8,,,,,,,'-;6;-;-;2;=;-;8','-;8;-;-;2;=;-;6'
605,'-9--7=-3','-9--7=-2',single,7,3,2,,,,,,,,,,'-;9;-;-;7;=;-;3','-;9;-;-;7;=;-;2'
606,'4+-2=3','4+-2=2',single,5,3,2,,,,,,,,,,'4;+;-;2;=;3','4;+;-;2;=;2'
607,'7+-4=5','7+-4=3',single,5,5,3,,,,,,,,,,'7;+;-;4;=;5','7;+;-;4;=;3'
608,'-7--5=-4','-7--3=-4',single,4,5,3,,,,,,,,,,'-;7;-;-;5;=;-;4','-;7;-;-;3;=;-;4'
609,'-3+3=6','-3+3=0',single,5,6,0,,,,,,,,,,'-;3;+;3;=;6','-;3;+;3;=;0'
610,'-3+0=6','-3+9=6',single,3,0,9,,,,,,,,,,'-;3;+;0;=;6','-;3;+;9;=;6'
611,'-7+-8=-13','-7+-8=-15',single,8,3,5,,,,,,,,,,'-;7;+;-;8;=;-;1;3','-;7;+;-;8;=;-;1;5'
612,'-2+-1=-4','-3+-1=-4',single,1,2,3,,,,,,,,,,'-;2;+;-;1;=;-;4','-;3;+;-;1;=;-;4'
613,'6+-6=-3','6+-9=-3',single,3,6,9,,,,,,,,,,'6;+;-;6;=;-;3','6;+;-;9;=;-;3'
614,'-6--11=3','-6--11=5',single,6,3,5,,,,,,,,,,'-;6;-;-;11;=;3','-;6;-;-;11;=;5'
615,'2+-1=2','3+-1=2',single,0,2,3,,,,,,,,,,'2;+;-;1;=;2','3;+;-;1;=;2'
616,'-2+9=4','-2+6=4',single,3,9,6,,,,,,,,,,'-;2;+;9;=;4','-;2;+;6;=;4'
617,'-7+-9=-19','-7+-9=-16',single,8,9,6,,,,,,,,,,'-;7;+;-;9;=;-;1;9','-;7;+;-;9;=;-;1;6'
618,'-2+6=3','-3+6=3',single,1,2,3,,,,,,,,,,'-;2;+;6;=;3','-;3;+;6;=;3'
619,'-0+-7=-16','-9+-7=-16',single,1,0,9,,,,,,,,,,'-;0;+;-;7;=;-;1;6','-;9;+;-;7;=;-;1;6'
620,'11+-6=2','11+-9=2',single,3,6,9,,,,,,,,,,'11;+;-;6;=;2','11;+;-;9;=;2'
621,'-8--5=3','-6--9=3',multi,1,8,6,4,5,9,,,,,,,'-;8;-;-;5;=;3','-;6;-;-;9;=;3'
622,'-0+2=-4','-6+2=-4',single,1,0,6,,,,,,,,,,'-;0;+;2;=;-;4','-;6;+;2;=;-;4'
623,'-4+-2=-7','-4+-3=-7',single,4,2,3,,,,,,,,,,'-;4;+;-;2;=;-;7','-;4;+;-;3;=;-;7'
624,'0+-5=4','9+-5=4',single,0,0,9,,,,,,,,,,'0;+;-;5;=;4','9;+;-;5;=;4'
625,'-9=-11-2','-9--11=2',multi,2,=,-,5,-,=,,,,,,,'-;9;=;-;11;-;2','-;9;-;-;11;=;2'
626,'-11=-9+5','-4=-9+5',single,1,11,4,,,,,,,,,,'-;11;=;-;9;+;5','-;4;=;-;9;+;5'
627,'-7+0=-1','-7+6=-1',single,3,0,6,,,,,,,,,,'-;7;+;0;=;-;1','-;7;+;6;=;-;1'
628,'-0--7=-2','-9--7=-2',single,1,0,9,,,,,,,,,,'-;0;-;-;7;=;-;2','-;9;-;-;7;=;-;2'
629,'-9+-3=-14','-9+-5=-14',single,4,3,5,,,,,,,,,,'-;9;+;-;3;=;-;1;4','-;9;+;-;5;=;-;1;4'
630,'-6+-4=-19','-6+-4=-10',single,8,9,0,,,,,,,,,,'-;6;+;-;4;=;-;1;9','-;6;+;-;4;=;-;1;0'
631,'6+-9=0','6+-6=0',single,3,9,6,,,,,,,,,,'6;+;-;9;=;0','6;+;-;6;=;0'
632,'-5+4=-9','-9+4=-5',multi,6,9,5,1,5,9,,,,,,,'-;5;+;4;=;-;9','-;9;+;4;=;-;5'
633,'1+-11=-19','1+-11=-10',single,7,9,0,,,,,,,,,,'1;+;-;11;=;-;1;9','1;+;-;11;=;-;1;0'
634,'-2=-9-7','-2--9=7',multi,2,=,-,5,-,=,,,,,,,'-;2;=;-;9;-;7','-;2;-;-;9;=;7'
635,'8+-11=-2','8+-11=-3',single,6,2,3,,,,,,,,,,'8;+;-;11;=;-;2','8;+;-;11;=;-;3'
636,'-11+11=6','-11+11=0',single,5,6,0,,,,,,,,,,'-;11;+;11;=;6','-;11;+;11;=;0'
637,'11+-6=-2','4+-6=-2',single,0,11,4,,,,,,,,,,'11;+;-;6;=;-;2','4;+;-;6;=;-;2'
638,'2=-1--5','2=-1--3',single,6,5,3,,,,,,,,,,'2;=;-;1;-;-;5','2;=;-;1;-;-;3'
639,'-5--3=-3','-5--3=-2',single,7,3,2,,,,,,,,,,'-;5;-;-;3;=;-;3','-;5;-;-;3;=;-;2'
640,'-8+2=-9','-8+2=-6',single,6,9,6,,,,,,,,,,'-;8;+;2;=;-;9','-;8;+;2;=;-;6'
641,'0+-4=5','9+-4=5',single,0,0,9,,,,,,,,,,'0;+;-;4;=;5','9;+;-;4;=;5'
642,'-11+7=3','-4+7=3',single,1,11,4,,,,,,,,,,'-;11;+;7;=;3','-;4;+;7;=;3'
643,'1=-1--3','1=-1--2',single,6,3,2,,,,,,,,,,'1;=;-;1;-;-;3','1;=;-;1;-;-;2'
644,'-5+-5=-8','-5+-3=-8',single,4,5,3,,,,,,,,,,'-;5;+;-;5;=;-;8','-;5;+;-;3;=;-;8'
645,'2=-6--9','3=-6--9',single,0,2,3,,,,,,,,,,'2;=;-;6;-;-;9','3;=;-;6;-;-;9'
646,'11+-11=-7','4+-11=-7',single,0,11,4,,,,,,,,,,'11;+;-;11;=;-;7','4;+;-;11;=;-;7'
647,'-5=-11-6','-5--11=6',multi,2,=,-,5,-,=,,,,,,,'-;5;=;-;11;-;6','-;5;-;-;11;=;6'
648,'-8+-8=-10','-8+-8=-16',single,8,0,6,,,,,,,,,,'-;8;+;-;8;=;-;1;0','-;8;+;-;8;=;-;1;6'
649,'-11--11=6','-11--11=0',single,6,6,0,,,,,,,,,,'-;11;-;-;11;=;6','-;11;-;-;11;=;0'
650,'-6+4=-3','-6+4=-2',single,6,3,2,,,,,,,,,,'-;6;+;4;=;-;3','-;6;+;4;=;-;2'
651,'11+-5=9','11+-5=6',single,5,9,6,,,,,,,,,,'11;+;-;5;=;9','11;+;-;5;=;6'
652,'-8--3=-3','-8--3=-5',single,7,3,5,,,,,,,,,,'-;8;-;-;3;=;-;3','-;8;-;-;3;=;-;5'
653,'-4--9=-2','-11--9=-2',single,1,4,11,,,,,,,,,,'-;4;-;-;9;=;-;2','-;11;-;-;9;=;-;2'
654,'-0--6=-3','-9--6=-3',single,1,0,9,,,,,,,,,,'-;0;-;-;6;=;-;3','-;9;-;-;6;=;-;3'
655,'2+-4=-9','2+-11=-9',single,3,4,11,,,,,,,,,,'2;+;-;4;=;-;9','2;+;-;11;=;-;9'
656,'8+-11=4','8+-4=4',single,3,11,4,,,,,,,,,,'8;+;-;11;=;4','8;+;-;4;=;4'
657,'-8+-3=-5','-6+-3=-9',multi,1,8,6,7,5,9,,,,,,,'-;8;+;-;3;=;-;5','-;6;+;-;3;=;-;9'
658,'-6--6=-3','-9--6=-3',single,1,6,9,,,,,,,,,,'-;6;-;-;6;=;-;3','-;9;-;-;6;=;-;3'
659,'3+-1=3','3+-1=2',single,5,3,2,,,,,,,,,,'3;+;-;1;=;3','3;+;-;1;=;2'
660,'-6--9=0','-6--6=0',single,4,9,6,,,,,,,,,,'-;6;-;-;9;=;0','-;6;-;-;6;=;0'
661,'-8+-11=-16','-8+-11=-19',single,8,6,9,,,,,,,,,,'-;8;+;-;11;=;-;1;6','-;8;+;-;11;=;-;1;9'
662,'-11--1=-3','-4--1=-3',single,1,11,4,,,,,,,,,,'-;11;-;-;1;=;-;3','-;4;-;-;1;=;-;3'
663,'2+-11=-6','2+-11=-9',single,6,6,9,,,,,,,,,,'2;+;-;11;=;-;6','2;+;-;11;=;-;9'
664,'-5--8=2','-5--8=3',single,6,2,3,,,,,,,,,,'-;5;-;-;8;=;2','-;5;-;-;8;=;3'
665,'-4--4=7','-4--11=7',single,4,4,11,,,,,,,,,,'-;4;-;-;4;=;7','-;4;-;-;11;=;7'
666,'-6+-1=-73','-6+-7=-13',multi,7,7,1,4,1,7,,,,,,,'-;6;+;-;1;=;-;7;3','-;6;+;-;7;=;-;1;3'
667,'-2--7=3','-2--7=5',single,6,3,5,,,,,,,,,,'-;2;-;-;7;=;3','-;2;-;-;7;=;5'
668,'-6+11=2','-9+11=2',single,1,6,9,,,,,,,,,,'-;6;+;11;=;2','-;9;+;11;=;2'
669,'-8=-11-3','-8--11=3',multi,2,=,-,5,-,=,,,,,,,'-;8;=;-;11;-;3','-;8;-;-;11;=;3'
670,'-1=5+-4','-1=3+-4',single,3,5,3,,,,,,,,,,'-;1;=;5;+;-;4','-;1;=;3;+;-;4'
671,'-4=3+-9','-4=5+-9',single,3,3,5,,,,,,,,,,'-;4;=;3;+;-;9','-;4;=;5;+;-;9'
672,'-4+-6=-17','-11+-6=-17',single,1,4,11,,,,,,,,,,'-;4;+;-;6;=;-;1;7','-;11;+;-;6;=;-;1;7'
673,'1+-3=-4','1+-5=-4',single,3,3,5,,,,,,,,,,'1;+;-;3;=;-;4','1;+;-;5;=;-;4'
674,'-4--11=0','-11--11=0',single,1,4,11,,,,,,,,,,'-;4;-;-;11;=;0','-;11;-;-;11;=;0'
675,'-3--8=3','-3--8=5',single,6,3,5,,,,,,,,,,'-;3;-;-;8;=;3','-;3;-;-;8;=;5'
676,'11+-5=-1','4+-5=-1',single,0,11,4,,,,,,,,,,'11;+;-;5;=;-;1','4;+;-;5;=;-;1'
677,'-11+-11=-15','-4+-11=-15',single,1,11,4,,,,,,,,,,'-;11;+;-;11;=;-;1;5','-;4;+;-;11;=;-;1;5'
678,'-7+-5=-18','-7+-9=-16',multi,8,8,6,4,5,9,,,,,,,'-;7;+;-;5;=;-;1;8','-;7;+;-;9;=;-;1;6'
679,'9+-3=-6','3+-9=-6',multi,0,9,3,3,3,9,,,,,,,'9;+;-;3;=;-;6','3;+;-;9;=;-;6'
680,'-4+-7=-4','-4+-7=-11',single,7,4,11,,,,,,,,,,'-;4;+;-;7;=;-;4','-;4;+;-;7;=;-;11'
681,'-4+17=1','-4+11=7',multi,4,7,1,3,1,7,5,=,7,6,1,,'-;4;+;1;7;=;1',-;4;+;1;1;=;7'
682,'-0--4=-5','-9--4=-5',single,1,0,9,,,,,,,,,,'-;0;-;-;4;=;-;5','-;9;-;-;4;=;-;5'
683,'-6+-7=-15','-6+-7=-13',single,8,5,3,,,,,,,,,,'-;6;+;-;7;=;-;1;5','-;6;+;-;7;=;-;1;3'
684,'-5+5=6','-5+5=0',single,5,6,0,,,,,,,,,,'-;5;+;5;=;6','-;5;+;5;=;0'
685,'1+-4=-5','1+-4=-3',single,6,5,3,,,,,,,,,,'1;+;-;4;=;-;5','1;+;-;4;=;-;3'
686,'4+-17=-1','4+-11=-7',multi,4,7,1,5,=,-,3,1,7,6,-,7,'4;+;-;1;7;=;-;1',4;+;-;1;1;=;-;7'
687,'-17--1=-4','-11--7=-4',multi,2,7,1,6,=,-,1,1,7,4,-,7,'-;1;7;-;-;1;=;-;4',-;1;1;-;-;7;=;-;4'
688,'0+-4=2','6+-4=2',single,0,0,6,,,,,,,,,,'0;+;-;4;=;2','6;+;-;4;=;2'
689,'7=-6--1','1=-6--7',multi,0,7,1,6,1,7,,,,,,,'7;=;-;6;-;-;1','1;=;-;6;-;-;7'
690,'9+-11=-3','9+-11=-2',single,6,3,2,,,,,,,,,,'9;+;-;11;=;-;3','9;+;-;11;=;-;2'
691,'-7+-1=-74','-7+-7=-14',multi,7,7,1,4,1,7,,,,,,,'-;7;+;-;1;=;-;7;4','-;7;+;-;7;=;-;1;4'
692,'-4+7=-4','-11+7=-4',single,1,4,11,,,,,,,,,,'-;4;+;7;=;-;4','-;11;+;7;=;-;4'
693,'-5--11=0','-5--11=6',single,6,0,6,,,,,,,,,,'-;5;-;-;11;=;0','-;5;-;-;11;=;6'
694,'-5--6=-1','-6--5=-1',multi,4,6,5,1,5,6,,,,,,,'-;5;-;-;6;=;-;1','-;6;-;-;5;=;-;1'
695,'8+-9=1','9+-8=1',multi,0,8,9,3,9,8,,,,,,,'8;+;-;9;=;1','9;+;-;8;=;1'
696,'-7+1=6','-1+7=6',multi,1,7,1,3,1,7,,,,,,,'-;7;+;1;=;6','-;1;+;7;=;6'
697,'-3--5=3','-3--5=2',single,6,3,2,,,,,,,,,,'-;3;-;-;5;=;3','-;3;-;-;5;=;2'
698,'-4+-8=-13','-4+-8=-12',single,8,3,2,,,,,,,,,,'-;4;+;-;8;=;-;1;3','-;4;+;-;8;=;-;1;2'
699,'-9--3=6','-3--9=6',multi,1,9,3,4,3,9,,,,,,,'-;9;-;-;3;=;6','-;3;-;-;9;=;6'
700,'3=-9+6','3=-5+8',multi,3,9,5,5,6,8,,,,,,,'3;=;-;9;+;6','3;=;-;5;+;8'
701,'-2+7=3','-2+7=5',single,5,3,5,,,,,,,,,,'-;2;+;7;=;3','-;2;+;7;=;5'
702,'-4+-11=-13','-4+-11=-15',single,8,3,5,,,,,,,,,,'-;4;+;-;11;=;-;1;3','-;4;+;-;11;=;-;1;5'
703,'-9+7=1','-6+7=1',single,1,9,6,,,,,,,,,,'-;9;+;7;=;1','-;6;+;7;=;1'
704,'-3=-4--8','-3=-11--8',single,4,4,11,,,,,,,,,,'-;3;=;-;4;-;-;8','-;3;=;-;11;-;-;8'
705,'-5+3=-8','-9+3=-6',multi,6,8,6,1,5,9,,,,,,,'-;5;+;3;=;-;8','-;9;+;3;=;-;6'
706,'-6+11=-2','-6+4=-2',single,3,11,4,,,,,,,,,,'-;6;+;11;=;-;2','-;6;+;4;=;-;2'
707,'5+-2=5','5+-2=3',single,5,5,3,,,,,,,,,,'5;+;-;2;=;5','5;+;-;2;=;3'
708,'-8--6=1','-8--9=1',single,4,6,9,,,,,,,,,,'-;8;-;-;6;=;1','-;8;-;-;9;=;1'
709,'-8--2=-0','-8--2=-6',single,7,0,6,,,,,,,,,,'-;8;-;-;2;=;-;0','-;8;-;-;2;=;-;6'
710,'-2+5=1','-2+3=1',single,3,5,3,,,,,,,,,,'-;2;+;5;=;1','-;2;+;3;=;1'
711,'9+-2=6','9+-3=6',single,3,2,3,,,,,,,,,,'9;+;-;2;=;6','9;+;-;3;=;6'
712,'10=4+-1','10=11+-1',single,3,4,11,,,,,,,,,,'1;0;=;4;+;-;1','1;0;=;11;+;-;1'
713,'-9+-4=-10','-6+-4=-10',single,1,9,6,,,,,,,,,,'-;9;+;-;4;=;-;1;0','-;6;+;-;4;=;-;1;0'
714,'-2--11=2','-2--4=2',single,4,11,4,,,,,,,,,,'-;2;-;-;11;=;2','-;2;-;-;4;=;2'
715,'-8+8=6','-8+8=0',single,5,6,0,,,,,,,,,,'-;8;+;8;=;6','-;8;+;8;=;0'
716,'5+-2=1','3+-2=1',single,0,5,3,,,,,,,,,,'5;+;-;2;=;1','3;+;-;2;=;1'
717,'-1+-4=-17','-7+-4=-11',multi,8,7,1,1,1,7,7,1,7,,,,'-;1;+;-;4;=;-;1;7',-;7;+;-;4;=;-;1;1'
718,'-6+-3=-0','-6+-3=-9',single,7,0,9,,,,,,,,,,'-;6;+;-;3;=;-;0','-;6;+;-;3;=;-;9'
719,'7+-3=11','7+-3=4',single,5,11,4,,,,,,,,,,'7;+;-;3;=;11','7;+;-;3;=;4'
720,'-11+2=-8','-11+3=-8',single,3,2,3,,,,,,,,,,'-;11;+;2;=;-;8','-;11;+;3;=;-;8'
721,'2=-2+5','3=-2+5',single,0,2,3,,,,,,,,,,'2;=;-;2;+;5','3;=;-;2;+;5'
722,'-4--17=1','-4--11=7',multi,5,7,1,4,1,7,6,=,7,7,1,,'-;4;-;-;1;7;=;1',-;4;-;-;1;1;=;7'
723,'-8--5=-2','-8--5=-3',single,7,2,3,,,,,,,,,,'-;8;-;-;5;=;-;2','-;8;-;-;5;=;-;3'
724,'11+-11=9','11+-11=0',single,5,9,0,,,,,,,,,,'11;+;-;11;=;9','11;+;-;11;=;0'
725,'-7=-11-4','-7--11=4',multi,2,=,-,5,-,=,,,,,,,'-;7;=;-;11;-;4','-;7;-;-;11;=;4'
726,'-11+2=-6','-11+2=-9',single,6,6,9,,,,,,,,,,'-;11;+;2;=;-;6','-;11;+;2;=;-;9'
727,'-3+1=-4','-5+1=-4',single,1,3,5,,,,,,,,,,'-;3;+;1;=;-;4','-;5;+;1;=;-;4'
728,'-5+-11=-14','-3+-11=-14',single,1,5,3,,,,,,,,,,'-;5;+;-;11;=;-;1;4','-;3;+;-;11;=;-;1;4'
729,'-3+5=8','-3+9=6',multi,5,8,6,3,5,9,,,,,,,'-;3;+;5;=;8','-;3;+;9;=;6'
730,'-1+-9=-8','-1+-8=-9',multi,7,8,9,4,9,8,,,,,,,'-;1;+;-;9;=;-;8','-;1;+;-;8;=;-;9'
731,'8+-2=0','8+-2=6',single,5,0,6,,,,,,,,,,'8;+;-;2;=;0','8;+;-;2;=;6'
732,'-11--9=-5','-11--6=-5',single,4,9,6,,,,,,,,,,'-;11;-;-;9;=;-;5','-;11;-;-;6;=;-;5'
733,'-3--5=0','-5--5=0',single,1,3,5,,,,,,,,,,'-;3;-;-;5;=;0','-;5;-;-;5;=;0'
734,'-7--2=-4','-7--3=-4',single,4,2,3,,,,,,,,,,'-;7;-;-;2;=;-;4','-;7;-;-;3;=;-;4'
735,'-4--3=1','-4--5=1',single,4,3,5,,,,,,,,,,'-;4;-;-;3;=;1','-;4;-;-;5;=;1'
736,'-3--9=7','-2--9=7',single,1,3,2,,,,,,,,,,'-;3;-;-;9;=;7','-;2;-;-;9;=;7'
737,'11+-1=19','11+-1=10',single,6,9,0,,,,,,,,,,'11;+;-;1;=;1;9','11;+;-;1;=;1;0'
738,'-9+6=-5','-9+6=-3',single,6,5,3,,,,,,,,,,'-;9;+;6;=;-;5','-;9;+;6;=;-;3'
739,'-11+3=-9','-11+2=-9',single,3,3,2,,,,,,,,,,'-;11;+;3;=;-;9','-;11;+;2;=;-;9'
740,'8+-5=-3','6+-9=-3',multi,0,8,6,3,5,9,,,,,,,'8;+;-;5;=;-;3','6;+;-;9;=;-;3'
741,'-7+3=-11','-7+3=-4',single,6,11,4,,,,,,,,,,'-;7;+;3;=;-;11','-;7;+;3;=;-;4'
742,'-6--2=-3','-6--3=-3',single,4,2,3,,,,,,,,,,'-;6;-;-;2;=;-;3','-;6;-;-;3;=;-;3'
743,'-5=-2--3','-5--2=-3',multi,2,=,-,5,-,=,,,,,,,'-;5;=;-;2;-;-;3','-;5;-;-;2;=;-;3'
744,'-4+6=-5','-11+6=-5',single,1,4,11,,,,,,,,,,'-;4;+;6;=;-;5','-;11;+;6;=;-;5'
745,'-11--2=-6','-11--2=-9',single,7,6,9,,,,,,,,,,'-;11;-;-;2;=;-;6','-;11;-;-;2;=;-;9'
746,'-7+-6=-19','-7+-8=-15',multi,8,9,5,4,6,8,,,,,,,'-;7;+;-;6;=;-;1;9','-;7;+;-;8;=;-;1;5'
747,'-4--5=9','-4--9=5',multi,6,9,5,4,5,9,,,,,,,'-;4;-;-;5;=;9','-;4;-;-;9;=;5'
748,'-3+-5=-10','-5+-5=-10',single,1,3,5,,,,,,,,,,'-;3;+;-;5;=;-;1;0','-;5;+;-;5;=;-;1;0'
749,'-2+6=8','-2+8=6',multi,5,8,6,3,6,8,,,,,,,'-;2;+;6;=;8','-;2;+;8;=;6'
750,'-7+4=4','-7+11=4',single,3,4,11,,,,,,,,,,'-;7;+;4;=;4','-;7;+;11;=;4'
751,'-2+2=9','-2+2=0',single,5,9,0,,,,,,,,,,'-;2;+;2;=;9','-;2;+;2;=;0'
752,'-11=-3--8','-11--3=-8',multi,2,=,-,5,-,=,,,,,,,'-;11;=;-;3;-;-;8','-;11;-;-;3;=;-;8'
753,'-11+7=-11','-11+7=-4',single,6,11,4,,,,,,,,,,'-;11;+;7;=;-;11','-;11;+;7;=;-;4'
754,'-71--1=-4','-11--7=-4',multi,1,7,1,6,=,-,2,1,7,4,-,7,'-;7;1;-;-;1;=;-;4',-;1;1;-;-;7;=;-;4'
755,'-3+-3=-0','-3+-3=-6',single,7,0,6,,,,,,,,,,'-;3;+;-;3;=;-;0','-;3;+;-;3;=;-;6'
756,'-5--3=-8','-9--3=-6',multi,7,8,6,1,5,9,,,,,,,'-;5;-;-;3;=;-;8','-;9;-;-;3;=;-;6'
757,'-5+-8=-15','-9+-6=-15',multi,4,8,6,1,5,9,,,,,,,'-;5;+;-;8;=;-;1;5','-;9;+;-;6;=;-;1;5'
758,'-1=-6+3','-1=-6+5',single,6,3,5,,,,,,,,,,'-;1;=;-;6;+;3','-;1;=;-;6;+;5'
759,'-11--7=3','-4--7=3',single,1,11,4,,,,,,,,,,'-;11;-;-;7;=;3','-;4;-;-;7;=;3'
760,'-11+9=-5','-11+6=-5',single,3,9,6,,,,,,,,,,'-;11;+;9;=;-;5','-;11;+;6;=;-;5'
761,'-7+3=-2','-7+5=-2',single,3,3,5,,,,,,,,,,'-;7;+;3;=;-;2','-;7;+;5;=;-;2'
762,'-5--5=2','-3--5=2',single,1,5,3,,,,,,,,,,'-;5;-;-;5;=;2','-;3;-;-;5;=;2'
763,'-7+-3=-16','-7+-3=-10',single,8,6,0,,,,,,,,,,'-;7;+;-;3;=;-;1;6','-;7;+;-;3;=;-;1;0'
764,'-9+-9=-15','-9+-6=-15',single,4,9,6,,,,,,,,,,'-;9;+;-;9;=;-;1;5','-;9;+;-;6;=;-;1;5'
765,'-9+-4=-20','-9+-11=-20',single,4,4,11,,,,,,,,,,'-;9;+;-;4;=;-;2;0','-;9;+;-;11;=;-;2;0'
766,'-6+9=0','-9+9=0',single,1,6,9,,,,,,,,,,'-;6;+;9;=;0','-;9;+;9;=;0'
767,'2+-3=-3','2+-5=-3',single,3,3,5,,,,,,,,,,'2;+;-;3;=;-;3','2;+;-;5;=;-;3'
768,'-7+2=-4','-7+3=-4',single,3,2,3,,,,,,,,,,'-;7;+;2;=;-;4','-;7;+;3;=;-;4'
769,'2+-3=0','3+-3=0',single,0,2,3,,,,,,,,,,'2;+;-;3;=;0','3;+;-;3;=;0'
770,'-1--11=19','-1--11=10',single,7,9,0,,,,,,,,,,'-;1;-;-;11;=;1;9','-;1;-;-;11;=;1;0'
771,'-3+1=-3','-3+1=-2',single,6,3,2,,,,,,,,,,'-;3;+;1;=;-;3','-;3;+;1;=;-;2'
772,'-11+1=-16','-11+1=-10',single,7,6,0,,,,,,,,,,'-;11;+;1;=;-;1;6','-;11;+;1;=;-;1;0'
773,'-4--2=-1','-4--3=-1',single,4,2,3,,,,,,,,,,'-;4;-;-;2;=;-;1','-;4;-;-;3;=;-;1'
774,'-8+-9=-14','-8+-6=-14',single,4,9,6,,,,,,,,,,'-;8;+;-;9;=;-;1;4','-;8;+;-;6;=;-;1;4'
775,'-2+3=0','-2+2=0',single,3,3,2,,,,,,,,,,'-;2;+;3;=;0','-;2;+;2;=;0'
776,'8+-6=-2','6+-8=-2',multi,0,8,6,3,6,8,,,,,,,'8;+;-;6;=;-;2','6;+;-;8;=;-;2'
777,'-11+-2=-12','-11+-2=-13',single,8,2,3,,,,,,,,,,'-;11;+;-;2;=;-;1;2','-;11;+;-;2;=;-;1;3'
778,'-5--2=-5','-5--2=-3',single,7,5,3,,,,,,,,,,'-;5;-;-;2;=;-;5','-;5;-;-;2;=;-;3'
779,'3+-3=-1','2+-3=-1',single,0,3,2,,,,,,,,,,'3;+;-;3;=;-;1','2;+;-;3;=;-;1'
780,'-7+11=11','-7+11=4',single,5,11,4,,,,,,,,,,'-;7;+;11;=;11','-;7;+;11;=;4'
781,'6+-1=3','6+-1=5',single,5,3,5,,,,,,,,,,'6;+;-;1;=;3','6;+;-;1;=;5'
782,'7+-2=3','7+-2=5',single,5,3,5,,,,,,,,,,'7;+;-;2;=;3','7;+;-;2;=;5'
783,'-3=-5-2','-3--5=2',multi,2,=,-,5,-,=,,,,,,,'-;3;=;-;5;-;2','-;3;-;-;5;=;2'
784,'-2+-3=-6','-3+-3=-6',single,1,2,3,,,,,,,,,,'-;2;+;-;3;=;-;6','-;3;+;-;3;=;-;6'
785,'-5+3=0','-5+5=0',single,3,3,5,,,,,,,,,,'-;5;+;3;=;0','-;5;+;5;=;0'
786,'-7=-2--5','-7--2=-5',multi,2,=,-,5,-,=,,,,,,,'-;7;=;-;2;-;-;5','-;7;-;-;2;=;-;5'
787,'-9--2=-6','-9--3=-6',single,4,2,3,,,,,,,,,,'-;9;-;-;2;=;-;6','-;9;-;-;3;=;-;6'
788,'-2--8=9','-2--8=6',single,6,9,6,,,,,,,,,,'-;2;-;-;8;=;9','-;2;-;-;8;=;6'
789,'-3--1=-3','-3--1=-2',single,7,3,2,,,,,,,,,,'-;3;-;-;1;=;-;3','-;3;-;-;1;=;-;2'
790,'-11--5=-8','-11--3=-8',single,4,5,3,,,,,,,,,,'-;11;-;-;5;=;-;8','-;11;-;-;3;=;-;8'
791,'-3+-8=-10','-2+-8=-10',single,1,3,2,,,,,,,,,,'-;3;+;-;8;=;-;1;0','-;2;+;-;8;=;-;1;0'
792,'-4+7=2','-4+7=3',single,5,2,3,,,,,,,,,,'-;4;+;7;=;2','-;4;+;7;=;3'
793,'-8+-3=-10','-8+-2=-10',single,4,3,2,,,,,,,,,,'-;8;+;-;3;=;-;1;0','-;8;+;-;2;=;-;1;0'
794,'-3+3=1','-2+3=1',single,1,3,2,,,,,,,,,,'-;3;+;3;=;1','-;2;+;3;=;1'
795,'-9+11=5','-6+11=5',single,1,9,6,,,,,,,,,,'-;9;+;11;=;5','-;6;+;11;=;5'
796,'-6--0=0','-6--6=0',single,4,0,6,,,,,,,,,,'-;6;-;-;0;=;0','-;6;-;-;6;=;0'
797,'-9--3=-3','-6--3=-3',single,1,9,6,,,,,,,,,,'-;9;-;-;3;=;-;3','-;6;-;-;3;=;-;3'
798,'-1+4=10','-1+11=10',single,3,4,11,,,,,,,,,,'-;1;+;4;=;1;0','-;1;+;11;=;1;0'
799,'3=9+-0','3=9+-6',single,5,0,6,,,,,,,,,,'3;=;9;+;-;0','3;=;9;+;-;6'
800,'-1+11=19','-1+11=10',single,6,9,0,,,,,,,,,,'-;1;+;11;=;1;9','-;1;+;11;=;1;0'
801,'-5+-5=-8','-3+-5=-8',single,1,5,3,,,,,,,,,,'-;5;+;-;5;=;-;8','-;3;+;-;5;=;-;8'
802,'-5+-7=-10','-3+-7=-10',single,1,5,3,,,,,,,,,,'-;5;+;-;7;=;-;1;0','-;3;+;-;7;=;-;1;0'
803,'-6+-11=-71','-6+-11=-17',multi,7,7,1,8,1,7,,,,,,,'-;6;+;-;11;=;-;7;1','-;6;+;-;11;=;-;1;7'
804,'-8+-5=-15','-8+-5=-13',single,8,5,3,,,,,,,,,,'-;8;+;-;5;=;-;1;5','-;8;+;-;5;=;-;1;3'
805,'-2+-0=-11','-2+-9=-11',single,4,0,9,,,,,,,,,,'-;2;+;-;0;=;-;11','-;2;+;-;9;=;-;11'
806,'-2+-0=-18','-2+-8=-10',multi,8,8,0,4,0,8,,,,,,,'-;2;+;-;0;=;-;1;8','-;2;+;-;8;=;-;1;0'
807,'-11--6=-3','-11--6=-5',single,7,3,5,,,,,,,,,,'-;11;-;-;6;=;-;3','-;11;-;-;6;=;-;5'
808,'0+-2=4','6+-2=4',single,0,0,6,,,,,,,,,,'0;+;-;2;=;4','6;+;-;2;=;4'
809,'-3--0=3','-3--6=3',single,4,0,6,,,,,,,,,,'-;3;-;-;0;=;3','-;3;-;-;6;=;3'
810,'-3--6=5','-3--6=3',single,6,5,3,,,,,,,,,,'-;3;-;-;6;=;5','-;3;-;-;6;=;3'
811,'4+-7=4','11+-7=4',single,0,4,11,,,,,,,,,,'4;+;-;7;=;4','11;+;-;7;=;4'
812,'-9+2=-4','-6+2=-4',single,1,9,6,,,,,,,,,,'-;9;+;2;=;-;4','-;6;+;2;=;-;4'
813,'-1=-8-7','-1--8=7',multi,2,=,-,5,-,=,,,,,,,'-;1;=;-;8;-;7','-;1;-;-;8;=;7'
814,'-7+-3=-9','-7+-2=-9',single,4,3,2,,,,,,,,,,'-;7;+;-;3;=;-;9','-;7;+;-;2;=;-;9'
815,'-11+6=-3','-11+6=-5',single,6,3,5,,,,,,,,,,'-;11;+;6;=;-;3','-;11;+;6;=;-;5'
816,'-5+-1=-72','-5+-7=-12',multi,7,7,1,4,1,7,,,,,,,'-;5;+;-;1;=;-;7;2','-;5;+;-;7;=;-;1;2'
817,'-0+-11=-20','-9+-11=-20',single,1,0,9,,,,,,,,,,'-;0;+;-;11;=;-;2;0','-;9;+;-;11;=;-;2;0'
818,'-3+-2=-4','-2+-2=-4',single,1,3,2,,,,,,,,,,'-;3;+;-;2;=;-;4','-;2;+;-;2;=;-;4'
819,'-8+-2=-19','-8+-2=-10',single,8,9,0,,,,,,,,,,'-;8;+;-;2;=;-;1;9','-;8;+;-;2;=;-;1;0'
820,'-4+-5=-7','-4+-3=-7',single,4,5,3,,,,,,,,,,'-;4;+;-;5;=;-;7','-;4;+;-;3;=;-;7'
821,'6+-1=-7','6+-7=-1',multi,6,7,1,3,1,7,,,,,,,'6;+;-;1;=;-;7','6;+;-;7;=;-;1'
822,'-11+-11=-32','-11+-11=-22',single,7,3,2,,,,,,,,,,'-;11;+;-;11;=;-;3;2','-;11;+;-;11;=;-;2;2'
823,'-11+5=-8','-11+3=-8',single,3,5,3,,,,,,,,,,'-;11;+;5;=;-;8','-;11;+;3;=;-;8'
824,'-5+3=0','-3+3=0',single,1,5,3,,,,,,,,,,'-;5;+;3;=;0','-;3;+;3;=;0'
825,'-5--4=1','-3--4=1',single,1,5,3,,,,,,,,,,'-;5;-;-;4;=;1','-;3;-;-;4;=;1'
826,'-11+-6=-20','-11+-9=-20',single,4,6,9,,,,,,,,,,'-;11;+;-;6;=;-;2;0','-;11;+;-;9;=;-;2;0'
827,'-9+-1=-19','-9+-1=-10',single,8,9,0,,,,,,,,,,'-;9;+;-;1;=;-;1;9','-;9;+;-;1;=;-;1;0'
828,'-1--0=8','-1--9=8',single,4,0,9,,,,,,,,,,'-;1;-;-;0;=;8','-;1;-;-;9;=;8'
829,'-8+-4=-19','-8+-11=-19',single,4,4,11,,,,,,,,,,'-;8;+;-;4;=;-;1;9','-;8;+;-;11;=;-;1;9'
830,'-1+-3=-11','-1+-3=-4',single,7,11,4,,,,,,,,,,'-;1;+;-;3;=;-;11','-;1;+;-;3;=;-;4'
831,'-6=-4+5','-6=-11+5',single,4,4,11,,,,,,,,,,'-;6;=;-;4;+;5','-;6;=;-;11;+;5'
832,'-1=-9--5','-1=-6--5',single,4,9,6,,,,,,,,,,'-;1;=;-;9;-;-;5','-;1;=;-;6;-;-;5'
833,'-5+-6=-9','-3+-6=-9',single,1,5,3,,,,,,,,,,'-;5;+;-;6;=;-;9','-;3;+;-;6;=;-;9'
834,'-11+5=1','-4+5=1',single,1,11,4,,,,,,,,,,'-;11;+;5;=;1','-;4;+;5;=;1'
835,'-4--4=-7','-11--4=-7',single,1,4,11,,,,,,,,,,'-;4;-;-;4;=;-;7','-;11;-;-;4;=;-;7'
836,'-8--9=-1','-9--8=-1',multi,1,8,9,4,9,8,,,,,,,'-;8;-;-;9;=;-;1','-;9;-;-;8;=;-;1'
837,'-9+-3=-13','-9+-3=-12',single,8,3,2,,,,,,,,,,'-;9;+;-;3;=;-;1;3','-;9;+;-;3;=;-;1;2'
838,'2=-9+4','2=-9+11',single,5,4,11,,,,,,,,,,'2;=;-;9;+;4','2;=;-;9;+;11'
839,'-5+-6=-19','-9+-6=-15',multi,8,9,5,1,5,9,,,,,,,'-;5;+;-;6;=;-;1;9','-;9;+;-;6;=;-;1;5'
840,'-1+-9=-76','-7+-9=-16',multi,7,7,1,1,1,7,,,,,,,'-;1;+;-;9;=;-;7;6','-;7;+;-;9;=;-;1;6'
841,'1+-11=-16','1+-11=-10',single,7,6,0,,,,,,,,,,'1;+;-;11;=;-;1;6','1;+;-;11;=;-;1;0'
842,'-2=-2+1','-2=-3+1',single,4,2,3,,,,,,,,,,'-;2;=;-;2;+;1','-;2;=;-;3;+;1'
843,'-1+6=8','-1+9=8',single,3,6,9,,,,,,,,,,'-;1;+;6;=;8','-;1;+;9;=;8'
844,'-8+3=-6','-8+2=-6',single,3,3,2,,,,,,,,,,'-;8;+;3;=;-;6','-;8;+;2;=;-;6'
845,'-9+11=-5','-9+4=-5',single,3,11,4,,,,,,,,,,'-;9;+;11;=;-;5','-;9;+;4;=;-;5'
846,'-6+3=9','-6+9=3',multi,5,9,3,3,3,9,,,,,,,'-;6;+;3;=;9','-;6;+;9;=;3'
847,'-2--3=3','-2--5=3',single,4,3,5,,,,,,,,,,'-;2;-;-;3;=;3','-;2;-;-;5;=;3'
848,'-5+-8=-11','-3+-8=-11',single,1,5,3,,,,,,,,,,'-;5;+;-;8;=;-;11','-;3;+;-;8;=;-;11'
849,'-4+-5=-6','-4+-5=-9',single,7,6,9,,,,,,,,,,'-;4;+;-;5;=;-;6','-;4;+;-;5;=;-;9'
850,'8=-1--6','8=-1--9',single,6,6,9,,,,,,,,,,'8;=;-;1;-;-;6','8;=;-;1;-;-;9'
851,'-1--1=9','-1--1=0',single,6,9,0,,,,,,,,,,'-;1;-;-;1;=;9','-;1;-;-;1;=;0'
852,'-8+-1=-6','-8+-1=-9',single,7,6,9,,,,,,,,,,'-;8;+;-;1;=;-;6','-;8;+;-;1;=;-;9'
853,'-5+-0=-11','-5+-6=-11',single,4,0,6,,,,,,,,,,'-;5;+;-;0;=;-;11','-;5;+;-;6;=;-;11'
854,'-4+-9=-5','-4+-5=-9',multi,4,9,5,7,5,9,,,,,,,'-;4;+;-;9;=;-;5','-;4;+;-;5;=;-;9'
855,'-9--11=-5','-9--4=-5',single,4,11,4,,,,,,,,,,'-;9;-;-;11;=;-;5','-;9;-;-;4;=;-;5'
856,'-3+-9=-14','-5+-9=-14',single,1,3,5,,,,,,,,,,'-;3;+;-;9;=;-;1;4','-;5;+;-;9;=;-;1;4'
857,'8+-5=2','8+-5=3',single,5,2,3,,,,,,,,,,'8;+;-;5;=;2','8;+;-;5;=;3'
858,'-5--11=-1','-5--4=-1',single,4,11,4,,,,,,,,,,'-;5;-;-;11;=;-;1','-;5;-;-;4;=;-;1'
859,'3=-3+8','3=-5+8',single,3,3,5,,,,,,,,,,'3;=;-;3;+;8','3;=;-;5;+;8'
860,'-2+-1=-2','-2+-1=-3',single,7,2,3,,,,,,,,,,'-;2;+;-;1;=;-;2','-;2;+;-;1;=;-;3'
861,'-71+4=-1','-11+4=-7',multi,1,7,1,5,=,-,2,1,7,3,+,4,'-;7;1;+;4;=;-;1',-;1;1;+;4;=;-;7'
862,'-5--1=-6','-6--1=-5',multi,7,6,5,1,5,6,,,,,,,'-;5;-;-;1;=;-;6','-;6;-;-;1;=;-;5'
863,'-4--11=0','-4--4=0',single,4,11,4,,,,,,,,,,'-;4;-;-;11;=;0','-;4;-;-;4;=;0'
864,'8+-6=3','8+-6=2',single,5,3,2,,,,,,,,,,'8;+;-;6;=;3','8;+;-;6;=;2'
865,'-7=-4--3','-7--4=-3',multi,2,=,-,5,-,=,,,,,,,'-;7;=;-;4;-;-;3','-;7;-;-;4;=;-;3'
866,'-0+11=2','-9+11=2',single,1,0,9,,,,,,,,,,'-;0;+;11;=;2','-;9;+;11;=;2'
867,'-7+-4=-4','-7+-4=-11',single,7,4,11,,,,,,,,,,'-;7;+;-;4;=;-;4','-;7;+;-;4;=;-;11'
868,'-11=-2--9','-11--2=-9',multi,2,=,-,5,-,=,,,,,,,'-;11;=;-;2;-;-;9','-;11;-;-;2;=;-;9'
869,'0+-9=0','9+-9=0',single,0,0,9,,,,,,,,,,'0;+;-;9;=;0','9;+;-;9;=;0'
870,'-5+-7=-18','-9+-7=-16',multi,8,8,6,1,5,9,,,,,,,'-;5;+;-;7;=;-;1;8','-;9;+;-;7;=;-;1;6'
871,'-1=-11-10','-1--11=10',multi,2,=,-,5,-,=,,,,,,,'-;1;=;-;11;-;1;0','-;1;-;-;11;=;1;0'
872,'-11=-1--10','-11--1=-10',multi,2,=,-,5,-,=,,,,,,,'-;11;=;-;1;-;-;1;0','-;11;-;-;1;=;-;1;0'
873,'5+-2=2','5+-2=3',single,5,2,3,,,,,,,,,,'5;+;-;2;=;2','5;+;-;2;=;3'
874,'-11--8=4','-4--8=4',single,1,11,4,,,,,,,,,,'-;11;-;-;8;=;4','-;4;-;-;8;=;4'
875,'-9+-5=-12','-9+-3=-12',single,4,5,3,,,,,,,,,,'-;9;+;-;5;=;-;1;2','-;9;+;-;3;=;-;1;2'
876,'3+-1=4','5+-1=4',single,0,3,5,,,,,,,,,,'3;+;-;1;=;4','5;+;-;1;=;4'
877,'-6+-6=-15','-9+-6=-15',single,1,6,9,,,,,,,,,,'-;6;+;-;6;=;-;1;5','-;9;+;-;6;=;-;1;5'
878,'-4+-0=-13','-4+-9=-13',single,4,0,9,,,,,,,,,,'-;4;+;-;0;=;-;1;3','-;4;+;-;9;=;-;1;3'
879,'-1+-2=-4','-1+-3=-4',single,4,2,3,,,,,,,,,,'-;1;+;-;2;=;-;4','-;1;+;-;3;=;-;4'
880,'-11+-2=-6','-4+-2=-6',single,1,11,4,,,,,,,,,,'-;11;+;-;2;=;-;6','-;4;+;-;2;=;-;6'
881,'-9+5=-1','-6+5=-1',single,1,9,6,,,,,,,,,,'-;9;+;5;=;-;1','-;6;+;5;=;-;1'
882,'0+-9=-3','6+-9=-3',single,0,0,6,,,,,,,,,,'0;+;-;9;=;-;3','6;+;-;9;=;-;3'
883,'-0+-9=-15','-6+-9=-15',single,1,0,6,,,,,,,,,,'-;0;+;-;9;=;-;1;5','-;6;+;-;9;=;-;1;5'
884,'-9+-4=-12','-9+-4=-13',single,8,2,3,,,,,,,,,,'-;9;+;-;4;=;-;1;2','-;9;+;-;4;=;-;1;3'
885,'-9+-1=-7','-6+-1=-7',single,1,9,6,,,,,,,,,,'-;9;+;-;1;=;-;7','-;6;+;-;1;=;-;7'
886,'-9+-2=-12','-9+-3=-12',single,4,2,3,,,,,,,,,,'-;9;+;-;2;=;-;1;2','-;9;+;-;3;=;-;1;2'
887,'-1+-11=-5','-1+-4=-5',single,4,11,4,,,,,,,,,,'-;1;+;-;11;=;-;5','-;1;+;-;4;=;-;5'
888,'-7+9=-1','-7+6=-1',single,3,9,6,,,,,,,,,,'-;7;+;9;=;-;1','-;7;+;6;=;-;1'
889,'-6+-9=-13','-6+-9=-15',single,8,3,5,,,,,,,,,,'-;6;+;-;9;=;-;1;3','-;6;+;-;9;=;-;1;5'
890,'-1--3=3','-1--3=2',single,6,3,2,,,,,,,,,,'-;1;-;-;3;=;3','-;1;-;-;3;=;2'
891,'-6--6=6','-6--6=0',single,6,6,0,,,,,,,,,,'-;6;-;-;6;=;6','-;6;-;-;6;=;0'
892,'-1--2=2','-1--3=2',single,4,2,3,,,,,,,,,,'-;1;-;-;2;=;2','-;1;-;-;3;=;2'
893,'0+-3=6','9+-3=6',single,0,0,9,,,,,,,,,,'0;+;-;3;=;6','9;+;-;3;=;6'
894,'-0+-8=-14','-6+-8=-14',single,1,0,6,,,,,,,,,,'-;0;+;-;8;=;-;1;4','-;6;+;-;8;=;-;1;4'
895,'-5--4=6','-5--11=6',single,4,4,11,,,,,,,,,,'-;5;-;-;4;=;6','-;5;-;-;11;=;6'
896,'-6+0=3','-6+9=3',single,3,0,9,,,,,,,,,,'-;6;+;0;=;3','-;6;+;9;=;3'
897,'-6--3=-2','-6--3=-3',single,7,2,3,,,,,,,,,,'-;6;-;-;3;=;-;2','-;6;-;-;3;=;-;3'
898,'2+-0=-4','2+-6=-4',single,3,0,6,,,,,,,,,,'2;+;-;0;=;-;4','2;+;-;6;=;-;4'
899,'-11+8=-2','-11+8=-3',single,6,2,3,,,,,,,,,,'-;11;+;8;=;-;2','-;11;+;8;=;-;3'
900,'6+-2=11','6+-2=4',single,5,11,4,,,,,,,,,,'6;+;-;2;=;11','6;+;-;2;=;4'
901,'4+-0=-5','4+-9=-5',single,3,0,9,,,,,,,,,,'4;+;-;0;=;-;5','4;+;-;9;=;-;5'
902,'4+-8=3','11+-8=3',single,0,4,11,,,,,,,,,,'4;+;-;8;=;3','11;+;-;8;=;3'
903,'-2--3=0','-3--3=0',single,1,2,3,,,,,,,,,,'-;2;-;-;3;=;0','-;3;-;-;3;=;0'
904,'-5=-6+4','-5=-9+4',single,4,6,9,,,,,,,,,,'-;5;=;-;6;+;4','-;5;=;-;9;+;4'
905,'3+-3=2','5+-3=2',single,0,3,5,,,,,,,,,,'3;+;-;3;=;2','5;+;-;3;=;2'
906,'-0--9=0','-9--9=0',single,1,0,9,,,,,,,,,,'-;0;-;-;9;=;0','-;9;-;-;9;=;0'
907,'-5+-4=-7','-3+-4=-7',single,1,5,3,,,,,,,,,,'-;5;+;-;4;=;-;7','-;3;+;-;4;=;-;7'
908,'-3+3=-2','-5+3=-2',single,1,3,5,,,,,,,,,,'-;3;+;3;=;-;2','-;5;+;3;=;-;2'
909,'-5=-9-4','-5--9=4',multi,2,=,-,5,-,=,,,,,,,'-;5;=;-;9;-;4','-;5;-;-;9;=;4'
910,'-2+4=3','-2+4=2',single,5,3,2,,,,,,,,,,'-;2;+;4;=;3','-;2;+;4;=;2'
911,'-4+11=0','-4+4=0',single,3,11,4,,,,,,,,,,'-;4;+;11;=;0','-;4;+;4;=;0'
912,'5+-6=1','6+-5=1',multi,3,6,5,0,5,6,,,,,,,'5;+;-;6;=;1','6;+;-;5;=;1'
913,'-4+-3=-14','-11+-3=-14',single,1,4,11,,,,,,,,,,'-;4;+;-;3;=;-;1;4','-;11;+;-;3;=;-;1;4'
914,'-1--5=6','-1--6=5',multi,6,6,5,4,5,6,,,,,,,'-;1;-;-;5;=;6','-;1;-;-;6;=;5'
915,'-4--1=-5','-4--1=-3',single,7,5,3,,,,,,,,,,'-;4;-;-;1;=;-;5','-;4;-;-;1;=;-;3'
916,'-5--0=4','-5--9=4',single,4,0,9,,,,,,,,,,'-;5;-;-;0;=;4','-;5;-;-;9;=;4'
917,'-0+3=-3','-6+3=-3',single,1,0,6,,,,,,,,,,'-;0;+;3;=;-;3','-;6;+;3;=;-;3'
918,'5+-9=-1','5+-6=-1',single,3,9,6,,,,,,,,,,'5;+;-;9;=;-;1','5;+;-;6;=;-;1'
919,'-2=-7-5','-2--7=5',multi,2,=,-,5,-,=,,,,,,,'-;2;=;-;7;-;5','-;2;-;-;7;=;5'
920,'-1+-4=-12','-1+-11=-12',single,4,4,11,,,,,,,,,,'-;1;+;-;4;=;-;1;2','-;1;+;-;11;=;-;1;2'
921,'-4--71=1','-4--11=7',multi,4,7,1,5,1,7,6,=,7,7,1,,'-;4;-;-;7;1;=;1',-;4;-;-;1;1;=;7'
922,'-8+0=-2','-8+6=-2',single,3,0,6,,,,,,,,,,'-;8;+;0;=;-;2','-;8;+;6;=;-;2'
923,'-6+-5=-14','-9+-5=-14',single,1,6,9,,,,,,,,,,'-;6;+;-;5;=;-;1;4','-;9;+;-;5;=;-;1;4'
924,'-3+4=-1','-5+4=-1',single,1,3,5,,,,,,,,,,'-;3;+;4;=;-;1','-;5;+;4;=;-;1'
925,'9+-5=6','9+-3=6',single,3,5,3,,,,,,,,,,'9;+;-;5;=;6','9;+;-;3;=;6'
926,'-2--4=3','-2--4=2',single,6,3,2,,,,,,,,,,'-;2;-;-;4;=;3','-;2;-;-;4;=;2'
927,'5+-9=-6','3+-9=-6',single,0,5,3,,,,,,,,,,'5;+;-;9;=;-;6','3;+;-;9;=;-;6'
928,'-8+1=-9','-9+1=-8',multi,1,8,9,6,9,8,,,,,,,'-;8;+;1;=;-;9','-;9;+;1;=;-;8'
929,'-6--2=-11','-6--2=-4',single,7,11,4,,,,,,,,,,'-;6;-;-;2;=;-;11','-;6;-;-;2;=;-;4'
930,'9=6+-3','5=8+-3',multi,0,9,5,2,6,8,,,,,,,'9;=;6;+;-;3','5;=;8;+;-;3'
931,'-8+11=5','-8+11=3',single,5,5,3,,,,,,,,,,'-;8;+;11;=;5','-;8;+;11;=;3'
932,'-2--1=-2','-3--1=-2',single,1,2,3,,,,,,,,,,'-;2;-;-;1;=;-;2','-;3;-;-;1;=;-;2'
933,'-8--8=9','-8--8=0',single,6,9,0,,,,,,,,,,'-;8;-;-;8;=;9','-;8;-;-;8;=;0'
934,'-2+9=6','-3+9=6',single,1,2,3,,,,,,,,,,'-;2;+;9;=;6','-;3;+;9;=;6'
935,'-6+-2=-11','-9+-2=-11',single,1,6,9,,,,,,,,,,'-;6;+;-;2;=;-;11','-;9;+;-;2;=;-;11'
936,'-7--1=-0','-7--1=-6',single,7,0,6,,,,,,,,,,'-;7;-;-;1;=;-;0','-;7;-;-;1;=;-;6'
937,'3+-3=1','3+-2=1',single,3,3,2,,,,,,,,,,'3;+;-;3;=;1','3;+;-;2;=;1'
938,'-0+7=1','-6+7=1',single,1,0,6,,,,,,,,,,'-;0;+;7;=;1','-;6;+;7;=;1'
939,'-0=-11+2','-9=-11+2',single,1,0,9,,,,,,,,,,'-;0;=;-;11;+;2','-;9;=;-;11;+;2'
940,'9+-6=5','9+-6=3',single,5,5,3,,,,,,,,,,'9;+;-;6;=;5','9;+;-;6;=;3'
941,'-3+-1=-6','-5+-1=-6',single,1,3,5,,,,,,,,,,'-;3;+;-;1;=;-;6','-;5;+;-;1;=;-;6'
942,'-9+-7=-19','-9+-7=-16',single,8,9,6,,,,,,,,,,'-;9;+;-;7;=;-;1;9','-;9;+;-;7;=;-;1;6'
943,'-1=-5-4','-1--5=4',multi,2,=,-,5,-,=,,,,,,,'-;1;=;-;5;-;4','-;1;-;-;5;=;4'
944,'1=-4+3','1=-4+5',single,5,3,5,,,,,,,,,,'1;=;-;4;+;3','1;=;-;4;+;5'
945,'-4=-5-1','-4--5=1',multi,2,=,-,5,-,=,,,,,,,'-;4;=;-;5;-;1','-;4;-;-;5;=;1'
946,'-1--71=4','-7--11=4',multi,4,7,1,1,1,7,5,1,7,6,=,4,'-;1;-;-;7;1;=;4',-;7;-;-;1;1;=;4'
947,'-9--9=6','-9--9=0',single,6,6,0,,,,,,,,,,'-;9;-;-;9;=;6','-;9;-;-;9;=;0'
948,'-9+9=9','-9+9=0',single,5,9,0,,,,,,,,,,'-;9;+;9;=;9','-;9;+;9;=;0'
949,'4+-11=0','4+-4=0',single,3,11,4,,,,,,,,,,'4;+;-;11;=;0','4;+;-;4;=;0'
950,'-1+-9=-19','-1+-9=-10',single,8,9,0,,,,,,,,,,'-;1;+;-;9;=;-;1;9','-;1;+;-;9;=;-;1;0'
951,'4+-6=-3','4+-6=-2',single,6,3,2,,,,,,,,,,'4;+;-;6;=;-;3','4;+;-;6;=;-;2'
952,'-2+-11=-15','-2+-11=-13',single,8,5,3,,,,,,,,,,'-;2;+;-;11;=;-;1;5','-;2;+;-;11;=;-;1;3'
953,'3=-7+9','2=-7+9',single,0,3,2,,,,,,,,,,'3;=;-;7;+;9','2;=;-;7;+;9'
954,'-4=-6-2','-4--6=2',multi,2,=,-,5,-,=,,,,,,,'-;4;=;-;6;-;2','-;4;-;-;6;=;2'
955,'6+-3=2','6+-3=3',single,5,2,3,,,,,,,,,,'6;+;-;3;=;2','6;+;-;3;=;3'
956,'-7+7=9','-7+7=0',single,5,9,0,,,,,,,,,,'-;7;+;7;=;9','-;7;+;7;=;0'
957,'-9--3=-7','-9--2=-7',single,4,3,2,,,,,,,,,,'-;9;-;-;3;=;-;7','-;9;-;-;2;=;-;7'
958,'-4+-11=-8','-4+-4=-8',single,4,11,4,,,,,,,,,,'-;4;+;-;11;=;-;8','-;4;+;-;4;=;-;8'
959,'-4--9=2','-4--6=2',single,4,9,6,,,,,,,,,,'-;4;-;-;9;=;2','-;4;-;-;6;=;2'
960,'6+-6=9','6+-6=0',single,5,9,0,,,,,,,,,,'6;+;-;6;=;9','6;+;-;6;=;0'
961,'-2+8=0','-2+8=6',single,5,0,6,,,,,,,,,,'-;2;+;8;=;0','-;2;+;8;=;6'
962,'-2--8=5','-3--8=5',single,1,2,3,,,,,,,,,,'-;2;-;-;8;=;5','-;3;-;-;8;=;5'
963,'6+-7=2','9+-7=2',single,0,6,9,,,,,,,,,,'6;+;-;7;=;2','9;+;-;7;=;2'
964,'3=-6+8','2=-6+8',single,0,3,2,,,,,,,,,,'3;=;-;6;+;8','2;=;-;6;+;8'
965,'-4+-3=-9','-4+-5=-9',single,4,3,5,,,,,,,,,,'-;4;+;-;3;=;-;9','-;4;+;-;5;=;-;9'
966,'-6+-11=-20','-9+-11=-20',single,1,6,9,,,,,,,,,,'-;6;+;-;11;=;-;2;0','-;9;+;-;11;=;-;2;0'
967,'-6+4=5','-6+11=5',single,3,4,11,,,,,,,,,,'-;6;+;4;=;5','-;6;+;11;=;5'
968,'-73=-1+-6','-13=-7+-6',multi,1,7,1,5,1,7,,,,,,,'-;7;3;=;-;1;+;-;6','-;1;3;=;-;7;+;-;6'
969,'-6--4=-3','-6--4=-2',single,7,3,2,,,,,,,,,,'-;6;-;-;4;=;-;3','-;6;-;-;4;=;-;2'
970,'-9--4=-2','-6--4=-2',single,1,9,6,,,,,,,,,,'-;9;-;-;4;=;-;2','-;6;-;-;4;=;-;2'
971,'-6+5=1','-5+6=1',multi,1,6,5,3,5,6,,,,,,,'-;6;+;5;=;1','-;5;+;6;=;1'
972,'-8+11=2','-8+11=3',single,5,2,3,,,,,,,,,,'-;8;+;11;=;2','-;8;+;11;=;3'
973,'-3=-6--9','-3=-8--5',multi,7,9,5,4,6,8,,,,,,,'-;3;=;-;6;-;-;9','-;3;=;-;8;-;-;5'
974,'-5--3=-3','-5--2=-3',single,4,3,2,,,,,,,,,,'-;5;-;-;3;=;-;3','-;5;-;-;2;=;-;3'
975,'-1=-6-5','-1--6=5',multi,2,=,-,5,-,=,,,,,,,'-;1;=;-;6;-;5','-;1;-;-;6;=;5'
976,'6+-8=1','9+-8=1',single,0,6,9,,,,,,,,,,'6;+;-;8;=;1','9;+;-;8;=;1'
977,'0+-2=7','9+-2=7',single,0,0,9,,,,,,,,,,'0;+;-;2;=;7','9;+;-;2;=;7'
978,'5+-5=2','5+-3=2',single,3,5,3,,,,,,,,,,'5;+;-;5;=;2','5;+;-;3;=;2'
979,'-3--3=2','-3--5=2',single,4,3,5,,,,,,,,,,'-;3;-;-;3;=;2','-;3;-;-;5;=;2'
980,'6+-4=-5','6+-11=-5',single,3,4,11,,,,,,,,,,'6;+;-;4;=;-;5','6;+;-;11;=;-;5'
981,'-9--5=-11','-9--5=-4',single,7,11,4,,,,,,,,,,'-;9;-;-;5;=;-;11','-;9;-;-;5;=;-;4'
982,'-11+-1=-5','-4+-1=-5',single,1,11,4,,,,,,,,,,'-;11;+;-;1;=;-;5','-;4;+;-;1;=;-;5'
983,'3+-2=0','2+-2=0',single,0,3,2,,,,,,,,,,'3;+;-;2;=;0','2;+;-;2;=;0'
984,'-4--9=3','-4--9=5',single,6,3,5,,,,,,,,,,'-;4;-;-;9;=;3','-;4;-;-;9;=;5'
985,'-11+1=-19','-11+1=-10',single,7,9,0,,,,,,,,,,'-;11;+;1;=;-;1;9','-;11;+;1;=;-;1;0'
986,'-2-2=8','-2+2=0',minus_to_plus,5,8,0,2,-,+,,,,,,,'-;2;-;2;=;8','-;2;+;2;=;0'
987,'1+-5=-11','1+-5=-4',single,6,11,4,,,,,,,,,,'1;+;-;5;=;-;11','1;+;-;5;=;-;4'
988,'-4+5=-1','-4+3=-1',single,3,5,3,,,,,,,,,,'-;4;+;5;=;-;1','-;4;+;3;=;-;1'
989,'-9--6=0','-9--9=0',single,4,6,9,,,,,,,,,,'-;9;-;-;6;=;0','-;9;-;-;9;=;0'
990,'-8--2=-5','-8--3=-5',single,4,2,3,,,,,,,,,,'-;8;-;-;2;=;-;5','-;8;-;-;3;=;-;5'
991,'-10=-0+-1','-10=-9+-1',single,5,0,9,,,,,,,,,,'-;1;0;=;-;0;+;-;1','-;1;0;=;-;9;+;-;1'
992,'-11+3=-6','-11+5=-6',single,3,3,5,,,,,,,,,,'-;11;+;3;=;-;6','-;11;+;5;=;-;6'
993,'1+-3=-3','1+-3=-2',single,6,3,2,,,,,,,,,,'1;+;-;3;=;-;3','1;+;-;3;=;-;2'
994,'-3+6=6','-3+9=6',single,3,6,9,,,,,,,,,,'-;3;+;6;=;6','-;3;+;9;=;6'
995,'-11+11=7','-4+11=7',single,1,11,4,,,,,,,,,,'-;11;+;11;=;7','-;4;+;11;=;7'
996,'7+-0=-2','7+-9=-2',single,3,0,9,,,,,,,,,,'7;+;-;0;=;-;2','7;+;-;9;=;-;2'
997,'-3=3+-5','-2=3+-5',single,1,3,2,,,,,,,,,,'-;3;=;3;+;-;5','-;2;=;3;+;-;5'
998,'6+-3=4','6+-2=4',single,3,3,2,,,,,,,,,,'6;+;-;3;=;4','6;+;-;2;=;4'
999,'7+-1=0','7+-1=6',single,5,0,6,,,,,,,,,,'7;+;-;1;=;0','7;+;-;1;=;6'
1000,'-6+6=3','-6+9=3',single,3,6,9,,,,,,,,,,'-;6;+;6;=;3','-;6;+;9;=;3'
1001,'-5+-8=-12','-5+-8=-13',single,8,2,3,,,,,,,,,,'-;5;+;-;8;=;-;1;2','-;5;+;-;8;=;-;1;3'
1002,'-6+-6=-13','-6+-6=-12',single,8,3,2,,,,,,,,,,'-;6;+;-;6;=;-;1;3','-;6;+;-;6;=;-;1;2'
1003,'-1--4=10','-1--11=10',single,4,4,11,,,,,,,,,,'-;1;-;-;4;=;1;0','-;1;-;-;11;=;1;0'
1004,'5=-4+7','3=-4+7',single,0,5,3,,,,,,,,,,'5;=;-;4;+;7','3;=;-;4;+;7'
1005,'-9=3+-6','-5=3+-8',multi,1,9,5,6,6,8,,,,,,,'-;9;=;3;+;-;6','-;5;=;3;+;-;8'
1006,'-3--6=1','-5--6=1',single,1,3,5,,,,,,,,,,'-;3;-;-;6;=;1','-;5;-;-;6;=;1'
1007,'-6--3=-5','-6--3=-3',single,7,5,3,,,,,,,,,,'-;6;-;-;3;=;-;5','-;6;-;-;3;=;-;3'
1008,'-4--3=-8','-11--3=-8',single,1,4,11,,,,,,,,,,'-;4;-;-;3;=;-;8','-;11;-;-;3;=;-;8'
1009,'-5+-2=-8','-5+-3=-8',single,4,2,3,,,,,,,,,,'-;5;+;-;2;=;-;8','-;5;+;-;3;=;-;8'
1010,'-11--0=-5','-11--6=-5',single,4,0,6,,,,,,,,,,'-;11;-;-;0;=;-;5','-;11;-;-;6;=;-;5'
1011,'-7=-6--1','-7--6=-1',multi,2,=,-,5,-,=,,,,,,,'-;7;=;-;6;-;-;1','-;7;-;-;6;=;-;1'
1012,'-0--2=-4','-6--2=-4',single,1,0,6,,,,,,,,,,'-;0;-;-;2;=;-;4','-;6;-;-;2;=;-;4'
1013,'6+-8=-3','6+-8=-2',single,6,3,2,,,,,,,,,,'6;+;-;8;=;-;3','6;+;-;8;=;-;2'
1014,'1+-4=-10','1+-11=-10',single,3,4,11,,,,,,,,,,'1;+;-;4;=;-;1;0','1;+;-;11;=;-;1;0'
1015,'-11+-4=-22','-11+-11=-22',single,4,4,11,,,,,,,,,,'-;11;+;-;4;=;-;2;2','-;11;+;-;11;=;-;2;2'
1016,'-2+-5=-5','-2+-3=-5',single,4,5,3,,,,,,,,,,'-;2;+;-;5;=;-;5','-;2;+;-;3;=;-;5'
1017,'-7+-6=-1','-1+-6=-7',multi,1,7,1,7,1,7,,,,,,,'-;7;+;-;6;=;-;1','-;1;+;-;6;=;-;7'
1018,'-3+8=3','-3+8=5',single,5,3,5,,,,,,,,,,'-;3;+;8;=;3','-;3;+;8;=;5'
1019,'2=-3+3','2=-3+5',single,5,3,5,,,,,,,,,,'2;=;-;3;+;3','2;=;-;3;+;5'
1020,'5+-0=-4','5+-9=-4',single,3,0,9,,,,,,,,,,'5;+;-;0;=;-;4','5;+;-;9;=;-;4'
1021,'-9--0=-3','-9--6=-3',single,4,0,6,,,,,,,,,,'-;9;-;-;0;=;-;3','-;9;-;-;6;=;-;3'
1022,'11+-9=-5','4+-9=-5',single,0,11,4,,,,,,,,,,'11;+;-;9;=;-;5','4;+;-;9;=;-;5'
1023,'-1+-1=-3','-1+-1=-2',single,7,3,2,,,,,,,,,,'-;1;+;-;1;=;-;3','-;1;+;-;1;=;-;2'
1024,'-3+-6=-11','-5+-6=-11',single,1,3,5,,,,,,,,,,'-;3;+;-;6;=;-;11','-;5;+;-;6;=;-;11'
1025,'2=-0+8','2=-6+8',single,3,0,6,,,,,,,,,,'2;=;-;0;+;8','2;=;-;6;+;8'
1026,'-0+-6=-15','-9+-6=-15',single,1,0,9,,,,,,,,,,'-;0;+;-;6;=;-;1;5','-;9;+;-;6;=;-;1;5'
1027,'-3+-9=-6','-3+-5=-8',multi,4,9,5,7,6,8,,,,,,,'-;3;+;-;9;=;-;6','-;3;+;-;5;=;-;8'
1028,'2+-2=-1','2+-3=-1',single,3,2,3,,,,,,,,,,'2;+;-;2;=;-;1','2;+;-;3;=;-;1'
1029,'-6+6=6','-6+6=0',single,5,6,0,,,,,,,,,,'-;6;+;6;=;6','-;6;+;6;=;0'
1030,'-9--6=-2','-9--6=-3',single,7,2,3,,,,,,,,,,'-;9;-;-;6;=;-;2','-;9;-;-;6;=;-;3'
1031,'8=-5+11','8=-3+11',single,3,5,3,,,,,,,,,,'8;=;-;5;+;11','8;=;-;3;+;11'
1032,'11=-1--5','4=-1--5',single,0,11,4,,,,,,,,,,'11;=;-;1;-;-;5','4;=;-;1;-;-;5'
1033,'-11+-3=-7','-4+-3=-7',single,1,11,4,,,,,,,,,,'-;11;+;-;3;=;-;7','-;4;+;-;3;=;-;7'
1034,'-11+-3=-13','-11+-2=-13',single,4,3,2,,,,,,,,,,'-;11;+;-;3;=;-;1;3','-;11;+;-;2;=;-;1;3'
1035,'8+-6=-1','8+-9=-1',single,3,6,9,,,,,,,,,,'8;+;-;6;=;-;1','8;+;-;9;=;-;1'
1036,'-6=-1--5','-6--1=-5',multi,2,=,-,5,-,=,,,,,,,'-;6;=;-;1;-;-;5','-;6;-;-;1;=;-;5'
1037,'-0+5=-1','-6+5=-1',single,1,0,6,,,,,,,,,,'-;0;+;5;=;-;1','-;6;+;5;=;-;1'
1038,'-5+11=0','-5+11=6',single,5,0,6,,,,,,,,,,'-;5;+;11;=;0','-;5;+;11;=;6'
1039,'8+-8=9','8+-8=0',single,5,9,0,,,,,,,,,,'8;+;-;8;=;9','8;+;-;8;=;0'
1040,'-11--9=-3','-11--9=-2',single,7,3,2,,,,,,,,,,'-;11;-;-;9;=;-;3','-;11;-;-;9;=;-;2'
1041,'-1+3=3','-1+3=2',single,5,3,2,,,,,,,,,,'-;1;+;3;=;3','-;1;+;3;=;2'
1042,'-5=-4+1','-3=-4+1',single,1,5,3,,,,,,,,,,'-;5;=;-;4;+;1','-;3;=;-;4;+;1'
1043,'8+-8=6','8+-8=0',single,5,6,0,,,,,,,,,,'8;+;-;8;=;6','8;+;-;8;=;0'
1044,'-9--6=3','-5--8=3',multi,1,9,5,4,6,8,,,,,,,'-;9;-;-;6;=;3','-;5;-;-;8;=;3'
1045,'-7+0=2','-7+9=2',single,3,0,9,,,,,,,,,,'-;7;+;0;=;2','-;7;+;9;=;2'
1046,'-7+3=-5','-7+2=-5',single,3,3,2,,,,,,,,,,'-;7;+;3;=;-;5','-;7;+;2;=;-;5'
1047,'-9+-3=-6','-5+-3=-8',multi,1,9,5,7,6,8,,,,,,,'-;9;+;-;3;=;-;6','-;5;+;-;3;=;-;8'
1048,'-11+9=5','-4+9=5',single,1,11,4,,,,,,,,,,'-;11;+;9;=;5','-;4;+;9;=;5'
1049,'-0+6=-3','-9+6=-3',single,1,0,9,,,,,,,,,,'-;0;+;6;=;-;3','-;9;+;6;=;-;3'
1050,'1+-6=-3','1+-6=-5',single,6,3,5,,,,,,,,,,'1;+;-;6;=;-;3','1;+;-;6;=;-;5'
1051,'-5+-3=-7','-5+-2=-7',single,4,3,2,,,,,,,,,,'-;5;+;-;3;=;-;7','-;5;+;-;2;=;-;7'
1052,'-4+4=7','-4+11=7',single,3,4,11,,,,,,,,,,'-;4;+;4;=;7','-;4;+;11;=;7'
1053,'-12=-0+-6','-12=-6+-6',single,5,0,6,,,,,,,,,,'-;1;2;=;-;0;+;-;6','-;1;2;=;-;6;+;-;6'
1054,'-8+-6=-17','-8+-9=-17',single,4,6,9,,,,,,,,,,'-;8;+;-;6;=;-;1;7','-;8;+;-;9;=;-;1;7'
1055,'-6+8=-2','-8+6=-2',multi,3,8,6,1,6,8,,,,,,,'-;6;+;8;=;-;2','-;8;+;6;=;-;2'
1056,'-9--11=5','-6--11=5',single,1,9,6,,,,,,,,,,'-;9;-;-;11;=;5','-;6;-;-;11;=;5'
1057,'1+-4=-2','1+-4=-3',single,6,2,3,,,,,,,,,,'1;+;-;4;=;-;2','1;+;-;4;=;-;3'
1058,'-11=-7--4','-11--7=-4',multi,2,=,-,5,-,=,,,,,,,'-;11;=;-;7;-;-;4','-;11;-;-;7;=;-;4'
1059,'-4=-6+-5','-11=-6+-5',single,1,4,11,,,,,,,,,,'-;4;=;-;6;+;-;5','-;11;=;-;6;+;-;5'
1060,'-11+6=2','-4+6=2',single,1,11,4,,,,,,,,,,'-;11;+;6;=;2','-;4;+;6;=;2'
1061,'2=0+-7','2=9+-7',single,2,0,9,,,,,,,,,,'2;=;0;+;-;7','2;=;9;+;-;7'
1062,'9=-3--9','6=-3--9',single,0,9,6,,,,,,,,,,'9;=;-;3;-;-;9','6;=;-;3;-;-;9'
1063,'-2+-8=-16','-2+-8=-10',single,8,6,0,,,,,,,,,,'-;2;+;-;8;=;-;1;6','-;2;+;-;8;=;-;1;0'
1064,'-6+3=-9','-8+3=-5',multi,6,9,5,1,6,8,,,,,,,'-;6;+;3;=;-;9','-;8;+;3;=;-;5'
1065,'-9+6=0','-6+6=0',single,1,9,6,,,,,,,,,,'-;9;+;6;=;0','-;6;+;6;=;0'
1066,'-2+-4=-13','-2+-11=-13',single,4,4,11,,,,,,,,,,'-;2;+;-;4;=;-;1;3','-;2;+;-;11;=;-;1;3'
1067,'-8--3=-3','-8--5=-3',single,4,3,5,,,,,,,,,,'-;8;-;-;3;=;-;3','-;8;-;-;5;=;-;3'
1068,'9+-9=9','9+-9=0',single,5,9,0,,,,,,,,,,'9;+;-;9;=;9','9;+;-;9;=;0'
1069,'-8+-4=-13','-8+-4=-12',single,8,3,2,,,,,,,,,,'-;8;+;-;4;=;-;1;3','-;8;+;-;4;=;-;1;2'
1070,'-4--0=2','-4--6=2',single,4,0,6,,,,,,,,,,'-;4;-;-;0;=;2','-;4;-;-;6;=;2'
1071,'-3+-11=-16','-5+-11=-16',single,1,3,5,,,,,,,,,,'-;3;+;-;11;=;-;1;6','-;5;+;-;11;=;-;1;6'
1072,'-3--7=2','-5--7=2',single,1,3,5,,,,,,,,,,'-;3;-;-;7;=;2','-;5;-;-;7;=;2'
1073,'3+-7=-2','5+-7=-2',single,0,3,5,,,,,,,,,,'3;+;-;7;=;-;2','5;+;-;7;=;-;2'
1074,'0+-8=1','9+-8=1',single,0,0,9,,,,,,,,,,'0;+;-;8;=;1','9;+;-;8;=;1'
1075,'-1+-8=-6','-1+-8=-9',single,7,6,9,,,,,,,,,,'-;1;+;-;8;=;-;6','-;1;+;-;8;=;-;9'
1076,'-5--9=6','-3--9=6',single,1,5,3,,,,,,,,,,'-;5;-;-;9;=;6','-;3;-;-;9;=;6'
1077,'-9+5=-6','-9+3=-6',single,3,5,3,,,,,,,,,,'-;9;+;5;=;-;6','-;9;+;3;=;-;6'
1078,'-3+-2=-6','-3+-3=-6',single,4,2,3,,,,,,,,,,'-;3;+;-;2;=;-;6','-;3;+;-;3;=;-;6'
1079,'1+-7=-9','1+-7=-6',single,6,9,6,,,,,,,,,,'1;+;-;7;=;-;9','1;+;-;7;=;-;6'
1080,'-6+6=-3','-9+6=-3',single,1,6,9,,,,,,,,,,'-;6;+;6;=;-;3','-;9;+;6;=;-;3'
1081,'-3+6=2','-3+6=3',single,5,2,3,,,,,,,,,,'-;3;+;6;=;2','-;3;+;6;=;3'
1082,'-2+3=3','-2+5=3',single,3,3,5,,,,,,,,,,'-;2;+;3;=;3','-;2;+;5;=;3'
1083,'-7+-3=-19','-7+-3=-10',single,8,9,0,,,,,,,,,,'-;7;+;-;3;=;-;1;9','-;7;+;-;3;=;-;1;0'
1084,'8+-3=3','8+-3=5',single,5,3,5,,,,,,,,,,'8;+;-;3;=;3','8;+;-;3;=;5'
1085,'-6+-7=-19','-8+-7=-15',multi,8,9,5,1,6,8,,,,,,,'-;6;+;-;7;=;-;1;9','-;8;+;-;7;=;-;1;5'
1086,'-9+-6=-13','-8+-5=-13',multi,4,6,5,1,9,8,,,,,,,'-;9;+;-;6;=;-;1;3','-;8;+;-;5;=;-;1;3'
1087,'-8--4=-11','-8--4=-4',single,7,11,4,,,,,,,,,,'-;8;-;-;4;=;-;11','-;8;-;-;4;=;-;4'
1088,'-4+-2=-9','-4+-2=-6',single,7,9,6,,,,,,,,,,'-;4;+;-;2;=;-;9','-;4;+;-;2;=;-;6'
1089,'-11+-8=-10','-11+-8=-19',single,8,0,9,,,,,,,,,,'-;11;+;-;8;=;-;1;0','-;11;+;-;8;=;-;1;9'
1090,'-9--9=3','-6--9=3',single,1,9,6,,,,,,,,,,'-;9;-;-;9;=;3','-;6;-;-;9;=;3'
1091,'-7+-9=-10','-7+-9=-16',single,8,0,6,,,,,,,,,,'-;7;+;-;9;=;-;1;0','-;7;+;-;9;=;-;1;6'
1092,'2+-7=-4','3+-7=-4',single,0,2,3,,,,,,,,,,'2;+;-;7;=;-;4','3;+;-;7;=;-;4'
1093,'-4--5=-6','-11--5=-6',single,1,4,11,,,,,,,,,,'-;4;-;-;5;=;-;6','-;11;-;-;5;=;-;6'
1094,'9+-1=5','6+-1=5',single,0,9,6,,,,,,,,,,'9;+;-;1;=;5','6;+;-;1;=;5'
1095,'-0--3=-6','-9--3=-6',single,1,0,9,,,,,,,,,,'-;0;-;-;3;=;-;6','-;9;-;-;3;=;-;6'
1096,'-6+9=-3','-8+5=-3',multi,3,9,5,1,6,8,,,,,,,'-;6;+;9;=;-;3','-;8;+;5;=;-;3'
1097,'3+-6=-6','3+-9=-6',single,3,6,9,,,,,,,,,,'3;+;-;6;=;-;6','3;+;-;9;=;-;6'
1098,'-8=-6--2','-8--6=-2',multi,2,=,-,5,-,=,,,,,,,'-;8;=;-;6;-;-;2','-;8;-;-;6;=;-;2'
1099,'-3=5+-6','-3=3+-6',single,3,5,3,,,,,,,,,,'-;3;=;5;+;-;6','-;3;=;3;+;-;6'
1100,'-11+-9=-18','-11+-8=-19',multi,8,8,9,4,9,8,,,,,,,'-;11;+;-;9;=;-;1;8','-;11;+;-;8;=;-;1;9'
1101,'-11+-2=-15','-11+-2=-13',single,8,5,3,,,,,,,,,,'-;11;+;-;2;=;-;1;5','-;11;+;-;2;=;-;1;3'
1102,'-5+-9=-11','-5+-6=-11',single,4,9,6,,,,,,,,,,'-;5;+;-;9;=;-;11','-;5;+;-;6;=;-;11'
1103,'-2=-3-1','-2--3=1',multi,2,=,-,5,-,=,,,,,,,'-;2;=;-;3;-;1','-;2;-;-;3;=;1'
1104,'9--9=-6','3+-9=-6',minus_to_plus,0,9,3,1,-,+,,,,,,,'9;-;-;9;=;-;6','3;+;-;9;=;-;6'
1105,'-8--1=-9','-9--1=-8',multi,1,8,9,7,9,8,,,,,,,'-;8;-;-;1;=;-;9','-;9;-;-;1;=;-;8'
1106,'-5=-1--4','-5--1=-4',multi,2,=,-,5,-,=,,,,,,,'-;5;=;-;1;-;-;4','-;5;-;-;1;=;-;4'
1107,'3+-9=-0','3+-9=-6',single,6,0,6,,,,,,,,,,'3;+;-;9;=;-;0','3;+;-;9;=;-;6'
1108,'7+-7=9','7+-7=0',single,5,9,0,,,,,,,,,,'7;+;-;7;=;9','7;+;-;7;=;0'
1109,'-1+5=6','-1+6=5',multi,5,6,5,3,5,6,,,,,,,'-;1;+;5;=;6','-;1;+;6;=;5'
1110,'-6--1=-8','-9--1=-8',single,1,6,9,,,,,,,,,,'-;6;-;-;1;=;-;8','-;9;-;-;1;=;-;8'
1111,'-2--6=7','-2--9=7',single,4,6,9,,,,,,,,,,'-;2;-;-;6;=;7','-;2;-;-;9;=;7'
1112,'-3+4=2','-2+4=2',single,1,3,2,,,,,,,,,,'-;3;+;4;=;2','-;2;+;4;=;2'
1113,'-9=-5--4','-5=-9--4',multi,1,9,5,4,5,9,,,,,,,'-;9;=;-;5;-;-;4','-;5;=;-;9;-;-;4'
1114,'1=-0--7','1=-6--7',single,3,0,6,,,,,,,,,,'1;=;-;0;-;-;7','1;=;-;6;-;-;7'
1115,'11+-5=8','11+-3=8',single,3,5,3,,,,,,,,,,'11;+;-;5;=;8','11;+;-;3;=;8'
1116,'-8+-2=-16','-8+-2=-10',single,8,6,0,,,,,,,,,,'-;8;+;-;2;=;-;1;6','-;8;+;-;2;=;-;1;0'
1117,'5+-8=3','9+-6=3',multi,3,8,6,0,5,9,,,,,,,'5;+;-;8;=;3','9;+;-;6;=;3'
1118,'-2--0=4','-2--6=4',single,4,0,6,,,,,,,,,,'-;2;-;-;0;=;4','-;2;-;-;6;=;4'
1119,'-1+-4=-3','-1+-4=-5',single,7,3,5,,,,,,,,,,'-;1;+;-;4;=;-;3','-;1;+;-;4;=;-;5'
1120,'4+-3=2','4+-2=2',single,3,3,2,,,,,,,,,,'4;+;-;3;=;2','4;+;-;2;=;2'
1121,'1+-1=9','1+-1=0',single,5,9,0,,,,,,,,,,'1;+;-;1;=;9','1;+;-;1;=;0'
1122,'2+-4=-1','3+-4=-1',single,0,2,3,,,,,,,,,,'2;+;-;4;=;-;1','3;+;-;4;=;-;1'
1123,'-5=-6-1','-5--6=1',multi,2,=,-,5,-,=,,,,,,,'-;5;=;-;6;-;1','-;5;-;-;6;=;1'
1124,'-1--9=5','-1--6=5',single,4,9,6,,,,,,,,,,'-;1;-;-;9;=;5','-;1;-;-;6;=;5'
1125,'8+-4=11','8+-4=4',single,5,11,4,,,,,,,,,,'8;+;-;4;=;11','8;+;-;4;=;4'
1126,'-11--2=-8','-11--3=-8',single,4,2,3,,,,,,,,,,'-;11;-;-;2;=;-;8','-;11;-;-;3;=;-;8'
1127,'-4+9=-2','-11+9=-2',single,1,4,11,,,,,,,,,,'-;4;+;9;=;-;2','-;11;+;9;=;-;2'
1128,'-9--2=-4','-6--2=-4',single,1,9,6,,,,,,,,,,'-;9;-;-;2;=;-;4','-;6;-;-;2;=;-;4'
1129,'-11--9=5','-4--9=5',single,1,11,4,,,,,,,,,,'-;11;-;-;9;=;5','-;4;-;-;9;=;5'
1130,'-70=-1+-3','-10=-7+-3',multi,1,7,1,5,1,7,,,,,,,'-;7;0;=;-;1;+;-;3','-;1;0;=;-;7;+;-;3'
1131,'-3+2=0','-2+2=0',single,1,3,2,,,,,,,,,,'-;3;+;2;=;0','-;2;+;2;=;0'
1132,'-11+-9=-13','-4+-9=-13',single,1,11,4,,,,,,,,,,'-;11;+;-;9;=;-;1;3','-;4;+;-;9;=;-;1;3'
1133,'-4=-0+5','-4=-9+5',single,4,0,9,,,,,,,,,,'-;4;=;-;0;+;5','-;4;=;-;9;+;5'
1134,'2+-6=-11','2+-6=-4',single,6,11,4,,,,,,,,,,'2;+;-;6;=;-;11','2;+;-;6;=;-;4'
1135,'-0+-3=-12','-9+-3=-12',single,1,0,9,,,,,,,,,,'-;0;+;-;3;=;-;1;2','-;9;+;-;3;=;-;1;2'
1136,'-6--0=3','-6--9=3',single,4,0,9,,,,,,,,,,'-;6;-;-;0;=;3','-;6;-;-;9;=;3'
1137,'-5--3=0','-5--5=0',single,4,3,5,,,,,,,,,,'-;5;-;-;3;=;0','-;5;-;-;5;=;0'
1138,'11+-0=5','11+-6=5',single,3,0,6,,,,,,,,,,'11;+;-;0;=;5','11;+;-;6;=;5'
1139,'8=-3+4','8=-3+11',single,5,4,11,,,,,,,,,,'8;=;-;3;+;4','8;=;-;3;+;11'
1140,'9+-3=3','6+-3=3',single,0,9,6,,,,,,,,,,'9;+;-;3;=;3','6;+;-;3;=;3'
1141,'-3=-4-1','-3--4=1',multi,2,=,-,5,-,=,,,,,,,'-;3;=;-;4;-;1','-;3;-;-;4;=;1'
1142,'5+-3=3','5+-2=3',single,3,3,2,,,,,,,,,,'5;+;-;3;=;3','5;+;-;2;=;3'
1143,'2+-4=-3','2+-4=-2',single,6,3,2,,,,,,,,,,'2;+;-;4;=;-;3','2;+;-;4;=;-;2'
1144,'-2+7=4','-3+7=4',single,1,2,3,,,,,,,,,,'-;2;+;7;=;4','-;3;+;7;=;4'
1145,'-9=-1--8','-9--1=-8',multi,2,=,-,5,-,=,,,,,,,'-;9;=;-;1;-;-;8','-;9;-;-;1;=;-;8'
1146,'-2--11=0','-2--11=9',single,6,0,9,,,,,,,,,,'-;2;-;-;11;=;0','-;2;-;-;11;=;9'
1147,'-5=-8+5','-3=-8+5',single,1,5,3,,,,,,,,,,'-;5;=;-;8;+;5','-;3;=;-;8;+;5'
1148,'-6--7=-2','-9--7=-2',single,1,6,9,,,,,,,,,,'-;6;-;-;7;=;-;2','-;9;-;-;7;=;-;2'
1149,'9=-2--2','0=-2--2',single,0,9,0,,,,,,,,,,'9;=;-;2;-;-;2','0;=;-;2;-;-;2'
1150,'-9=5+-11','-6=5+-11',single,1,9,6,,,,,,,,,,'-;9;=;5;+;-;11','-;6;=;5;+;-;11'
1151,'-3+5=3','-3+5=2',single,5,3,2,,,,,,,,,,'-;3;+;5;=;3','-;3;+;5;=;2'
1152,'-5+6=4','-5+9=4',single,3,6,9,,,,,,,,,,'-;5;+;6;=;4','-;5;+;9;=;4'
1153,'-0+-5=-14','-9+-5=-14',single,1,0,9,,,,,,,,,,'-;0;+;-;5;=;-;1;4','-;9;+;-;5;=;-;1;4'
1154,'-3--6=-9','-9--6=-3',multi,7,9,3,1,3,9,,,,,,,'-;3;-;-;6;=;-;9','-;9;-;-;6;=;-;3'
1155,'-7--7=6','-7--7=0',single,6,6,0,,,,,,,,,,'-;7;-;-;7;=;6','-;7;-;-;7;=;0'
1156,'-9+-5=-16','-9+-6=-15',multi,8,6,5,4,5,6,,,,,,,'-;9;+;-;5;=;-;1;6','-;9;+;-;6;=;-;1;5'
1157,'8+-3=3','8+-5=3',single,3,3,5,,,,,,,,,,'8;+;-;3;=;3','8;+;-;5;=;3'
1158,'0=-0+6','0=-6+6',single,3,0,6,,,,,,,,,,'0;=;-;0;+;6','0;=;-;6;+;6'
1159,'0+-8=-2','6+-8=-2',single,0,0,6,,,,,,,,,,'0;+;-;8;=;-;2','6;+;-;8;=;-;2'
1160,'1+-3=-1','1+-2=-1',single,3,3,2,,,,,,,,,,'1;+;-;3;=;-;1','1;+;-;2;=;-;1'
1161,'11+-1=16','11+-1=10',single,6,6,0,,,,,,,,,,'11;+;-;1;=;1;6','11;+;-;1;=;1;0'
1162,'-9+-7=-10','-9+-7=-16',single,8,0,6,,,,,,,,,,'-;9;+;-;7;=;-;1;0','-;9;+;-;7;=;-;1;6'
1163,'3+-7=-11','3+-7=-4',single,6,11,4,,,,,,,,,,'3;+;-;7;=;-;11','3;+;-;7;=;-;4'
1164,'1=-9+8','1=-8+9',multi,5,8,9,3,9,8,,,,,,,'1;=;-;9;+;8','1;=;-;8;+;9'
1165,'-3+-1=-70','-3+-7=-10',multi,7,7,1,4,1,7,,,,,,,'-;3;+;-;1;=;-;7;0','-;3;+;-;7;=;-;1;0'
1166,'-6+-0=-12','-6+-6=-12',single,4,0,6,,,,,,,,,,'-;6;+;-;0;=;-;1;2','-;6;+;-;6;=;-;1;2'
1167,'-4+-4=-15','-11+-4=-15',single,1,4,11,,,,,,,,,,'-;4;+;-;4;=;-;1;5','-;11;+;-;4;=;-;1;5'
1168,'5+-4=-6','5+-11=-6',single,3,4,11,,,,,,,,,,'5;+;-;4;=;-;6','5;+;-;11;=;-;6'
1169,'7+-6=-2','7+-9=-2',single,3,6,9,,,,,,,,,,'7;+;-;6;=;-;2','7;+;-;9;=;-;2'
1170,'-3--1=-4','-5--1=-4',single,1,3,5,,,,,,,,,,'-;3;-;-;1;=;-;4','-;5;-;-;1;=;-;4'
1171,'-3+-2=-3','-3+-2=-5',single,7,3,5,,,,,,,,,,'-;3;+;-;2;=;-;3','-;3;+;-;2;=;-;5'
1172,'4+-7=-5','4+-7=-3',single,6,5,3,,,,,,,,,,'4;+;-;7;=;-;5','4;+;-;7;=;-;3'
1173,'-6+3=-4','-6+2=-4',single,3,3,2,,,,,,,,,,'-;6;+;3;=;-;4','-;6;+;2;=;-;4'
1174,'-11+-6=-15','-11+-5=-16',multi,4,6,5,8,5,6,,,,,,,'-;11;+;-;6;=;-;1;5','-;11;+;-;5;=;-;1;6'
1175,'11+-2=6','11+-2=9',single,5,6,9,,,,,,,,,,'11;+;-;2;=;6','11;+;-;2;=;9'
1176,'-2+11=6','-2+11=9',single,5,6,9,,,,,,,,,,'-;2;+;11;=;6','-;2;+;11;=;9'
1177,'-9+8=2','-6+8=2',single,1,9,6,,,,,,,,,,'-;9;+;8;=;2','-;6;+;8;=;2'
1178,'-3+-11=-13','-2+-11=-13',single,1,3,2,,,,,,,,,,'-;3;+;-;11;=;-;1;3','-;2;+;-;11;=;-;1;3'
1179,'-0+-2=-18','-8+-2=-10',multi,8,8,0,1,0,8,,,,,,,'-;0;+;-;2;=;-;1;8','-;8;+;-;2;=;-;1;0'
1180,'-8+4=-11','-8+4=-4',single,6,11,4,,,,,,,,,,'-;8;+;4;=;-;11','-;8;+;4;=;-;4'
1181,'-3+11=6','-5+11=6',single,1,3,5,,,,,,,,,,'-;3;+;11;=;6','-;5;+;11;=;6'
1182,'-4+2=-9','-11+2=-9',single,1,4,11,,,,,,,,,,'-;4;+;2;=;-;9','-;11;+;2;=;-;9'
1183,'-0+9=0','-9+9=0',single,1,0,9,,,,,,,,,,'-;0;+;9;=;0','-;9;+;9;=;0'
1184,'-0--2=-7','-9--2=-7',single,1,0,9,,,,,,,,,,'-;0;-;-;2;=;-;7','-;9;-;-;2;=;-;7'
1185,'2+-5=-5','2+-5=-3',single,6,5,3,,,,,,,,,,'2;+;-;5;=;-;5','2;+;-;5;=;-;3'
1186,'9+-11=-5','6+-11=-5',single,0,9,6,,,,,,,,,,'9;+;-;11;=;-;5','6;+;-;11;=;-;5'
1187,'-5--7=4','-3--7=4',single,1,5,3,,,,,,,,,,'-;5;-;-;7;=;4','-;3;-;-;7;=;4'
1188,'-8--5=-5','-8--5=-3',single,7,5,3,,,,,,,,,,'-;8;-;-;5;=;-;5','-;8;-;-;5;=;-;3'
1189,'-9+6=-2','-9+6=-3',single,6,2,3,,,,,,,,,,'-;9;+;6;=;-;2','-;9;+;6;=;-;3'
1190,'7+-11=-11','7+-11=-4',single,6,11,4,,,,,,,,,,'7;+;-;11;=;-;11','7;+;-;11;=;-;4'
1191,'-8+-9=-71','-8+-9=-17',multi,7,7,1,8,1,7,,,,,,,'-;8;+;-;9;=;-;7;1','-;8;+;-;9;=;-;1;7'
1192,'-1+7=9','-1+7=6',single,5,9,6,,,,,,,,,,'-;1;+;7;=;9','-;1;+;7;=;6'
1193,'-5+-2=-5','-3+-2=-5',single,1,5,3,,,,,,,,,,'-;5;+;-;2;=;-;5','-;3;+;-;2;=;-;5'
1194,'-4+8=11','-4+8=4',single,5,11,4,,,,,,,,,,'-;4;+;8;=;11','-;4;+;8;=;4'
1195,'-11+-6=-71','-11+-6=-17',multi,7,7,1,8,1,7,,,,,,,'-;11;+;-;6;=;-;7;1','-;11;+;-;6;=;-;1;7'
1196,'-7--3=-11','-7--3=-4',single,7,11,4,,,,,,,,,,'-;7;-;-;3;=;-;11','-;7;-;-;3;=;-;4'
1197,'2+-2=6','2+-2=0',single,5,6,0,,,,,,,,,,'2;+;-;2;=;6','2;+;-;2;=;0'
1198,'-11+5=-0','-11+5=-6',single,6,0,6,,,,,,,,,,'-;11;+;5;=;-;0','-;11;+;5;=;-;6'
1199,'7+-11=3','7+-4=3',single,3,11,4,,,,,,,,,,'7;+;-;11;=;3','7;+;-;4;=;3'
1200,'3=-1--11','3=-1--4',single,6,11,4,,,,,,,,,,'3;=;-;1;-;-;11','3;=;-;1;-;-;4'
1201,'-2+-7=-10','-3+-7=-10',single,1,2,3,,,,,,,,,,'-;2;+;-;7;=;-;1;0','-;3;+;-;7;=;-;1;0'
1202,'-6+-3=-11','-6+-5=-11',single,4,3,5,,,,,,,,,,'-;6;+;-;3;=;-;11','-;6;+;-;5;=;-;11'
1203,'-4+6=5','-4+9=5',single,3,6,9,,,,,,,,,,'-;4;+;6;=;5','-;4;+;9;=;5'
1204,'-6=-6--3','-6=-9--3',single,4,6,9,,,,,,,,,,'-;6;=;-;6;-;-;3','-;6;=;-;9;-;-;3'
1205,'-9+-1=-16','-9+-1=-10',single,8,6,0,,,,,,,,,,'-;9;+;-;1;=;-;1;6','-;9;+;-;1;=;-;1;0'
1206,'-3=-8-5','-3--8=5',multi,2,=,-,5,-,=,,,,,,,'-;3;=;-;8;-;5','-;3;-;-;8;=;5'
1207,'-2+-6=-11','-2+-9=-11',single,4,6,9,,,,,,,,,,'-;2;+;-;6;=;-;11','-;2;+;-;9;=;-;11'
1208,'-6=-9+2','-6=-9+3',single,6,2,3,,,,,,,,,,'-;6;=;-;9;+;2','-;6;=;-;9;+;3'
1209,'-1=-3-2','-1--3=2',multi,2,=,-,5,-,=,,,,,,,'-;1;=;-;3;-;2','-;1;-;-;3;=;2'
1210,'2=-2+5','2=-3+5',single,3,2,3,,,,,,,,,,'2;=;-;2;+;5','2;=;-;3;+;5'
1211,'4+-5=6','11+-5=6',single,0,4,11,,,,,,,,,,'4;+;-;5;=;6','11;+;-;5;=;6'
1212,'11+-4=0','4+-4=0',single,0,11,4,,,,,,,,,,'11;+;-;4;=;0','4;+;-;4;=;0'
1213,'-8--3=-6','-8--2=-6',single,4,3,2,,,,,,,,,,'-;8;-;-;3;=;-;6','-;8;-;-;2;=;-;6'
1214,'3+-9=6','9+-3=6',multi,3,9,3,0,3,9,,,,,,,'3;+;-;9;=;6','9;+;-;3;=;6'
1215,'-6+2=-11','-6+2=-4',single,6,11,4,,,,,,,,,,'-;6;+;2;=;-;11','-;6;+;2;=;-;4'
1216,'-2+-2=-11','-2+-2=-4',single,7,11,4,,,,,,,,,,'-;2;+;-;2;=;-;11','-;2;+;-;2;=;-;4'
1217,'-3=-2--1','-3--2=-1',multi,2,=,-,5,-,=,,,,,,,'-;3;=;-;2;-;-;1','-;3;-;-;2;=;-;1'
1218,'-9+-8=-19','-9+-9=-18',multi,4,8,9,8,9,8,,,,,,,'-;9;+;-;8;=;-;1;9','-;9;+;-;9;=;-;1;8'
1219,'3+-5=-3','2+-5=-3',single,0,3,2,,,,,,,,,,'3;+;-;5;=;-;3','2;+;-;5;=;-;3'
1220,'-6--4=5','-6--11=5',single,4,4,11,,,,,,,,,,'-;6;-;-;4;=;5','-;6;-;-;11;=;5'
1221,'-6+-4=-16','-6+-4=-10',single,8,6,0,,,,,,,,,,'-;6;+;-;4;=;-;1;6','-;6;+;-;4;=;-;1;0'
1222,'-3--8=6','-2--8=6',single,1,3,2,,,,,,,,,,'-;3;-;-;8;=;6','-;2;-;-;8;=;6'
1223,'-9+-11=-26','-9+-11=-20',single,8,6,0,,,,,,,,,,'-;9;+;-;11;=;-;2;6','-;9;+;-;11;=;-;2;0'
1224,'-9--5=-6','-9--3=-6',single,4,5,3,,,,,,,,,,'-;9;-;-;5;=;-;6','-;9;-;-;3;=;-;6'
1225,'-1=-4+2','-1=-4+3',single,6,2,3,,,,,,,,,,'-;1;=;-;4;+;2','-;1;=;-;4;+;3'
1226,'-2+-0=-8','-2+-6=-8',single,4,0,6,,,,,,,,,,'-;2;+;-;0;=;-;8','-;2;+;-;6;=;-;8'
1227,'-6+-8=-18','-8+-8=-16',multi,8,8,6,1,6,8,,,,,,,'-;6;+;-;8;=;-;1;8','-;8;+;-;8;=;-;1;6'
1228,'-2+11=2','-2+4=2',single,3,11,4,,,,,,,,,,'-;2;+;11;=;2','-;2;+;4;=;2'
1229,'1+-6=7','7+-6=1',multi,5,7,1,0,1,7,,,,,,,'1;+;-;6;=;7','7;+;-;6;=;1'
1230,'9+-9=3','9+-6=3',single,3,9,6,,,,,,,,,,'9;+;-;9;=;3','9;+;-;6;=;3'
1231,'-11--4=0','-4--4=0',single,1,11,4,,,,,,,,,,'-;11;-;-;4;=;0','-;4;-;-;4;=;0'
1232,'-8+-1=-75','-8+-7=-15',multi,7,7,1,4,1,7,,,,,,,'-;8;+;-;1;=;-;7;5','-;8;+;-;7;=;-;1;5'
1233,'-7+-4=-18','-7+-11=-18',single,4,4,11,,,,,,,,,,'-;7;+;-;4;=;-;1;8','-;7;+;-;11;=;-;1;8'
1234,'-7-7=8','-7+7=0',minus_to_plus,5,8,0,2,-,+,,,,,,,'-;7;-;7;=;8','-;7;+;7;=;0'
1235,'-8--9=-2','-8--6=-2',single,4,9,6,,,,,,,,,,'-;8;-;-;9;=;-;2','-;8;-;-;6;=;-;2'
1236,'-11+4=0','-11+11=0',single,3,4,11,,,,,,,,,,'-;11;+;4;=;0','-;11;+;11;=;0'
1237,'7+-5=3','7+-5=2',single,5,3,2,,,,,,,,,,'7;+;-;5;=;3','7;+;-;5;=;2'
1238,'-11+0=-5','-11+6=-5',single,3,0,6,,,,,,,,,,'-;11;+;0;=;-;5','-;11;+;6;=;-;5'
1239,'-5+2=-2','-5+2=-3',single,6,2,3,,,,,,,,,,'-;5;+;2;=;-;2','-;5;+;2;=;-;3'
1240,'-3+-6=-12','-3+-9=-12',single,4,6,9,,,,,,,,,,'-;3;+;-;6;=;-;1;2','-;3;+;-;9;=;-;1;2'
1241,'-7+4=-2','-7+4=-3',single,6,2,3,,,,,,,,,,'-;7;+;4;=;-;2','-;7;+;4;=;-;3'
1242,'-5--5=6','-5--5=0',single,6,6,0,,,,,,,,,,'-;5;-;-;5;=;6','-;5;-;-;5;=;0'
1243,'-8+-7=-13','-8+-7=-15',single,8,3,5,,,,,,,,,,'-;8;+;-;7;=;-;1;3','-;8;+;-;7;=;-;1;5'
1244,'11=11+-7','4=11+-7',single,0,11,4,,,,,,,,,,'11;=;11;+;-;7','4;=;11;+;-;7'
1245,'-6=-0+3','-6=-9+3',single,4,0,9,,,,,,,,,,'-;6;=;-;0;+;3','-;6;=;-;9;+;3'
1246,'2+-8=-9','2+-8=-6',single,6,9,6,,,,,,,,,,'2;+;-;8;=;-;9','2;+;-;8;=;-;6'
1247,'3+-4=-8','3+-11=-8',single,3,4,11,,,,,,,,,,'3;+;-;4;=;-;8','3;+;-;11;=;-;8'
1248,'-8+-1=-0','-8+-1=-9',single,7,0,9,,,,,,,,,,'-;8;+;-;1;=;-;0','-;8;+;-;1;=;-;9'
1249,'-8+2=-5','-8+3=-5',single,3,2,3,,,,,,,,,,'-;8;+;2;=;-;5','-;8;+;3;=;-;5'
1250,'-9+11=3','-9+11=2',single,5,3,2,,,,,,,,,,'-;9;+;11;=;3','-;9;+;11;=;2'
1251,'-3=-9-6','-3--9=6',multi,2,=,-,5,-,=,,,,,,,'-;3;=;-;9;-;6','-;3;-;-;9;=;6'
1252,'-7+-5=-10','-7+-3=-10',single,4,5,3,,,,,,,,,,'-;7;+;-;5;=;-;1;0','-;7;+;-;3;=;-;1;0'
1253,'9+-8=-2','6+-8=-2',single,0,9,6,,,,,,,,,,'9;+;-;8;=;-;2','6;+;-;8;=;-;2'
1254,'3+-8=-3','3+-8=-5',single,6,3,5,,,,,,,,,,'3;+;-;8;=;-;3','3;+;-;8;=;-;5'
1255,'-5+2=-1','-3+2=-1',single,1,5,3,,,,,,,,,,'-;5;+;2;=;-;1','-;3;+;2;=;-;1'
1256,'-8+9=-2','-8+6=-2',single,3,9,6,,,,,,,,,,'-;8;+;9;=;-;2','-;8;+;6;=;-;2'
1257,'-7--0=-1','-7--6=-1',single,4,0,6,,,,,,,,,,'-;7;-;-;0;=;-;1','-;7;-;-;6;=;-;1'
1258,'-6+9=2','-6+9=3',single,5,2,3,,,,,,,,,,'-;6;+;9;=;2','-;6;+;9;=;3'
1259,'-4=-2--2','-4--2=-2',multi,2,=,-,5,-,=,,,,,,,'-;4;=;-;2;-;-;2','-;4;-;-;2;=;-;2'
1260,'-9+-7=-13','-6+-7=-13',single,1,9,6,,,,,,,,,,'-;9;+;-;7;=;-;1;3','-;6;+;-;7;=;-;1;3'
1261,'-6+5=-3','-6+3=-3',single,3,5,3,,,,,,,,,,'-;6;+;5;=;-;3','-;6;+;3;=;-;3'
1262,'-3--9=3','-3--6=3',single,4,9,6,,,,,,,,,,'-;3;-;-;9;=;3','-;3;-;-;6;=;3'
1263,'-6--5=1','-5--6=1',multi,1,6,5,4,5,6,,,,,,,'-;6;-;-;5;=;1','-;5;-;-;6;=;1'
1264,'3+-6=-4','2+-6=-4',single,0,3,2,,,,,,,,,,'3;+;-;6;=;-;4','2;+;-;6;=;-;4'
1265,'3+-4=-2','2+-4=-2',single,0,3,2,,,,,,,,,,'3;+;-;4;=;-;2','2;+;-;4;=;-;2'
1266,'-9+-6=-18','-9+-9=-18',single,4,6,9,,,,,,,,,,'-;9;+;-;6;=;-;1;8','-;9;+;-;9;=;-;1;8'
1267,'-9+3=-7','-9+2=-7',single,3,3,2,,,,,,,,,,'-;9;+;3;=;-;7','-;9;+;2;=;-;7'
1268,'-0+-5=-11','-6+-5=-11',single,1,0,6,,,,,,,,,,'-;0;+;-;5;=;-;11','-;6;+;-;5;=;-;11'
1269,'-3+-4=-9','-5+-4=-9',single,1,3,5,,,,,,,,,,'-;3;+;-;4;=;-;9','-;5;+;-;4;=;-;9'
1270,'-11+-5=-19','-11+-5=-16',single,8,9,6,,,,,,,,,,'-;11;+;-;5;=;-;1;9','-;11;+;-;5;=;-;1;6'
1271,'5+-7=-4','3+-7=-4',single,0,5,3,,,,,,,,,,'5;+;-;7;=;-;4','3;+;-;7;=;-;4'
1272,'1+-7=6','7+-1=6',multi,3,7,1,0,1,7,,,,,,,'1;+;-;7;=;6','7;+;-;1;=;6'
1273,'-2+2=1','-2+3=1',single,3,2,3,,,,,,,,,,'-;2;+;2;=;1','-;2;+;3;=;1'
1274,'-1=-9-8','-1--9=8',multi,2,=,-,5,-,=,,,,,,,'-;1;=;-;9;-;8','-;1;-;-;9;=;8'
1275,'5+-2=2','5+-3=2',single,3,2,3,,,,,,,,,,'5;+;-;2;=;2','5;+;-;3;=;2'
1276,'-1+-9=-7','-1+-6=-7',single,4,9,6,,,,,,,,,,'-;1;+;-;9;=;-;7','-;1;+;-;6;=;-;7'
1277,'2+-3=0','2+-2=0',single,3,3,2,,,,,,,,,,'2;+;-;3;=;0','2;+;-;2;=;0'
1278,'-2--5=2','-2--5=3',single,6,2,3,,,,,,,,,,'-;2;-;-;5;=;2','-;2;-;-;5;=;3'
1279,'-2=1+-2','-2=1+-3',single,6,2,3,,,,,,,,,,'-;2;=;1;+;-;2','-;2;=;1;+;-;3'
1280,'-6+-3=-12','-9+-3=-12',single,1,6,9,,,,,,,,,,'-;6;+;-;3;=;-;1;2','-;9;+;-;3;=;-;1;2'
1281,'-7+-2=-6','-7+-2=-9',single,7,6,9,,,,,,,,,,'-;7;+;-;2;=;-;6','-;7;+;-;2;=;-;9'
1282,'-5+-7=-13','-5+-7=-12',single,8,3,2,,,,,,,,,,'-;5;+;-;7;=;-;1;3','-;5;+;-;7;=;-;1;2'
1283,'-1--8=9','-1--9=8',multi,4,8,9,6,9,8,,,,,,,'-;1;-;-;8;=;9','-;1;-;-;9;=;8'
1284,'-4+-1=-3','-4+-1=-5',single,7,3,5,,,,,,,,,,'-;4;+;-;1;=;-;3','-;4;+;-;1;=;-;5'
1285,'9=4+-2','9=11+-2',single,2,4,11,,,,,,,,,,'9;=;4;+;-;2','9;=;11;+;-;2'
1286,'-7--6=2','-7--9=2',single,4,6,9,,,,,,,,,,'-;7;-;-;6;=;2','-;7;-;-;9;=;2'
1287,'-0+9=3','-6+9=3',single,1,0,6,,,,,,,,,,'-;0;+;9;=;3','-;6;+;9;=;3'
1288,'-3+6=9','-3+8=5',multi,5,9,5,3,6,8,,,,,,,'-;3;+;6;=;9','-;3;+;8;=;5'
1289,'3+-7=-5','2+-7=-5',single,0,3,2,,,,,,,,,,'3;+;-;7;=;-;5','2;+;-;7;=;-;5'
1290,'-9+-11=-30','-9+-11=-20',single,7,3,2,,,,,,,,,,'-;9;+;-;11;=;-;3;0','-;9;+;-;11;=;-;2;0'
1291,'-2--4=9','-2--11=9',single,4,4,11,,,,,,,,,,'-;2;-;-;4;=;9','-;2;-;-;11;=;9'
1292,'-6--3=-1','-6--5=-1',single,4,3,5,,,,,,,,,,'-;6;-;-;3;=;-;1','-;6;-;-;5;=;-;1'
1293,'-4+-9=-12','-4+-9=-13',single,8,2,3,,,,,,,,,,'-;4;+;-;9;=;-;1;2','-;4;+;-;9;=;-;1;3'
1294,'8+-3=6','8+-2=6',single,3,3,2,,,,,,,,,,'8;+;-;3;=;6','8;+;-;2;=;6'
1295,'6+-2=3','6+-3=3',single,3,2,3,,,,,,,,,,'6;+;-;2;=;3','6;+;-;3;=;3'
1296,'-9+-11=-13','-9+-4=-13',single,4,11,4,,,,,,,,,,'-;9;+;-;11;=;-;1;3','-;9;+;-;4;=;-;1;3'
1297,'-9+-5=-11','-6+-5=-11',single,1,9,6,,,,,,,,,,'-;9;+;-;5;=;-;11','-;6;+;-;5;=;-;11'
1298,'-9+-6=-3','-3+-6=-9',multi,1,9,3,7,3,9,,,,,,,'-;9;+;-;6;=;-;3','-;3;+;-;6;=;-;9'
1299,'3+-6=-1','5+-6=-1',single,0,3,5,,,,,,,,,,'3;+;-;6;=;-;1','5;+;-;6;=;-;1'
1300,'-0+7=-2','-9+7=-2',single,1,0,9,,,,,,,,,,'-;0;+;7;=;-;2','-;9;+;7;=;-;2'
1301,'-9+-6=-12','-6+-6=-12',single,1,9,6,,,,,,,,,,'-;9;+;-;6;=;-;1;2','-;6;+;-;6;=;-;1;2'
1302,'-3--4=8','-3--11=8',single,4,4,11,,,,,,,,,,'-;3;-;-;4;=;8','-;3;-;-;11;=;8'
1303,'-0+-9=-18','-9+-9=-18',single,1,0,9,,,,,,,,,,'-;0;+;-;9;=;-;1;8','-;9;+;-;9;=;-;1;8'
1304,'-3--7=5','-2--7=5',single,1,3,2,,,,,,,,,,'-;3;-;-;7;=;5','-;2;-;-;7;=;5'
1305,'8--2=-2','0+-2=-2',minus_to_plus,0,8,0,1,-,+,,,,,,,'8;-;-;2;=;-;2','0;+;-;2;=;-;2'
1306,'-2+-1=-5','-2+-1=-3',single,7,5,3,,,,,,,,,,'-;2;+;-;1;=;-;5','-;2;+;-;1;=;-;3'
1307,'-9--1=-5','-6--1=-5',single,1,9,6,,,,,,,,,,'-;9;-;-;1;=;-;5','-;6;-;-;1;=;-;5'
1308,'5+-3=3','5+-3=2',single,5,3,2,,,,,,,,,,'5;+;-;3;=;3','5;+;-;3;=;2'
1309,'-8+5=-5','-8+3=-5',single,3,5,3,,,,,,,,,,'-;8;+;5;=;-;5','-;8;+;3;=;-;5'
1310,'-1--4=2','-1--4=3',single,6,2,3,,,,,,,,,,'-;1;-;-;4;=;2','-;1;-;-;4;=;3'
1311,'-7+1=-0','-7+1=-6',single,6,0,6,,,,,,,,,,'-;7;+;1;=;-;0','-;7;+;1;=;-;6'
1312,'-1+6=-7','-7+6=-1',multi,6,7,1,1,1,7,,,,,,,'-;1;+;6;=;-;7','-;7;+;6;=;-;1'
1313,'-8--0=-2','-8--6=-2',single,4,0,6,,,,,,,,,,'-;8;-;-;0;=;-;2','-;8;-;-;6;=;-;2'
1314,'5+-3=0','3+-3=0',single,0,5,3,,,,,,,,,,'5;+;-;3;=;0','3;+;-;3;=;0'
1315,'5+-6=-4','5+-9=-4',single,3,6,9,,,,,,,,,,'5;+;-;6;=;-;4','5;+;-;9;=;-;4'
1316,'3+-3=6','3+-3=0',single,5,6,0,,,,,,,,,,'3;+;-;3;=;6','3;+;-;3;=;0'
1317,'-9--5=4','-5--9=4',multi,1,9,5,4,5,9,,,,,,,'-;9;-;-;5;=;4','-;5;-;-;9;=;4'
1318,'-9+3=-4','-9+5=-4',single,3,3,5,,,,,,,,,,'-;9;+;3;=;-;4','-;9;+;5;=;-;4'
1319,'-1+-3=-6','-1+-5=-6',single,4,3,5,,,,,,,,,,'-;1;+;-;3;=;-;6','-;1;+;-;5;=;-;6'
1320,'-2+-7=-6','-2+-7=-9',single,7,6,9,,,,,,,,,,'-;2;+;-;7;=;-;6','-;2;+;-;7;=;-;9'
1321,'-2--6=8','-2--8=6',multi,6,8,6,4,6,8,,,,,,,'-;2;-;-;6;=;8','-;2;-;-;8;=;6'
1322,'-3+7=11','-3+7=4',single,5,11,4,,,,,,,,,,'-;3;+;7;=;11','-;3;+;7;=;4'
1323,'-11+-4=-13','-11+-4=-15',single,8,3,5,,,,,,,,,,'-;11;+;-;4;=;-;1;3','-;11;+;-;4;=;-;1;5'
1324,'3+-9=-9','3+-9=-6',single,6,9,6,,,,,,,,,,'3;+;-;9;=;-;9','3;+;-;9;=;-;6'
1325,'-8+-11=-12','-8+-4=-12',single,4,11,4,,,,,,,,,,'-;8;+;-;11;=;-;1;2','-;8;+;-;4;=;-;1;2'
1326,'-4+11=0','-11+11=0',single,1,4,11,,,,,,,,,,'-;4;+;11;=;0','-;11;+;11;=;0'
1327,'-4+-7=-18','-11+-7=-18',single,1,4,11,,,,,,,,,,'-;4;+;-;7;=;-;1;8','-;11;+;-;7;=;-;1;8'
1328,'3+-3=9','3+-3=0',single,5,9,0,,,,,,,,,,'3;+;-;3;=;9','3;+;-;3;=;0'
1329,'-9+7=-3','-9+7=-2',single,6,3,2,,,,,,,,,,'-;9;+;7;=;-;3','-;9;+;7;=;-;2'
1330,'-6=-8-2','-6--8=2',multi,2,=,-,5,-,=,,,,,,,'-;6;=;-;8;-;2','-;6;-;-;8;=;2'
1331,'-11+-5=-9','-4+-5=-9',single,1,11,4,,,,,,,,,,'-;11;+;-;5;=;-;9','-;4;+;-;5;=;-;9'
1332,'-3--9=-6','-9--3=-6',multi,4,9,3,1,3,9,,,,,,,'-;3;-;-;9;=;-;6','-;9;-;-;3;=;-;6'
1333,'-1+-5=-0','-1+-5=-6',single,7,0,6,,,,,,,,,,'-;1;+;-;5;=;-;0','-;1;+;-;5;=;-;6'
1334,'6=-3--0','6=-3--9',single,6,0,9,,,,,,,,,,'6;=;-;3;-;-;0','6;=;-;3;-;-;9'
1335,'-5=-0+4','-5=-9+4',single,4,0,9,,,,,,,,,,'-;5;=;-;0;+;4','-;5;=;-;9;+;4'
1336,'-6--6=3','-6--9=3',single,4,6,9,,,,,,,,,,'-;6;-;-;6;=;3','-;6;-;-;9;=;3'
1337,'4+-5=-9','4+-9=-5',multi,6,9,5,3,5,9,,,,,,,'4;+;-;5;=;-;9','4;+;-;9;=;-;5'
1338,'-3--7=11','-3--7=4',single,6,11,4,,,,,,,,,,'-;3;-;-;7;=;11','-;3;-;-;7;=;4'
1339,'0=-3--2','0=-3--3',single,6,2,3,,,,,,,,,,'0;=;-;3;-;-;2','0;=;-;3;-;-;3'
1340,'-6+-0=-15','-6+-9=-15',single,4,0,9,,,,,,,,,,'-;6;+;-;0;=;-;1;5','-;6;+;-;9;=;-;1;5'
1341,'-6--6=9','-6--6=0',single,6,9,0,,,,,,,,,,'-;6;-;-;6;=;9','-;6;-;-;6;=;0'
1342,'8+-5=5','8+-5=3',single,5,5,3,,,,,,,,,,'8;+;-;5;=;5','8;+;-;5;=;3'
1343,'-4--2=-9','-11--2=-9',single,1,4,11,,,,,,,,,,'-;4;-;-;2;=;-;9','-;11;-;-;2;=;-;9'
1344,'11+-3=6','11+-5=6',single,3,3,5,,,,,,,,,,'11;+;-;3;=;6','11;+;-;5;=;6'
1345,'5+-9=4','9+-5=4',multi,3,9,5,0,5,9,,,,,,,'5;+;-;9;=;4','9;+;-;5;=;4'
1346,'-7+-5=-13','-7+-5=-12',single,8,3,2,,,,,,,,,,'-;7;+;-;5;=;-;1;3','-;7;+;-;5;=;-;1;2'
1347,'-3+-5=-6','-3+-3=-6',single,4,5,3,,,,,,,,,,'-;3;+;-;5;=;-;6','-;3;+;-;3;=;-;6'
1348,'7+-4=2','7+-4=3',single,5,2,3,,,,,,,,,,'7;+;-;4;=;2','7;+;-;4;=;3'
1349,'1+-0=-5','1+-6=-5',single,3,0,6,,,,,,,,,,'1;+;-;0;=;-;5','1;+;-;6;=;-;5'
1350,'-2=-5--2','-2=-5--3',single,7,2,3,,,,,,,,,,'-;2;=;-;5;-;-;2','-;2;=;-;5;-;-;3'
1351,'5+-5=-2','3+-5=-2',single,0,5,3,,,,,,,,,,'5;+;-;5;=;-;2','3;+;-;5;=;-;2'
1352,'-4+9=2','-4+6=2',single,3,9,6,,,,,,,,,,'-;4;+;9;=;2','-;4;+;6;=;2'
1353,'2+-8=-0','2+-8=-6',single,6,0,6,,,,,,,,,,'2;+;-;8;=;-;0','2;+;-;8;=;-;6'
1354,'-8+9=-1','-9+8=-1',multi,1,8,9,3,9,8,,,,,,,'-;8;+;9;=;-;1','-;9;+;8;=;-;1'
1355,'-9=-3--6','-9--3=-6',multi,2,=,-,5,-,=,,,,,,,'-;9;=;-;3;-;-;6','-;9;-;-;3;=;-;6'
1356,'3+-6=9','9+-6=3',multi,5,9,3,0,3,9,,,,,,,'3;+;-;6;=;9','9;+;-;6;=;3'
1357,'-3--11=9','-2--11=9',single,1,3,2,,,,,,,,,,'-;3;-;-;11;=;9','-;2;-;-;11;=;9'
1358,'-4+-9=-10','-4+-6=-10',single,4,9,6,,,,,,,,,,'-;4;+;-;9;=;-;1;0','-;4;+;-;6;=;-;1;0'
1359,'-3=8+-4','-3=8+-11',single,6,4,11,,,,,,,,,,'-;3;=;8;+;-;4','-;3;=;8;+;-;11'
1360,'-0--8=-1','-9--8=-1',single,1,0,9,,,,,,,,,,'-;0;-;-;8;=;-;1','-;9;-;-;8;=;-;1'
1361,'-6+-9=-18','-9+-9=-18',single,1,6,9,,,,,,,,,,'-;6;+;-;9;=;-;1;8','-;9;+;-;9;=;-;1;8'
1362,'-1--7=9','-1--7=6',single,6,9,6,,,,,,,,,,'-;1;-;-;7;=;9','-;1;-;-;7;=;6'
1363,'-3+-7=-19','-3+-7=-10',single,8,9,0,,,,,,,,,,'-;3;+;-;7;=;-;1;9','-;3;+;-;7;=;-;1;0'
1364,'-3+-8=-4','-3+-8=-11',single,7,4,11,,,,,,,,,,'-;3;+;-;8;=;-;4','-;3;+;-;8;=;-;11'
1365,'-0=5+-11','-6=5+-11',single,1,0,6,,,,,,,,,,'-;0;=;5;+;-;11','-;6;=;5;+;-;11'
1366,'-5+-3=-6','-3+-3=-6',single,1,5,3,,,,,,,,,,'-;5;+;-;3;=;-;6','-;3;+;-;3;=;-;6'
1367,'-7--11=11','-7--11=4',single,6,11,4,,,,,,,,,,'-;7;-;-;11;=;11','-;7;-;-;11;=;4'
1368,'-7--7=9','-7--7=0',single,6,9,0,,,,,,,,,,'-;7;-;-;7;=;9','-;7;-;-;7;=;0'
1369,'-4=-1--3','-4--1=-3',multi,2,=,-,5,-,=,,,,,,,'-;4;=;-;1;-;-;3','-;4;-;-;1;=;-;3'
1370,'-3+6=-9','-9+6=-3',multi,6,9,3,1,3,9,,,,,,,'-;3;+;6;=;-;9','-;9;+;6;=;-;3'
1371,'-9--6=0','-6--6=0',single,1,9,6,,,,,,,,,,'-;9;-;-;6;=;0','-;6;-;-;6;=;0'
1372,'-11+-5=-10','-11+-5=-16',single,8,0,6,,,,,,,,,,'-;11;+;-;5;=;-;1;0','-;11;+;-;5;=;-;1;6'
1373,'-3+2=0','-3+3=0',single,3,2,3,,,,,,,,,,'-;3;+;2;=;0','-;3;+;3;=;0'
1374,'2=-7--0','2=-7--9',single,6,0,9,,,,,,,,,,'2;=;-;7;-;-;0','2;=;-;7;-;-;9'
1375,'-9--9=9','-9--9=0',single,6,9,0,,,,,,,,,,'-;9;-;-;9;=;9','-;9;-;-;9;=;0'
1376,'-3=-4+2','-2=-4+2',single,1,3,2,,,,,,,,,,'-;3;=;-;4;+;2','-;2;=;-;4;+;2'
1377,'-9+3=6','-3+9=6',multi,1,9,3,3,3,9,,,,,,,'-;9;+;3;=;6','-;3;+;9;=;6'
1378,'-2--9=6','-3--9=6',single,1,2,3,,,,,,,,,,'-;2;-;-;9;=;6','-;3;-;-;9;=;6'
1379,'-0+-1=-7','-6+-1=-7',single,1,0,6,,,,,,,,,,'-;0;+;-;1;=;-;7','-;6;+;-;1;=;-;7'
1380,'-6--11=2','-9--11=2',single,1,6,9,,,,,,,,,,'-;6;-;-;11;=;2','-;9;-;-;11;=;2'
1381,'-3+-4=-6','-2+-4=-6',single,1,3,2,,,,,,,,,,'-;3;+;-;4;=;-;6','-;2;+;-;4;=;-;6'
1382,'-2+0=7','-2+9=7',single,3,0,9,,,,,,,,,,'-;2;+;0;=;7','-;2;+;9;=;7'
1383,'-6+8=-1','-9+8=-1',single,1,6,9,,,,,,,,,,'-;6;+;8;=;-;1','-;9;+;8;=;-;1'
1384,'-9--3=-4','-9--5=-4',single,4,3,5,,,,,,,,,,'-;9;-;-;3;=;-;4','-;9;-;-;5;=;-;4'
1385,'-6+-11=-10','-6+-4=-10',single,4,11,4,,,,,,,,,,'-;6;+;-;11;=;-;1;0','-;6;+;-;4;=;-;1;0'
1386,'-9=-9+-3','-9=-6+-3',single,4,9,6,,,,,,,,,,'-;9;=;-;9;+;-;3','-;9;=;-;6;+;-;3'
1387,'-1+-6=-5','-1+-5=-6',multi,4,6,5,7,5,6,,,,,,,'-;1;+;-;6;=;-;5','-;1;+;-;5;=;-;6'
1388,'-3+-6=-6','-3+-6=-9',single,7,6,9,,,,,,,,,,'-;3;+;-;6;=;-;6','-;3;+;-;6;=;-;9'
1389,'-5--6=4','-5--9=4',single,4,6,9,,,,,,,,,,'-;5;-;-;6;=;4','-;5;-;-;9;=;4'
1390,'-8=-5--3','-8--5=-3',multi,2,=,-,5,-,=,,,,,,,'-;8;=;-;5;-;-;3','-;8;-;-;5;=;-;3'
1391,'-11+-11=-23','-11+-11=-22',single,8,3,2,,,,,,,,,,'-;11;+;-;11;=;-;2;3','-;11;+;-;11;=;-;2;2'
1392,'-2+-2=-5','-3+-2=-5',single,1,2,3,,,,,,,,,,'-;2;+;-;2;=;-;5','-;3;+;-;2;=;-;5'
1393,'-3--3=6','-3--3=0',single,6,6,0,,,,,,,,,,'-;3;-;-;3;=;6','-;3;-;-;3;=;0'
1394,'-3=-9+0','-3=-9+6',single,6,0,6,,,,,,,,,,'-;3;=;-;9;+;0','-;3;=;-;9;+;6'
1395,'9+-3=7','9+-2=7',single,3,3,2,,,,,,,,,,'9;+;-;3;=;7','9;+;-;2;=;7'
1396,'-9+-2=-8','-6+-2=-8',single,1,9,6,,,,,,,,,,'-;9;+;-;2;=;-;8','-;6;+;-;2;=;-;8'
1397,'1+-6=-8','1+-9=-8',single,3,6,9,,,,,,,,,,'1;+;-;6;=;-;8','1;+;-;9;=;-;8'
1398,'-4+-6=-19','-4+-6=-10',single,8,9,0,,,,,,,,,,'-;4;+;-;6;=;-;1;9','-;4;+;-;6;=;-;1;0'
1399,'5+-7=-3','5+-7=-2',single,6,3,2,,,,,,,,,,'5;+;-;7;=;-;3','5;+;-;7;=;-;2'
1400,'-4+-8=-19','-11+-8=-19',single,1,4,11,,,,,,,,,,'-;4;+;-;8;=;-;1;9','-;11;+;-;8;=;-;1;9'
1401,'-6--3=-4','-6--2=-4',single,4,3,2,,,,,,,,,,'-;6;-;-;3;=;-;4','-;6;-;-;2;=;-;4'
1402,'-9+9=3','-6+9=3',single,1,9,6,,,,,,,,,,'-;9;+;9;=;3','-;6;+;9;=;3'
1403,'2=-11--6','2=-4--6',single,3,11,4,,,,,,,,,,'2;=;-;11;-;-;6','2;=;-;4;-;-;6'
1404,'5+-8=-5','5+-8=-3',single,6,5,3,,,,,,,,,,'5;+;-;8;=;-;5','5;+;-;8;=;-;3'
1405,'-5+1=-6','-6+1=-5',multi,6,6,5,1,5,6,,,,,,,'-;5;+;1;=;-;6','-;6;+;1;=;-;5'
1406,'-3--9=0','-3--9=6',single,6,0,6,,,,,,,,,,'-;3;-;-;9;=;0','-;3;-;-;9;=;6'
1407,'-1=-11--3','-1=-4--3',single,4,11,4,,,,,,,,,,'-;1;=;-;11;-;-;3','-;1;=;-;4;-;-;3'
1408,'-2+-5=-8','-3+-5=-8',single,1,2,3,,,,,,,,,,'-;2;+;-;5;=;-;8','-;3;+;-;5;=;-;8'
1409,'-6=-4+-3','-6=-4+-2',single,7,3,2,,,,,,,,,,'-;6;=;-;4;+;-;3','-;6;=;-;4;+;-;2'
1410,'-11+8=-5','-11+8=-3',single,6,5,3,,,,,,,,,,'-;11;+;8;=;-;5','-;11;+;8;=;-;3'
1411,'-1+6=3','-1+6=5',single,5,3,5,,,,,,,,,,'-;1;+;6;=;3','-;1;+;6;=;5'
1412,'8+-2=5','8+-3=5',single,3,2,3,,,,,,,,,,'8;+;-;2;=;5','8;+;-;3;=;5'
1413,'8+-2=9','8+-2=6',single,5,9,6,,,,,,,,,,'8;+;-;2;=;9','8;+;-;2;=;6'
1414,'-11+3=-1','-4+3=-1',single,1,11,4,,,,,,,,,,'-;11;+;3;=;-;1','-;4;+;3;=;-;1'
1415,'-5+-6=-14','-5+-9=-14',single,4,6,9,,,,,,,,,,'-;5;+;-;6;=;-;1;4','-;5;+;-;9;=;-;1;4'
1416,'-2=-11-9','-2--11=9',multi,2,=,-,5,-,=,,,,,,,'-;2;=;-;11;-;9','-;2;-;-;11;=;9'
1417,'-6+-8=-17','-9+-8=-17',single,1,6,9,,,,,,,,,,'-;6;+;-;8;=;-;1;7','-;9;+;-;8;=;-;1;7'
1418,'-6--3=-9','-8--3=-5',multi,7,9,5,1,6,8,,,,,,,'-;6;-;-;3;=;-;9','-;8;-;-;3;=;-;5'
1419,'11+-11=7','11+-4=7',single,3,11,4,,,,,,,,,,'11;+;-;11;=;7','11;+;-;4;=;7'
1420,'-5--2=-1','-3--2=-1',single,1,5,3,,,,,,,,,,'-;5;-;-;2;=;-;1','-;3;-;-;2;=;-;1'
1421,'9+-11=5','9+-4=5',single,3,11,4,,,,,,,,,,'9;+;-;11;=;5','9;+;-;4;=;5'
1422,'6+-4=5','9+-4=5',single,0,6,9,,,,,,,,,,'6;+;-;4;=;5','9;+;-;4;=;5'
1423,'8+-11=-5','8+-11=-3',single,6,5,3,,,,,,,,,,'8;+;-;11;=;-;5','8;+;-;11;=;-;3'
1424,'4+-3=-1','4+-5=-1',single,3,3,5,,,,,,,,,,'4;+;-;3;=;-;1','4;+;-;5;=;-;1'
1425,'3+-8=-6','2+-8=-6',single,0,3,2,,,,,,,,,,'3;+;-;8;=;-;6','2;+;-;8;=;-;6'
1426,'-5+5=2','-3+5=2',single,1,5,3,,,,,,,,,,'-;5;+;5;=;2','-;3;+;5;=;2'
1427,'-3--6=4','-2--6=4',single,1,3,2,,,,,,,,,,'-;3;-;-;6;=;4','-;2;-;-;6;=;4'
1428,'-11+-2=-14','-11+-3=-14',single,4,2,3,,,,,,,,,,'-;11;+;-;2;=;-;1;4','-;11;+;-;3;=;-;1;4'
1429,'5+-11=-8','3+-11=-8',single,0,5,3,,,,,,,,,,'5;+;-;11;=;-;8','3;+;-;11;=;-;8'
1430,'-11+-9=-17','-11+-6=-17',single,4,9,6,,,,,,,,,,'-;11;+;-;9;=;-;1;7','-;11;+;-;6;=;-;1;7'
1431,'-1+7=-6','-7+1=-6',multi,3,7,1,1,1,7,,,,,,,'-;1;+;7;=;-;6','-;7;+;1;=;-;6'
1432,'2+-2=1','3+-2=1',single,0,2,3,,,,,,,,,,'2;+;-;2;=;1','3;+;-;2;=;1'
1433,'-5--9=11','-5--9=4',single,6,11,4,,,,,,,,,,'-;5;-;-;9;=;11','-;5;-;-;9;=;4'
1434,'-3=-8+6','-2=-8+6',single,1,3,2,,,,,,,,,,'-;3;=;-;8;+;6','-;2;=;-;8;+;6'
1435,'4+-4=7','11+-4=7',single,0,4,11,,,,,,,,,,'4;+;-;4;=;7','11;+;-;4;=;7'
1436,'2+-6=-3','3+-6=-3',single,0,2,3,,,,,,,,,,'2;+;-;6;=;-;3','3;+;-;6;=;-;3'
1437,'-2=-6-4','-2--6=4',multi,2,=,-,5,-,=,,,,,,,'-;2;=;-;6;-;4','-;2;-;-;6;=;4'
1438,'-11+-9=-29','-11+-9=-20',single,8,9,0,,,,,,,,,,'-;11;+;-;9;=;-;2;9','-;11;+;-;9;=;-;2;0'
1439,'-7=-3+-5','-7=-2+-5',single,4,3,2,,,,,,,,,,'-;7;=;-;3;+;-;5','-;7;=;-;2;+;-;5'
1440,'-6+5=-4','-9+5=-4',single,1,6,9,,,,,,,,,,'-;6;+;5;=;-;4','-;9;+;5;=;-;4'
1441,'-8=-9-1','-8--9=1',multi,2,=,-,5,-,=,,,,,,,'-;8;=;-;9;-;1','-;8;-;-;9;=;1'
1442,'-5+1=-2','-3+1=-2',single,1,5,3,,,,,,,,,,'-;5;+;1;=;-;2','-;3;+;1;=;-;2'
1443,'-3+-8=-13','-5+-8=-13',single,1,3,5,,,,,,,,,,'-;3;+;-;8;=;-;1;3','-;5;+;-;8;=;-;1;3'
1444,'-2+8=9','-2+8=6',single,5,9,6,,,,,,,,,,'-;2;+;8;=;9','-;2;+;8;=;6'
1445,'-4=-9-5','-4--9=5',multi,2,=,-,5,-,=,,,,,,,'-;4;=;-;9;-;5','-;4;-;-;9;=;5'
1446,'0=-3--2','0=-2--2',single,3,3,2,,,,,,,,,,'0;=;-;3;-;-;2','0;=;-;2;-;-;2'
1447,'-1+-5=-9','-1+-5=-6',single,7,9,6,,,,,,,,,,'-;1;+;-;5;=;-;9','-;1;+;-;5;=;-;6'
1448,'-2+-6=-9','-3+-6=-9',single,1,2,3,,,,,,,,,,'-;2;+;-;6;=;-;9','-;3;+;-;6;=;-;9'
1449,'6+-5=3','6+-3=3',single,3,5,3,,,,,,,,,,'6;+;-;5;=;3','6;+;-;3;=;3'
1450,'-2--7=4','-3--7=4',single,1,2,3,,,,,,,,,,'-;2;-;-;7;=;4','-;3;-;-;7;=;4'
1451,'-11=-5--6','-11--5=-6',multi,2,=,-,5,-,=,,,,,,,'-;11;=;-;5;-;-;6','-;11;-;-;5;=;-;6'
1452,'-6+3=-6','-9+3=-6',single,1,6,9,,,,,,,,,,'-;6;+;3;=;-;6','-;9;+;3;=;-;6'
1453,'-4=-2+-3','-4=-2+-2',single,7,3,2,,,,,,,,,,'-;4;=;-;2;+;-;3','-;4;=;-;2;+;-;2'
1454,'-2+-9=-8','-2+-6=-8',single,4,9,6,,,,,,,,,,'-;2;+;-;9;=;-;8','-;2;+;-;6;=;-;8'
1455,'1+-0=-8','1+-9=-8',single,3,0,9,,,,,,,,,,'1;+;-;0;=;-;8','1;+;-;9;=;-;8'
1456,'9+-7=-1','6+-7=-1',single,0,9,6,,,,,,,,,,'9;+;-;7;=;-;1','6;+;-;7;=;-;1'
1457,'-3+-1=-3','-2+-1=-3',single,1,3,2,,,,,,,,,,'-;3;+;-;1;=;-;3','-;2;+;-;1;=;-;3'
1458,'-11+-1=-78','-11+-7=-18',multi,7,7,1,4,1,7,,,,,,,'-;11;+;-;1;=;-;7;8','-;11;+;-;7;=;-;1;8'
1459,'-8+5=-2','-8+5=-3',single,6,2,3,,,,,,,,,,'-;8;+;5;=;-;2','-;8;+;5;=;-;3'
1460,'-2--2=1','-2--3=1',single,4,2,3,,,,,,,,,,'-;2;-;-;2;=;1','-;2;-;-;3;=;1'
1461,'-5--7=3','-5--7=2',single,6,3,2,,,,,,,,,,'-;5;-;-;7;=;3','-;5;-;-;7;=;2'
1462,'-11=-0+-2','-11=-9+-2',single,4,0,9,,,,,,,,,,'-;11;=;-;0;+;-;2','-;11;=;-;9;+;-;2'
1463,'0=11+-5','6=11+-5',single,0,0,6,,,,,,,,,,'0;=;11;+;-;5','6;=;11;+;-;5'
1464,'-2+2=-1','-3+2=-1',single,1,2,3,,,,,,,,,,'-;2;+;2;=;-;1','-;3;+;2;=;-;1'
1465,'-2--3=0','-2--2=0',single,4,3,2,,,,,,,,,,'-;2;-;-;3;=;0','-;2;-;-;2;=;0'
1466,'3+-11=-1','3+-4=-1',single,3,11,4,,,,,,,,,,'3;+;-;11;=;-;1','3;+;-;4;=;-;1'
1467,'-8=-1--7','-8--1=-7',multi,2,=,-,5,-,=,,,,,,,'-;8;=;-;1;-;-;7','-;8;-;-;1;=;-;7'
1468,'-5--3=0','-3--3=0',single,1,5,3,,,,,,,,,,'-;5;-;-;3;=;0','-;3;-;-;3;=;0'
1469,'-5+8=5','-3+8=5',single,1,5,3,,,,,,,,,,'-;5;+;8;=;5','-;3;+;8;=;5'
1470,'-3+-6=-8','-2+-6=-8',single,1,3,2,,,,,,,,,,'-;3;+;-;6;=;-;8','-;2;+;-;6;=;-;8'
1471,'-1--0=5','-1--6=5',single,4,0,6,,,,,,,,,,'-;1;-;-;0;=;5','-;1;-;-;6;=;5'
1472,'5+-0=-1','5+-6=-1',single,3,0,6,,,,,,,,,,'5;+;-;0;=;-;1','5;+;-;6;=;-;1'
1473,'-3+7=2','-5+7=2',single,1,3,5,,,,,,,,,,'-;3;+;7;=;2','-;5;+;7;=;2'
1474,'-11+-0=-17','-11+-6=-17',single,4,0,6,,,,,,,,,,'-;11;+;-;0;=;-;1;7','-;11;+;-;6;=;-;1;7'
1475,'4+-1=2','4+-1=3',single,5,2,3,,,,,,,,,,'4;+;-;1;=;2','4;+;-;1;=;3'
1476,'-2+-8=-19','-2+-8=-10',single,8,9,0,,,,,,,,,,'-;2;+;-;8;=;-;1;9','-;2;+;-;8;=;-;1;0'
1477,'-8--11=-4','-8--4=-4',single,4,11,4,,,,,,,,,,'-;8;-;-;11;=;-;4','-;8;-;-;4;=;-;4'
1478,'-6--9=0','-9--9=0',single,1,6,9,,,,,,,,,,'-;6;-;-;9;=;0','-;9;-;-;9;=;0'
1479,'0+-6=3','9+-6=3',single,0,0,9,,,,,,,,,,'0;+;-;6;=;3','9;+;-;6;=;3'
1480,'-9+-1=-8','-8+-1=-9',multi,7,8,9,1,9,8,,,,,,,'-;9;+;-;1;=;-;8','-;8;+;-;1;=;-;9'
1481,'-9+-11=-29','-9+-11=-20',single,8,9,0,,,,,,,,,,'-;9;+;-;11;=;-;2;9','-;9;+;-;11;=;-;2;0'
1482,'-11--0=-2','-11--9=-2',single,4,0,9,,,,,,,,,,'-;11;-;-;0;=;-;2','-;11;-;-;9;=;-;2'
1483,'-11--1=-19','-11--1=-10',single,8,9,0,,,,,,,,,,'-;11;-;-;1;=;-;1;9','-;11;-;-;1;=;-;1;0'
1484,'-1+-8=-0','-1+-8=-9',single,7,0,9,,,,,,,,,,'-;1;+;-;8;=;-;0','-;1;+;-;8;=;-;9'
1485,'-8--2=-9','-8--2=-6',single,7,9,6,,,,,,,,,,'-;8;-;-;2;=;-;9','-;8;-;-;2;=;-;6'
1486,'-0--5=-1','-6--5=-1',single,1,0,6,,,,,,,,,,'-;0;-;-;5;=;-;1','-;6;-;-;5;=;-;1'
1487,'4+-5=1','4+-3=1',single,3,5,3,,,,,,,,,,'4;+;-;5;=;1','4;+;-;3;=;1'
1488,'-5+6=3','-3+6=3',single,1,5,3,,,,,,,,,,'-;5;+;6;=;3','-;3;+;6;=;3'
1489,'-8=-3--5','-8--3=-5',multi,2,=,-,5,-,=,,,,,,,'-;8;=;-;3;-;-;5','-;8;-;-;3;=;-;5'
1490,'-7+5=-4','-7+3=-4',single,3,5,3,,,,,,,,,,'-;7;+;5;=;-;4','-;7;+;3;=;-;4'
1491,'3+9=0','9-9=0',plus_to_minus,1,+,-,0,3,9,,,,,,,'3;+;9;=;0','9;-;9;=;0'
1492,'5+0=-3','5-8=-3',plus_to_minus,1,+,-,2,0,8,,,,,,,'5;+;0;=;-;3','5;-;8;=;-;3'
1493,'0+2=6','8-2=6',plus_to_minus,1,+,-,0,0,8,,,,,,,'0;+;2;=;6','8;-;2;=;6'
1494,'-5+-4=-2','-6--4=-2',plus_to_minus,2,+,-,1,5,6,,,,,,,'-;5;+;-;4;=;-;2','-;6;-;-;4;=;-;2'
1495,'-2+-9=1','-2--9=7',plus_to_minus,2,+,-,6,1,7,,,,,,,'-;2;+;-;9;=;1','-;2;-;-;9;=;7'
1496,'-2+-1=5','-2--7=5',plus_to_minus,2,+,-,4,1,7,,,,,,,'-;2;+;-;1;=;5','-;2;-;-;7;=;5'
1497,'0+-9=3','0--9=9',plus_to_minus,1,+,-,5,3,9,,,,,,,'0;+;-;9;=;3','0;-;-;9;=;9'
1498,'9+4=4','8-4=4',plus_to_minus,1,+,-,0,9,8,,,,,,,'9;+;4;=;4','8;-;4;=;4'
1499,'3+9=0','9-9=0',plus_to_minus,1,+,-,0,3,9,,,,,,,'3;+;9;=;0','9;-;9;=;0'
1500,'2+1=-5','2-7=-5',plus_to_minus,1,+,-,2,1,7,,,,,,,'2;+;1;=;-;5','2;-;7;=;-;5'
1501,'-5+-2=-4','-6--2=-4',plus_to_minus,2,+,-,1,5,6,,,,,,,'-;5;+;-;2;=;-;4','-;6;-;-;2;=;-;4'
1502,'0+-9=3','0--9=9',plus_to_minus,1,+,-,5,3,9,,,,,,,'0;+;-;9;=;3','0;-;-;9;=;9'
1503,'-6+0=-5','-6-0=-6',plus_to_minus,2,+,-,6,5,6,,,,,,,'-;6;+;0;=;-;5','-;6;-;0;=;-;6'
1504,'-3+-5=-4','-9--5=-4',plus_to_minus,2,+,-,1,3,9,,,,,,,'-;3;+;-;5;=;-;4','-;9;-;-;5;=;-;4'
1505,'-1+-5=-2','-7--5=-2',plus_to_minus,2,+,-,1,1,7,,,,,,,'-;1;+;-;5;=;-;2','-;7;-;-;5;=;-;2'
1506,'4+1=-3','4-7=-3',plus_to_minus,1,+,-,2,1,7,,,,,,,'4;+;1;=;-;3','4;-;7;=;-;3'
1507,'-4+5=-3','-4-5=-9',plus_to_minus,2,+,-,6,3,9,,,,,,,'-;4;+;5;=;-;3','-;4;-;5;=;-;9'
1508,'-3+-4=-5','-9--4=-5',plus_to_minus,2,+,-,1,3,9,,,,,,,'-;3;+;-;4;=;-;5','-;9;-;-;4;=;-;5'
1509,'3+0=9','9-0=9',plus_to_minus,1,+,-,0,3,9,,,,,,,'3;+;0;=;9','9;-;0;=;9'
1510,'-5+3=-9','-6-3=-9',plus_to_minus,2,+,-,1,5,6,,,,,,,'-;5;+;3;=;-;9','-;6;-;3;=;-;9'
1511,'-5+-3=-3','-6--3=-3',plus_to_minus,2,+,-,1,5,6,,,,,,,'-;5;+;-;3;=;-;3','-;6;-;-;3;=;-;3'
1512,'2+-5=1','2--5=7',plus_to_minus,1,+,-,5,1,7,,,,,,,'2;+;-;5;=;1','2;-;-;5;=;7'
1513,'-1+-6=-1','-7--6=-1',plus_to_minus,2,+,-,1,1,7,,,,,,,'-;1;+;-;6;=;-;1','-;7;-;-;6;=;-;1'
1514,'-3+4=-1','-3-4=-7',plus_to_minus,2,+,-,6,1,7,,,,,,,'-;3;+;4;=;-;1','-;3;-;4;=;-;7'
1515,'-2+-9=1','-2--9=7',plus_to_minus,2,+,-,6,1,7,,,,,,,'-;2;+;-;9;=;1','-;2;-;-;9;=;7'
1516,'-6+1=-1','-6-1=-7',plus_to_minus,2,+,-,6,1,7,,,,,,,'-;6;+;1;=;-;1','-;6;-;1;=;-;7'
1517,'2+-5=8','2--6=8',plus_to_minus,1,+,-,3,5,6,,,,,,,'2;+;-;5;=;8','2;-;-;6;=;8'
1518,'-5+-5=-1','-6--5=-1',plus_to_minus,2,+,-,1,5,6,,,,,,,'-;5;+;-;5;=;-;1','-;6;-;-;5;=;-;1'
1519,'-5+0=-6','-6-0=-6',plus_to_minus,2,+,-,1,5,6,,,,,,,'-;5;+;0;=;-;6','-;6;-;0;=;-;6'
1520,'-3+3=-5','-3-3=-6',plus_to_minus,2,+,-,6,5,6,,,,,,,'-;3;+;3;=;-;5','-;3;-;3;=;-;6'
1521,'2+-5=1','2--5=7',plus_to_minus,1,+,-,5,1,7,,,,,,,'2;+;-;5;=;1','2;-;-;5;=;7'
1522,'-1+-7=0','-7--7=0',plus_to_minus,2,+,-,1,1,7,,,,,,,'-;1;+;-;7;=;0','-;7;-;-;7;=;0'
1523,'4+1=-3','4-7=-3',plus_to_minus,1,+,-,2,1,7,,,,,,,'4;+;1;=;-;3','4;-;7;=;-;3'
1524,'-2+1=-9','-2-7=-9',plus_to_minus,2,+,-,3,1,7,,,,,,,'-;2;+;1;=;-;9','-;2;-;7;=;-;9'
1525,'5+3=3','6-3=3',plus_to_minus,1,+,-,0,5,6,,,,,,,'5;+;3;=;3','6;-;3;=;3'
1526,'-3+5=-9','-3-6=-9',plus_to_minus,2,+,-,3,5,6,,,,,,,'-;3;+;5;=;-;9','-;3;-;6;=;-;9'
1527,'0+-1=7','0--7=7',plus_to_minus,1,+,-,3,1,7,,,,,,,'0;+;-;1;=;7','0;-;-;7;=;7'
1528,'-3+5=-9','-3-6=-9',plus_to_minus,2,+,-,3,5,6,,,,,,,'-;3;+;5;=;-;9','-;3;-;6;=;-;9'
1529,'8+3=-1','8-9=-1',plus_to_minus,1,+,-,2,3,9,,,,,,,'8;+;3;=;-;1','8;-;9;=;-;1'
1530,'-5+2=-8','-6-2=-8',plus_to_minus,2,+,-,1,5,6,,,,,,,'-;5;+;2;=;-;8','-;6;-;2;=;-;8'
1531,'8+3=-1','8-9=-1',plus_to_minus,1,+,-,2,3,9,,,,,,,'8;+;3;=;-;1','8;-;9;=;-;1'
1532,'0+0=-8','0-8=-8',plus_to_minus,1,+,-,2,0,8,,,,,,,'0;+;0;=;-;8','0;-;8;=;-;8'
1533,'-1+-8=1','-7--8=1',plus_to_minus,2,+,-,1,1,7,,,,,,,'-;1;+;-;8;=;1','-;7;-;-;8;=;1'
1534,'-2+-9=1','-2--9=7',plus_to_minus,2,+,-,6,1,7,,,,,,,'-;2;+;-;9;=;1','-;2;-;-;9;=;7'
1535,'-3+-7=-2','-9--7=-2',plus_to_minus,2,+,-,1,3,9,,,,,,,'-;3;+;-;7;=;-;2','-;9;-;-;7;=;-;2'
1536,'3+4=5','9-4=5',plus_to_minus,1,+,-,0,3,9,,,,,,,'3;+;4;=;5','9;-;4;=;5'
1537,'-3+-2=-7','-9--2=-7',plus_to_minus,2,+,-,1,3,9,,,,,,,'-;3;+;-;2;=;-;7','-;9;-;-;2;=;-;7'
1538,'-5+1=-5','-5-1=-6',plus_to_minus,2,+,-,6,5,6,,,,,,,'-;5;+;1;=;-;5','-;5;-;1;=;-;6'
1539,'5+-4=3','5--4=9',plus_to_minus,1,+,-,5,3,9,,,,,,,'5;+;-;4;=;3','5;-;-;4;=;9'
1540,'-3+-1=-8','-9--1=-8',plus_to_minus,2,+,-,1,3,9,,,,,,,'-;3;+;-;1;=;-;8','-;9;-;-;1;=;-;8'
1541,'-6+-1=1','-6--7=1',plus_to_minus,2,+,-,4,1,7,,,,,,,'-;6;+;-;1;=;1','-;6;-;-;7;=;1'
1542,'3+6=3','9-6=3',plus_to_minus,1,+,-,0,3,9,,,,,,,'3;+;6;=;3','9;-;6;=;3'
1543,'-5+-4=-2','-6--4=-2',plus_to_minus,2,+,-,1,5,6,,,,,,,'-;5;+;-;4;=;-;2','-;6;-;-;4;=;-;2'
1544,'-4+-5=2','-4--6=2',plus_to_minus,2,+,-,4,5,6,,,,,,,'-;4;+;-;5;=;2','-;4;-;-;6;=;2'
1545,'5+0=6','6-0=6',plus_to_minus,1,+,-,0,5,6,,,,,,,'5;+;0;=;6','6;-;0;=;6'
1546,'-7+-3=2','-7--9=2',plus_to_minus,2,+,-,4,3,9,,,,,,,'-;7;+;-;3;=;2','-;7;-;-;9;=;2'
1547,'-3+-2=-7','-9--2=-7',plus_to_minus,2,+,-,1,3,9,,,,,,,'-;3;+;-;2;=;-;7','-;9;-;-;2;=;-;7'
1548,'5+5=1','6-5=1',plus_to_minus,1,+,-,0,5,6,,,,,,,'5;+;5;=;1','6;-;5;=;1'
1549,'7+3=-2','7-9=-2',plus_to_minus,1,+,-,2,3,9,,,,,,,'7;+;3;=;-;2','7;-;9;=;-;2'
1550,'7+1=0','7-7=0',plus_to_minus,1,+,-,2,1,7,,,,,,,'7;+;1;=;0','7;-;7;=;0'
1551,'-2+-5=4','-2--6=4',plus_to_minus,2,+,-,4,5,6,,,,,,,'-;2;+;-;5;=;4','-;2;-;-;6;=;4'
1552,'3+3=-6','3-9=-6',plus_to_minus,1,+,-,2,3,9,,,,,,,'3;+;3;=;-;6','3;-;9;=;-;6'
1553,'-8+-3=1','-8--9=1',plus_to_minus,2,+,-,4,3,9,,,,,,,'-;8;+;-;3;=;1','-;8;-;-;9;=;1'
1554,'1+2=5','7-2=5',plus_to_minus,1,+,-,0,1,7,,,,,,,'1;+;2;=;5','7;-;2;=;5'
1555,'1+-2=9','7--2=9',plus_to_minus,1,+,-,0,1,7,,,,,,,'1;+;-;2;=;9','7;-;-;2;=;9'
1556,'3+5=-3','3-6=-3',plus_to_minus,1,+,-,2,5,6,,,,,,,'3;+;5;=;-;3','3;-;6;=;-;3'
1557,'-9+-2=-1','-9--2=-7',plus_to_minus,2,+,-,7,1,7,,,,,,,'-;9;+;-;2;=;-;1','-;9;-;-;2;=;-;7'
1558,'-5+-1=-5','-6--1=-5',plus_to_minus,2,+,-,1,5,6,,,,,,,'-;5;+;-;1;=;-;5','-;6;-;-;1;=;-;5'
1559,'3+-4=1','3--4=7',plus_to_minus,1,+,-,5,1,7,,,,,,,'3;+;-;4;=;1','3;-;-;4;=;7'
1560,'-3+-1=-8','-9--1=-8',plus_to_minus,2,+,-,1,3,9,,,,,,,'-;3;+;-;1;=;-;8','-;9;-;-;1;=;-;8'
1561,'2+5=-4','2-6=-4',plus_to_minus,1,+,-,2,5,6,,,,,,,'2;+;5;=;-;4','2;-;6;=;-;4'
1562,'0+6=-5','0-6=-6',plus_to_minus,1,+,-,5,5,6,,,,,,,'0;+;6;=;-;5','0;-;6;=;-;6'
1563,'-6+-1=1','-6--7=1',plus_to_minus,2,+,-,4,1,7,,,,,,,'-;6;+;-;1;=;1','-;6;-;-;7;=;1'
1564,'-5+-4=-2','-6--4=-2',plus_to_minus,2,+,-,1,5,6,,,,,,,'-;5;+;-;4;=;-;2','-;6;-;-;4;=;-;2'
1565,'1+-5=5','1--5=6',plus_to_minus,1,+,-,5,5,6,,,,,,,'1;+;-;5;=;5','1;-;-;5;=;6'
1566,'5+3=3','6-3=3',plus_to_minus,1,+,-,0,5,6,,,,,,,'5;+;3;=;3','6;-;3;=;3'
1567,'3+3=-6','3-9=-6',plus_to_minus,1,+,-,2,3,9,,,,,,,'3;+;3;=;-;6','3;-;9;=;-;6'
1568,'0+7=-1','0-7=-7',plus_to_minus,1,+,-,5,1,7,,,,,,,'0;+;7;=;-;1','0;-;7;=;-;7'
1569,'-4+-3=5','-4--9=5',plus_to_minus,2,+,-,4,3,9,,,,,,,'-;4;+;-;3;=;5','-;4;-;-;9;=;5'
1570,'8+0=0','8-0=8',plus_to_minus,1,+,-,4,0,8,,,,,,,'8;+;0;=;0','8;-;0;=;8'
1571,'8+-1=3','8--1=9',plus_to_minus,1,+,-,5,3,9,,,,,,,'8;+;-;1;=;3','8;-;-;1;=;9'
1572,'2+3=-7','2-9=-7',plus_to_minus,1,+,-,2,3,9,,,,,,,'2;+;3;=;-;7','2;-;9;=;-;7'
1573,'5+7=-1','6-7=-1',plus_to_minus,1,+,-,0,5,6,,,,,,,'5;+;7;=;-;1','6;-;7;=;-;1'
1574,'-6+-5=0','-6--6=0',plus_to_minus,2,+,-,4,5,6,,,,,,,'-;6;+;-;5;=;0','-;6;-;-;6;=;0'
1575,'-9+-2=-1','-9--2=-7',plus_to_minus,2,+,-,7,1,7,,,,,,,'-;9;+;-;2;=;-;1','-;9;-;-;2;=;-;7'
1576,'-3+4=-1','-3-4=-7',plus_to_minus,2,+,-,6,1,7,,,,,,,'-;3;+;4;=;-;1','-;3;-;4;=;-;7'
1577,'3+-4=1','3--4=7',plus_to_minus,1,+,-,5,1,7,,,,,,,'3;+;-;4;=;1','3;-;-;4;=;7'
1578,'-2+5=-8','-2-6=-8',plus_to_minus,2,+,-,3,5,6,,,,,,,'-;2;+;5;=;-;8','-;2;-;6;=;-;8'
1579,'-3+-9=0','-9--9=0',plus_to_minus,2,+,-,1,3,9,,,,,,,'-;3;+;-;9;=;0','-;9;-;-;9;=;0'
1580,'-9+0=-3','-9-0=-9',plus_to_minus,2,+,-,6,3,9,,,,,,,'-;9;+;0;=;-;3','-;9;-;0;=;-;9'
1581,'2+5=-4','2-6=-4',plus_to_minus,1,+,-,2,5,6,,,,,,,'2;+;5;=;-;4','2;-;6;=;-;4'
1582,'0+7=1','8-7=1',plus_to_minus,1,+,-,0,0,8,,,,,,,'0;+;7;=;1','8;-;7;=;1'
1583,'3+2=7','9-2=7',plus_to_minus,1,+,-,0,3,9,,,,,,,'3;+;2;=;7','9;-;2;=;7'
1584,'-9-2=-1','-3+2=-1',minus_to_plus,1,9,3,2,-,+,,,,,,,'-;9;-;2;=;-;1','-;3;+;2;=;-;1'
1585,'0+5=3','8-5=3',plus_to_minus,1,+,-,0,0,8,,,,,,,'0;+;5;=;3','8;-;5;=;3'
1586,'-4+4=-9','-4-4=-8',plus_to_minus,2,+,-,6,9,8,,,,,,,'-;4;+;4;=;-;9','-;4;-;4;=;-;8'
1587,'-3+6=-3','-3-6=-9',plus_to_minus,2,+,-,6,3,9,,,,,,,'-;3;+;6;=;-;3','-;3;-;6;=;-;9'
1588,'-5+-3=4','-5--9=4',plus_to_minus,2,+,-,4,3,9,,,,,,,'-;5;+;-;3;=;4','-;5;-;-;9;=;4'
1589,'5+-2=8','6--2=8',plus_to_minus,1,+,-,0,5,6,,,,,,,'5;+;-;2;=;8','6;-;-;2;=;8'
1590,'5+0=-3','5-8=-3',plus_to_minus,1,+,-,2,0,8,,,,,,,'5;+;0;=;-;3','5;-;8;=;-;3'
1591,'-3+6=-3','-3-6=-9',plus_to_minus,2,+,-,6,3,9,,,,,,,'-;3;+;6;=;-;3','-;3;-;6;=;-;9'
1592,'-5+-2=-4','-6--2=-4',plus_to_minus,2,+,-,1,5,6,,,,,,,'-;5;+;-;2;=;-;4','-;6;-;-;2;=;-;4'
1593,'-4+2=-5','-4-2=-6',plus_to_minus,2,+,-,6,5,6,,,,,,,'-;4;+;2;=;-;5','-;4;-;2;=;-;6'
1594,'-5+-6=0','-6--6=0',plus_to_minus,2,+,-,1,5,6,,,,,,,'-;5;+;-;6;=;0','-;6;-;-;6;=;0'
1595,'-5+4=-3','-5-4=-9',plus_to_minus,2,+,-,6,3,9,,,,,,,'-;5;+;4;=;-;3','-;5;-;4;=;-;9'
1596,'-8+-2=-5','-8--2=-6',plus_to_minus,2,+,-,7,5,6,,,,,,,'-;8;+;-;2;=;-;5','-;8;-;-;2;=;-;6'
1597,'-2+4=-5','-2-4=-6',plus_to_minus,2,+,-,6,5,6,,,,,,,'-;2;+;4;=;-;5','-;2;-;4;=;-;6'
1598,'1+5=2','7-5=2',plus_to_minus,1,+,-,0,1,7,,,,,,,'1;+;5;=;2','7;-;5;=;2'
1599,'5+-2=1','5--2=7',plus_to_minus,1,+,-,5,1,7,,,,,,,'5;+;-;2;=;1','5;-;-;2;=;7'
1600,'-5+-4=-2','-6--4=-2',plus_to_minus,2,+,-,1,5,6,,,,,,,'-;5;+;-;4;=;-;2','-;6;-;-;4;=;-;2'
1601,'4+3=-5','4-9=-5',plus_to_minus,1,+,-,2,3,9,,,,,,,'4;+;3;=;-;5','4;-;9;=;-;5'
1602,'3+4=5','9-4=5',plus_to_minus,1,+,-,0,3,9,,,,,,,'3;+;4;=;5','9;-;4;=;5'
1603,'-3+-3=6','-3--9=6',plus_to_minus,2,+,-,4,3,9,,,,,,,'-;3;+;-;3;=;6','-;3;-;-;9;=;6'
1604,'-1+0=-7','-7-0=-7',plus_to_minus,2,+,-,1,1,7,,,,,,,'-;1;+;0;=;-;7','-;7;-;0;=;-;7'
1605,'9+1=0','9-1=8',plus_to_minus,1,+,-,4,0,8,,,,,,,'9;+;1;=;0','9;-;1;=;8'
1606,'-2+-1=5','-2--7=5',plus_to_minus,2,+,-,4,1,7,,,,,,,'-;2;+;-;1;=;5','-;2;-;-;7;=;5'
1607,'-3+6=-3','-3-6=-9',plus_to_minus,2,+,-,6,3,9,,,,,,,'-;3;+;6;=;-;3','-;3;-;6;=;-;9'
1608,'-1+-7=5','-1--7=6',plus_to_minus,2,+,-,6,5,6,,,,,,,'-;1;+;-;7;=;5','-;1;-;-;7;=;6'
1609,'-1+-8=1','-1--8=7',plus_to_minus,2,+,-,6,1,7,,,,,,,'-;1;+;-;8;=;1','-;1;-;-;8;=;7'
1610,'3+-5=0','3--5=8',plus_to_minus,1,+,-,5,0,8,,,,,,,'3;+;-;5;=;0','3;-;-;5;=;8'
1611,'9+4=4','8-4=4',plus_to_minus,1,+,-,0,9,8,,,,,,,'9;+;4;=;4','8;-;4;=;4'
1612,'1+-1=8','7--1=8',plus_to_minus,1,+,-,0,1,7,,,,,,,'1;+;-;1;=;8','7;-;-;1;=;8'
1613,'-5+0=-6','-6-0=-6',plus_to_minus,2,+,-,1,5,6,,,,,,,'-;5;+;0;=;-;6','-;6;-;0;=;-;6'
1614,'-5+4=-3','-5-4=-9',plus_to_minus,2,+,-,6,3,9,,,,,,,'-;5;+;4;=;-;3','-;5;-;4;=;-;9'
1615,'-1+5=-5','-1-5=-6',plus_to_minus,2,+,-,6,5,6,,,,,,,'-;1;+;5;=;-;5','-;1;-;5;=;-;6'
1616,'-5+-5=-1','-6--5=-1',plus_to_minus,2,+,-,1,5,6,,,,,,,'-;5;+;-;5;=;-;1','-;6;-;-;5;=;-;1'
1617,'1+4=3','7-4=3',plus_to_minus,1,+,-,0,1,7,,,,,,,'1;+;4;=;3','7;-;4;=;3'
1618,'6+0=5','6-0=6',plus_to_minus,1,+,-,4,5,6,,,,,,,'6;+;0;=;5','6;-;0;=;6'
1619,'-6+1=-1','-6-1=-7',plus_to_minus,2,+,-,6,1,7,,,,,,,'-;6;+;1;=;-;1','-;6;-;1;=;-;7'
1620,'2+-7=3','2--7=9',plus_to_minus,1,+,-,5,3,9,,,,,,,'2;+;-;7;=;3','2;-;-;7;=;9'
1621,'-2+5=-1','-2-5=-7',plus_to_minus,2,+,-,6,1,7,,,,,,,'-;2;+;5;=;-;1','-;2;-;5;=;-;7'
1622,'-4+-1=3','-4--7=3',plus_to_minus,2,+,-,4,1,7,,,,,,,'-;4;+;-;1;=;3','-;4;-;-;7;=;3'
1623,'1+6=1','7-6=1',plus_to_minus,1,+,-,0,1,7,,,,,,,'1;+;6;=;1','7;-;6;=;1'
1624,'-1+-4=-3','-7--4=-3',plus_to_minus,2,+,-,1,1,7,,,,,,,'-;1;+;-;4;=;-;3','-;7;-;-;4;=;-;3'
1625,'-6-3=-2','-5+3=-2',minus_to_plus,1,6,5,2,-,+,,,,,,,'-;6;-;3;=;-;2','-;5;+;3;=;-;2'
1626,'-7--6=-7','-1+-6=-7',minus_to_plus,1,7,1,2,-,+,,,,,,,'-;7;-;-;6;=;-;7','-;1;+;-;6;=;-;7'
1627,'6--8=-3','5+-8=-3',minus_to_plus,0,6,5,1,-,+,,,,,,,'6;-;-;8;=;-;3','5;+;-;8;=;-;3'
1628,'-9-8=-9','-9+0=-9',minus_to_plus,3,8,0,2,-,+,,,,,,,'-;9;-;8;=;-;9','-;9;+;0;=;-;9'
1629,'0-8=9','0+9=9',minus_to_plus,2,8,9,1,-,+,,,,,,,'0;-;8;=;9','0;+;9;=;9'
1630,'2--2=8','2+-2=0',minus_to_plus,5,8,0,1,-,+,,,,,,,'2;-;-;2;=;8','2;+;-;2;=;0'
1631,'7--4=9','7+-4=3',minus_to_plus,5,9,3,1,-,+,,,,,,,'7;-;-;4;=;9','7;+;-;4;=;3'
1632,'-2--9=-5','-2+-3=-5',minus_to_plus,4,9,3,2,-,+,,,,,,,'-;2;-;-;9;=;-;5','-;2;+;-;3;=;-;5'
1633,'8--8=-8','0+-8=-8',minus_to_plus,0,8,0,1,-,+,,,,,,,'8;-;-;8;=;-;8','0;+;-;8;=;-;8'
1634,'1--8=-5','1+-6=-5',minus_to_plus,3,8,6,1,-,+,,,,,,,'1;-;-;8;=;-;5','1;+;-;6;=;-;5'
1635,'-8-8=-1','-9+8=-1',minus_to_plus,1,8,9,2,-,+,,,,,,,'-;8;-;8;=;-;1','-;9;+;8;=;-;1'
1636,'-7-8=2','-7+9=2',minus_to_plus,3,8,9,2,-,+,,,,,,,'-;7;-;8;=;2','-;7;+;9;=;2'
1637,'-9-2=-1','-3+2=-1',minus_to_plus,1,9,3,2,-,+,,,,,,,'-;9;-;2;=;-;1','-;3;+;2;=;-;1'
1638,'-7--6=-7','-1+-6=-7',minus_to_plus,1,7,1,2,-,+,,,,,,,'-;7;-;-;6;=;-;7','-;1;+;-;6;=;-;7'
1639,'6--1=4','5+-1=4',minus_to_plus,0,6,5,1,-,+,,,,,,,'6;-;-;1;=;4','5;+;-;1;=;4'
1640,'6--2=3','5+-2=3',minus_to_plus,0,6,5,1,-,+,,,,,,,'6;-;-;2;=;3','5;+;-;2;=;3'
1641,'4--9=1','4+-3=1',minus_to_plus,3,9,3,1,-,+,,,,,,,'4;-;-;9;=;1','4;+;-;3;=;1'
1642,'-7-8=7','-1+8=7',minus_to_plus,1,7,1,2,-,+,,,,,,,'-;7;-;8;=;7','-;1;+;8;=;7'
1643,'-7-8=-7','-7+0=-7',minus_to_plus,3,8,0,2,-,+,,,,,,,'-;7;-;8;=;-;7','-;7;+;0;=;-;7'
1644,'6-7=7','6+1=7',minus_to_plus,2,7,1,1,-,+,,,,,,,'6;-;7;=;7','6;+;1;=;7'
1645,'-7--7=-8','-1+-7=-8',minus_to_plus,1,7,1,2,-,+,,,,,,,'-;7;-;-;7;=;-;8','-;1;+;-;7;=;-;8'
1646,'9-8=9','9+0=9',minus_to_plus,2,8,0,1,-,+,,,,,,,'9;-;8;=;9','9;+;0;=;9'
1647,'-1-7=8','-1+7=6',minus_to_plus,5,8,6,2,-,+,,,,,,,'-;1;-;7;=;8','-;1;+;7;=;6'
1648,'1-0=7','1+0=1',minus_to_plus,4,7,1,1,-,+,,,,,,,'1;-;0;=;7','1;+;0;=;1'
1649,'-9-8=-9','-9+0=-9',minus_to_plus,3,8,0,2,-,+,,,,,,,'-;9;-;8;=;-;9','-;9;+;0;=;-;9'
1650,'-9-5=2','-3+5=2',minus_to_plus,1,9,3,2,-,+,,,,,,,'-;9;-;5;=;2','-;3;+;5;=;2'
1651,'8-2=8','6+2=8',minus_to_plus,0,8,6,1,-,+,,,,,,,'8;-;2;=;8','6;+;2;=;8'
1652,'-1-6=4','-1+5=4',minus_to_plus,3,6,5,2,-,+,,,,,,,'-;1;-;6;=;4','-;1;+;5;=;4'
1653,'-8-7=1','-6+7=1',minus_to_plus,1,8,6,2,-,+,,,,,,,'-;8;-;7;=;1','-;6;+;7;=;1'
1654,'-8-8=-2','-8+6=-2',minus_to_plus,3,8,6,2,-,+,,,,,,,'-;8;-;8;=;-;2','-;8;+;6;=;-;2'
1655,'9-0=8','9+0=9',minus_to_plus,4,8,9,1,-,+,,,,,,,'9;-;0;=;8','9;+;0;=;9'
1656,'7--6=2','7+-5=2',minus_to_plus,3,6,5,1,-,+,,,,,,,'7;-;-;6;=;2','7;+;-;5;=;2'
1657,'3-7=4','3+1=4',minus_to_plus,2,7,1,1,-,+,,,,,,,'3;-;7;=;4','3;+;1;=;4'
1658,'-8--2=-8','-6+-2=-8',minus_to_plus,1,8,6,2,-,+,,,,,,,'-;8;-;-;2;=;-;8','-;6;+;-;2;=;-;8'
1659,'9--6=4','9+-5=4',minus_to_plus,3,6,5,1,-,+,,,,,,,'9;-;-;6;=;4','9;+;-;5;=;4'
1660,'2-4=8','2+4=6',minus_to_plus,4,8,6,1,-,+,,,,,,,'2;-;4;=;8','2;+;4;=;6'
1661,'-4-7=9','-4+7=3',minus_to_plus,5,9,3,2,-,+,,,,,,,'-;4;-;7;=;9','-;4;+;7;=;3'
1662,'8--8=2','8+-6=2',minus_to_plus,3,8,6,1,-,+,,,,,,,'8;-;-;8;=;2','8;+;-;6;=;2'
1663,'1-0=7','1+0=1',minus_to_plus,4,7,1,1,-,+,,,,,,,'1;-;0;=;7','1;+;0;=;1'
1664,'-7-6=5','-1+6=5',minus_to_plus,1,7,1,2,-,+,,,,,,,'-;7;-;6;=;5','-;1;+;6;=;5'
1665,'7--8=-7','1+-8=-7',minus_to_plus,0,7,1,1,-,+,,,,,,,'7;-;-;8;=;-;7','1;+;-;8;=;-;7'
1666,'-7--2=-3','-1+-2=-3',minus_to_plus,1,7,1,2,-,+,,,,,,,'-;7;-;-;2;=;-;3','-;1;+;-;2;=;-;3'
1667,'-7--5=-6','-1+-5=-6',minus_to_plus,1,7,1,2,-,+,,,,,,,'-;7;-;-;5;=;-;6','-;1;+;-;5;=;-;6'
1668,'7-8=7','7+0=7',minus_to_plus,2,8,0,1,-,+,,,,,,,'7;-;8;=;7','7;+;0;=;7'
1669,'-2-8=-2','-2+0=-2',minus_to_plus,3,8,0,2,-,+,,,,,,,'-;2;-;8;=;-;2','-;2;+;0;=;-;2'
1670,'7-8=7','7+0=7',minus_to_plus,2,8,0,1,-,+,,,,,,,'7;-;8;=;7','7;+;0;=;7'
1671,'6--6=8','6+-6=0',minus_to_plus,5,8,0,1,-,+,,,,,,,'6;-;-;6;=;8','6;+;-;6;=;0'
1672,'7--7=6','7+-1=6',minus_to_plus,3,7,1,1,-,+,,,,,,,'7;-;-;7;=;6','7;+;-;1;=;6'
1673,'-9-5=2','-3+5=2',minus_to_plus,1,9,3,2,-,+,,,,,,,'-;9;-;5;=;2','-;3;+;5;=;2'
1674,'-4-4=8','-4+4=0',minus_to_plus,5,8,0,2,-,+,,,,,,,'-;4;-;4;=;8','-;4;+;4;=;0'
1675,'2--7=1','2+-1=1',minus_to_plus,3,7,1,1,-,+,,,,,,,'2;-;-;7;=;1','2;+;-;1;=;1'
1676,'-6-3=-2','-5+3=-2',minus_to_plus,1,6,5,2,-,+,,,,,,,'-;6;-;3;=;-;2','-;5;+;3;=;-;2'
1677,'-7--1=-2','-1+-1=-2',minus_to_plus,1,7,1,2,-,+,,,,,,,'-;7;-;-;1;=;-;2','-;1;+;-;1;=;-;2'
1678,'8-0=9','9+0=9',minus_to_plus,0,8,9,1,-,+,,,,,,,'8;-;0;=;9','9;+;0;=;9'
1679,'-7-7=6','-1+7=6',minus_to_plus,1,7,1,2,-,+,,,,,,,'-;7;-;7;=;6','-;1;+;7;=;6'
1680,'-8-7=-7','-8+1=-7',minus_to_plus,3,7,1,2,-,+,,,,,,,'-;8;-;7;=;-;7','-;8;+;1;=;-;7'
1681,'-8--3=-9','-6+-3=-9',minus_to_plus,1,8,6,2,-,+,,,,,,,'-;8;-;-;3;=;-;9','-;6;+;-;3;=;-;9'
1682,'9--9=-6','3+-9=-6',minus_to_plus,0,9,3,1,-,+,,,,,,,'9;-;-;9;=;-;6','3;+;-;9;=;-;6'
1683,'-2--7=-8','-2+-7=-9',minus_to_plus,7,8,9,2,-,+,,,,,,,'-;2;-;-;7;=;-;8','-;2;+;-;7;=;-;9'
1684,'-2--7=-8','-2+-7=-9',minus_to_plus,7,8,9,2,-,+,,,,,,,'-;2;-;-;7;=;-;8','-;2;+;-;7;=;-;9'
1685,'2--8=-7','2+-9=-7',minus_to_plus,3,8,9,1,-,+,,,,,,,'2;-;-;8;=;-;7','2;+;-;9;=;-;7'
1686,'-9-3=0','-3+3=0',minus_to_plus,1,9,3,2,-,+,,,,,,,'-;9;-;3;=;0','-;3;+;3;=;0'
1687,'-2-8=4','-2+6=4',minus_to_plus,3,8,6,2,-,+,,,,,,,'-;2;-;8;=;4','-;2;+;6;=;4'
1688,'8-8=8','8+0=8',minus_to_plus,2,8,0,1,-,+,,,,,,,'8;-;8;=;8','8;+;0;=;8'
1689,'-7--4=-5','-1+-4=-5',minus_to_plus,1,7,1,2,-,+,,,,,,,'-;7;-;-;4;=;-;5','-;1;+;-;4;=;-;5'
1690,'-3-0=-9','-3+0=-3',minus_to_plus,6,9,3,2,-,+,,,,,,,'-;3;-;0;=;-;9','-;3;+;0;=;-;3'
1691,'-5--9=-8','-5+-3=-8',minus_to_plus,4,9,3,2,-,+,,,,,,,'-;5;-;-;9;=;-;8','-;5;+;-;3;=;-;8'
1692,'-3-8=6','-3+8=5',minus_to_plus,5,6,5,2,-,+,,,,,,,'-;3;-;8;=;6','-;3;+;8;=;5'
1693,'8--7=7','8+-1=7',minus_to_plus,3,7,1,1,-,+,,,,,,,'8;-;-;7;=;7','8;+;-;1;=;7'
1694,'8--8=-1','8+-9=-1',minus_to_plus,3,8,9,1,-,+,,,,,,,'8;-;-;8;=;-;1','8;+;-;9;=;-;1'
1695,'-4--9=-7','-4+-3=-7',minus_to_plus,4,9,3,2,-,+,,,,,,,'-;4;-;-;9;=;-;7','-;4;+;-;3;=;-;7'
1696,'4--9=1','4+-3=1',minus_to_plus,3,9,3,1,-,+,,,,,,,'4;-;-;9;=;1','4;+;-;3;=;1'
1697,'-4--6=-9','-4+-5=-9',minus_to_plus,4,6,5,2,-,+,,,,,,,'-;4;-;-;6;=;-;9','-;4;+;-;5;=;-;9'
1698,'8--4=2','6+-4=2',minus_to_plus,0,8,6,1,-,+,,,,,,,'8;-;-;4;=;2','6;+;-;4;=;2'
1699,'-9-9=-6','-9+3=-6',minus_to_plus,3,9,3,2,-,+,,,,,,,'-;9;-;9;=;-;6','-;9;+;3;=;-;6'
1700,'7--2=6','7+-2=5',minus_to_plus,5,6,5,1,-,+,,,,,,,'7;-;-;2;=;6','7;+;-;2;=;5'
1701,'7-8=7','7+0=7',minus_to_plus,2,8,0,1,-,+,,,,,,,'7;-;8;=;7','7;+;0;=;7'
1702,'8--4=2','6+-4=2',minus_to_plus,0,8,6,1,-,+,,,,,,,'8;-;-;4;=;2','6;+;-;4;=;2'
1703,'6-3=8','5+3=8',minus_to_plus,0,6,5,1,-,+,,,,,,,'6;-;3;=;8','5;+;3;=;8'
1704,'7--7=8','7+-7=0',minus_to_plus,5,8,0,1,-,+,,,,,,,'7;-;-;7;=;8','7;+;-;7;=;0'
1705,'-1-9=2','-1+3=2',minus_to_plus,3,9,3,2,-,+,,,,,,,'-;1;-;9;=;2','-;1;+;3;=;2'
1706,'-2-9=1','-2+3=1',minus_to_plus,3,9,3,2,-,+,,,,,,,'-;2;-;9;=;1','-;2;+;3;=;1'
1707,'-4-5=7','-4+5=1',minus_to_plus,5,7,1,2,-,+,,,,,,,'-;4;-;5;=;7','-;4;+;5;=;1'
1708,'4--1=9','4+-1=3',minus_to_plus,5,9,3,1,-,+,,,,,,,'4;-;-;1;=;9','4;+;-;1;=;3'
1709,'7--2=-1','1+-2=-1',minus_to_plus,0,7,1,1,-,+,,,,,,,'7;-;-;2;=;-;1','1;+;-;2;=;-;1'
1710,'8--4=2','6+-4=2',minus_to_plus,0,8,6,1,-,+,,,,,,,'8;-;-;4;=;2','6;+;-;4;=;2'
1711,'6-4=9','5+4=9',minus_to_plus,0,6,5,1,-,+,,,,,,,'6;-;4;=;9','5;+;4;=;9'
1712,'9--7=-4','3+-7=-4',minus_to_plus,0,9,3,1,-,+,,,,,,,'9;-;-;7;=;-;4','3;+;-;7;=;-;4'
1713,'8-8=8','0+8=8',minus_to_plus,0,8,0,1,-,+,,,,,,,'8;-;8;=;8','0;+;8;=;8'
1714,'8--5=4','9+-5=4',minus_to_plus,0,8,9,1,-,+,,,,,,,'8;-;-;5;=;4','9;+;-;5;=;4'
1715,'-3--6=-8','-3+-5=-8',minus_to_plus,4,6,5,2,-,+,,,,,,,'-;3;-;-;6;=;-;8','-;3;+;-;5;=;-;8'
1716,'9-0=3','3+0=3',minus_to_plus,0,9,3,1,-,+,,,,,,,'9;-;0;=;3','3;+;0;=;3'
1717,'4-7=5','4+1=5',minus_to_plus,2,7,1,1,-,+,,,,,,,'4;-;7;=;5','4;+;1;=;5'
1718,'7--9=4','7+-3=4',minus_to_plus,3,9,3,1,-,+,,,,,,,'7;-;-;9;=;4','7;+;-;3;=;4'
1719,'9--8=7','9+-8=1',minus_to_plus,5,7,1,1,-,+,,,,,,,'9;-;-;8;=;7','9;+;-;8;=;1'
1720,'0--6=-8','0+-6=-6',minus_to_plus,6,8,6,1,-,+,,,,,,,'0;-;-;6;=;-;8','0;+;-;6;=;-;6'
1721,'2--8=-4','2+-6=-4',minus_to_plus,3,8,6,1,-,+,,,,,,,'2;-;-;8;=;-;4','2;+;-;6;=;-;4'
1722,'-2-7=6','-2+7=5',minus_to_plus,5,6,5,2,-,+,,,,,,,'-;2;-;7;=;6','-;2;+;7;=;5'
1723,'-5-6=0','-5+5=0',minus_to_plus,3,6,5,2,-,+,,,,,,,'-;5;-;6;=;0','-;5;+;5;=;0'
1724,'-7--2=-8','-7+-2=-9',minus_to_plus,7,8,9,2,-,+,,,,,,,'-;7;-;-;2;=;-;8','-;7;+;-;2;=;-;9'
1725,'6--7=-2','5+-7=-2',minus_to_plus,0,6,5,1,-,+,,,,,,,'6;-;-;7;=;-;2','5;+;-;7;=;-;2'
1726,'4-7=5','4+1=5',minus_to_plus,2,7,1,1,-,+,,,,,,,'4;-;7;=;5','4;+;1;=;5'
1727,'1--2=-7','1+-2=-1',minus_to_plus,6,7,1,1,-,+,,,,,,,'1;-;-;2;=;-;7','1;+;-;2;=;-;1'
1728,'7--2=-1','1+-2=-1',minus_to_plus,0,7,1,1,-,+,,,,,,,'7;-;-;2;=;-;1','1;+;-;2;=;-;1'
1729,'3-7=4','3+1=4',minus_to_plus,2,7,1,1,-,+,,,,,,,'3;-;7;=;4','3;+;1;=;4'
1730,'0--7=-1','0+-1=-1',minus_to_plus,3,7,1,1,-,+,,,,,,,'0;-;-;7;=;-;1','0;+;-;1;=;-;1'
1731,'-3-4=7','-3+4=1',minus_to_plus,5,7,1,2,-,+,,,,,,,'-;3;-;4;=;7','-;3;+;4;=;1'
1732,'9-0=3','3+0=3',minus_to_plus,0,9,3,1,-,+,,,,,,,'9;-;0;=;3','3;+;0;=;3'
1733,'0-6=5','0+5=5',minus_to_plus,2,6,5,1,-,+,,,,,,,'0;-;6;=;5','0;+;5;=;5'
1734,'5-9=8','5+3=8',minus_to_plus,2,9,3,1,-,+,,,,,,,'5;-;9;=;8','5;+;3;=;8'
1735,'-9--6=-9','-3+-6=-9',minus_to_plus,1,9,3,2,-,+,,,,,,,'-;9;-;-;6;=;-;9','-;3;+;-;6;=;-;9'
1736,'4-8=4','4+0=4',minus_to_plus,2,8,0,1,-,+,,,,,,,'4;-;8;=;4','4;+;0;=;4'
1737,'-8-8=1','-8+9=1',minus_to_plus,3,8,9,2,-,+,,,,,,,'-;8;-;8;=;1','-;8;+;9;=;1'
1738,'-3-9=8','-3+9=6',minus_to_plus,5,8,6,2,-,+,,,,,,,'-;3;-;9;=;8','-;3;+;9;=;6'
1739,'-3-7=-2','-3+1=-2',minus_to_plus,3,7,1,2,-,+,,,,,,,'-;3;-;7;=;-;2','-;3;+;1;=;-;2'
1740,'1--9=-2','1+-3=-2',minus_to_plus,3,9,3,1,-,+,,,,,,,'1;-;-;9;=;-;2','1;+;-;3;=;-;2'
1741,'2--5=-9','2+-5=-3',minus_to_plus,6,9,3,1,-,+,,,,,,,'2;-;-;5;=;-;9','2;+;-;5;=;-;3'
1742,'2--9=-1','2+-3=-1',minus_to_plus,3,9,3,1,-,+,,,,,,,'2;-;-;9;=;-;1','2;+;-;3;=;-;1'
1743,'8--6=3','8+-5=3',minus_to_plus,3,6,5,1,-,+,,,,,,,'8;-;-;6;=;3','8;+;-;5;=;3'
1744,'6--1=4','5+-1=4',minus_to_plus,0,6,5,1,-,+,,,,,,,'6;-;-;1;=;4','5;+;-;1;=;4'
1745,'-2-7=-1','-2+1=-1',minus_to_plus,3,7,1,2,-,+,,,,,,,'-;2;-;7;=;-;1','-;2;+;1;=;-;1'
1746,'1-7=2','1+1=2',minus_to_plus,2,7,1,1,-,+,,,,,,,'1;-;7;=;2','1;+;1;=;2'
1747,'-9-3=-8','-9+3=-6',minus_to_plus,6,8,6,2,-,+,,,,,,,'-;9;-;3;=;-;8','-;9;+;3;=;-;6'
1748,'7--8=-2','7+-9=-2',minus_to_plus,3,8,9,1,-,+,,,,,,,'7;-;-;8;=;-;2','7;+;-;9;=;-;2'
1749,'8-1=8','8+1=9',minus_to_plus,4,8,9,1,-,+,,,,,,,'8;-;1;=;8','8;+;1;=;9'
1750,'-3-6=2','-3+5=2',minus_to_plus,3,6,5,2,-,+,,,,,,,'-;3;-;6;=;2','-;3;+;5;=;2'
1751,'-8-7=-7','-8+1=-7',minus_to_plus,3,7,1,2,-,+,,,,,,,'-;8;-;7;=;-;7','-;8;+;1;=;-;7'
1752,'-6--3=-8','-5+-3=-8',minus_to_plus,1,6,5,2,-,+,,,,,,,'-;6;-;-;3;=;-;8','-;5;+;-;3;=;-;8'
1753,'-5-6=0','-5+5=0',minus_to_plus,3,6,5,2,-,+,,,,,,,'-;5;-;6;=;0','-;5;+;5;=;0'
1754,'7--8=1','7+-6=1',minus_to_plus,3,8,6,1,-,+,,,,,,,'7;-;-;8;=;1','7;+;-;6;=;1'
1755,'-8-8=-8','-8+0=-8',minus_to_plus,3,8,0,2,-,+,,,,,,,'-;8;-;8;=;-;8','-;8;+;0;=;-;8'
1756,'-6--2=-7','-5+-2=-7',minus_to_plus,1,6,5,2,-,+,,,,,,,'-;6;-;-;2;=;-;7','-;5;+;-;2;=;-;7'
1757,'-9-8=5','-3+8=5',minus_to_plus,1,9,3,2,-,+,,,,,,,'-;9;-;8;=;5','-;3;+;8;=;5'
1758,'8--7=7','8+-1=7',minus_to_plus,3,7,1,1,-,+,,,,,,,'8;-;-;7;=;7','8;+;-;1;=;7'
1759,'8--2=4','6+-2=4',minus_to_plus,0,8,6,1,-,+,,,,,,,'8;-;-;2;=;4','6;+;-;2;=;4'
1760,'-1-0=-7','-1+0=-1',minus_to_plus,6,7,1,2,-,+,,,,,,,'-;1;-;0;=;-;7','-;1;+;0;=;-;1'
1761,'-9-4=-6','-9+4=-5',minus_to_plus,6,6,5,2,-,+,,,,,,,'-;9;-;4;=;-;6','-;9;+;4;=;-;5'
1762,'7--6=2','7+-5=2',minus_to_plus,3,6,5,1,-,+,,,,,,,'7;-;-;6;=;2','7;+;-;5;=;2'
1763,'-7--4=-5','-1+-4=-5',minus_to_plus,1,7,1,2,-,+,,,,,,,'-;7;-;-;4;=;-;5','-;1;+;-;4;=;-;5'
1764,'9--6=9','9+-6=3',minus_to_plus,5,9,3,1,-,+,,,,,,,'9;-;-;6;=;9','9;+;-;6;=;3'
1765,'-7-8=7','-1+8=7',minus_to_plus,1,7,1,2,-,+,,,,,,,'-;7;-;8;=;7','-;1;+;8;=;7'
1766,'8--8=2','8+-6=2',minus_to_plus,3,8,6,1,-,+,,,,,,,'8;-;-;8;=;2','8;+;-;6;=;2'
