Stage,Start_Equation,Target_Equation,ChangeType,ChangedIndex1,From1,To1,ChangedIndex2,From2,To2,ChangedIndex3,From3,To3,ChangedIndex4,From4,To4,Start_Tokens,Target_Tokens
1,'65+66=53','65-6-6=53',,2,+,-,,,,,,,,,,'6;5;+;6;6;=;5;3','6;5;-;6;-;6;=;5;3'
2,'28+18=186','28+78=106',digit_to_digit,7,8,0,3,1,7,,,,,,,'2;8;+;1;8;=;1;8;6','2;8;+;7;8;=;1;0;6'
3,'31+71=708','31+77=108',digit_to_digit,6,7,1,4,1,7,,,,,,,'3;1;+;7;1;=;7;0;8','3;1;+;7;7;=;1;0;8'
4,'48-85=193','48+85=133',op_and_digit_balance,7,9,3,2,-,+,,,,,,,'4;8;-;8;5;=;1;9;3','4;8;+;8;5;=;1;3;3'
5,'23+45=-26','23-49=-26',op_and_digit_balance,2,+,-,4,5,9,,,,,,,'2;3;+;4;5;=;-;2;6','2;3;-;4;9;=;-;2;6'
6,'16-85=-71','15-86=-71',digit_to_digit,1,6,5,4,5,6,,,,,,,'1;6;-;8;5;=;-;7;1','1;5;-;8;6;=;-;7;1'
7,'21-37=-75','21-37=-16',digit_to_digit,7,7,1,8,5,6,,,,,,,'2;1;-;3;7;=;-;7;5','2;1;-;3;7;=;-;1;6'
8,'79+26=93','73+26=99',digit_to_digit,1,9,3,7,3,9,,,,,,,'7;9;+;2;6;=;9;3','7;3;+;2;6;=;9;9'
9,'86-47=29','86-47=39',within_digit,6,2,3,,,,,,,,,,'8;6;-;4;7;=;2;9','8;6;-;4;7;=;3;9'
10,'92-27=113','92+21=113',op_and_digit_balance,4,7,1,2,-,+,,,,,,,'9;2;-;2;7;=;11;3','9;2;+;2;1;=;11;3'
11,'49=87--38','49-87=-38',swap_-_and_=,2,=,-,5,-,=,,,,,,,'4;9;=;8;7;-;-;3;8','4;9;-;8;7;=;-;3;8'
12,'57-29=74','97-23=74',digit_to_digit,4,9,3,0,5,9,,,,,,,'5;7;-;2;9;=;7;4','9;7;-;2;3;=;7;4'
13,'93+52=31','83-52=31',op_and_digit_balance,2,+,-,0,9,8,,,,,,,'9;3;+;5;2;=;3;1','8;3;-;5;2;=;3;1'
14,'46+15=127','46+75=121',digit_to_digit,8,7,1,3,1,7,,,,,,,'4;6;+;1;5;=;1;2;7','4;6;+;7;5;=;1;2;1'
15,'95-49=58','99-49=50',digit_to_digit,7,8,0,1,5,9,,,,,,,'9;5;-;4;9;=;5;8','9;9;-;4;9;=;5;0'
16,'62+14=98','82+14=96',digit_to_digit,7,8,6,0,6,8,,,,,,,'6;2;+;1;4;=;9;8','8;2;+;1;4;=;9;6'
17,'31-85=26','91-65=26',digit_to_digit,3,8,6,0,3,9,,,,,,,'3;1;-;8;5;=;2;6','9;1;-;6;5;=;2;6'
18,'67-64=33','87-54=33',digit_to_digit,3,6,5,0,6,8,,,,,,,'6;7;-;6;4;=;3;3','8;7;-;5;4;=;3;3'
19,'20+95=79','20+59=79',digit_to_digit,3,9,5,4,5,9,,,,,,,'2;0;+;9;5;=;7;9','2;0;+;5;9;=;7;9'
20,'75+48=53','15+48=63',digit_to_digit,0,7,1,6,5,6,,,,,,,'7;5;+;4;8;=;5;3','1;5;+;4;8;=;6;3'
21,'14+18=84','74+10=84',digit_to_digit,4,8,0,0,1,7,,,,,,,'1;4;+;1;8;=;8;4','7;4;+;1;0;=;8;4'
22,'54-61=105','54+51=105',op_and_digit_balance,3,6,5,2,-,+,,,,,,,'5;4;-;6;1;=;1;0;5','5;4;+;5;1;=;1;0;5'
23,'88-51=-9','88-91=-3',digit_to_digit,7,9,3,3,5,9,,,,,,,'8;8;-;5;1;=;-;9','8;8;-;9;1;=;-;3'
24,'90+53=193','90+63=153',digit_to_digit,7,9,5,3,5,6,,,,,,,'9;0;+;5;3;=;1;9;3','9;0;+;6;3;=;1;5;3'
25,'20-18=3','20-18=2',within_digit,6,3,2,,,,,,,,,,'2;0;-;1;8;=;3','2;0;-;1;8;=;2'
26,'59-35=29','58-35=23',digit_to_digit,7,9,3,1,9,8,,,,,,,'5;9;-;3;5;=;2;9','5;8;-;3;5;=;2;3'
27,'96+16=20','96-76=20',op_and_digit_balance,2,+,-,3,1,7,,,,,,,'9;6;+;1;6;=;2;0','9;6;-;7;6;=;2;0'
28,'78=70-8','78-70=8',swap_-_and_=,2,=,-,5,-,=,,,,,,,'7;8;=;7;0;-;8','7;8;-;7;0;=;8'
29,'10-84=-711','10-84=-74',four_eleven,8,11,4,,,,,,,,,,'1;0;-;8;4;=;-;7;11','1;0;-;8;4;=;-;7;4'
30,'58-49=55','98-43=55',digit_to_digit,4,9,3,0,5,9,,,,,,,'5;8;-;4;9;=;5;5','9;8;-;4;3;=;5;5'
31,'39+50=49','99-50=49',op_and_digit_balance,2,+,-,0,3,9,,,,,,,'3;9;+;5;0;=;4;9','9;9;-;5;0;=;4;9'
32,'37-50=81','31+50=81',op_and_digit_balance,1,7,1,2,-,+,,,,,,,'3;7;-;5;0;=;8;1','3;1;+;5;0;=;8;1'
33,'35+90=-63','35-98=-63',op_and_digit_balance,2,+,-,4,0,8,,,,,,,'3;5;+;9;0;=;-;6;3','3;5;-;9;8;=;-;6;3'
34,'28-45=-78','28-46=-18',digit_to_digit,7,7,1,4,5,6,,,,,,,'2;8;-;4;5;=;-;7;8','2;8;-;4;6;=;-;1;8'
35,'28-90=-10','20-90=-70',digit_to_digit,1,8,0,7,1,7,,,,,,,'2;8;-;9;0;=;-;1;0','2;0;-;9;0;=;-;7;0'
36,'84-21=109','84+21=105',op_and_digit_balance,8,9,5,2,-,+,,,,,,,'8;4;-;2;1;=;1;0;9','8;4;+;2;1;=;1;0;5'
37,'25-78=11','29-18=11',digit_to_digit,3,7,1,1,5,9,,,,,,,'2;5;-;7;8;=;11','2;9;-;1;8;=;11'
38,'66-43=108','65+43=108',op_and_digit_balance,1,6,5,2,-,+,,,,,,,'6;6;-;4;3;=;1;0;8','6;5;+;4;3;=;1;0;8'
39,'19+17=1','18-17=1',op_and_digit_balance,2,+,-,1,9,8,,,,,,,'1;9;+;1;7;=;1','1;8;-;1;7;=;1'
40,'13+83=-64','19-83=-64',op_and_digit_balance,2,+,-,1,3,9,,,,,,,'1;3;+;8;3;=;-;6;4','1;9;-;8;3;=;-;6;4'
41,'74-62=126','74+52=126',op_and_digit_balance,3,6,5,2,-,+,,,,,,,'7;4;-;6;2;=;1;2;6','7;4;+;5;2;=;1;2;6'
42,'50-86=116','50+66=116',op_and_digit_balance,3,8,6,2,-,+,,,,,,,'5;0;-;8;6;=;11;6','5;0;+;6;6;=;11;6'
43,'19-12=25','13+12=25',op_and_digit_balance,1,9,3,2,-,+,,,,,,,'1;9;-;1;2;=;2;5','1;3;+;1;2;=;2;5'
44,'19+34=43','19+24=43',within_digit,3,3,2,,,,,,,,,,'1;9;+;3;4;=;4;3','1;9;+;2;4;=;4;3'
45,'87-28=107','87+20=107',op_and_digit_balance,4,8,0,2,-,+,,,,,,,'8;7;-;2;8;=;1;0;7','8;7;+;2;0;=;1;0;7'
46,'16+22=54','76-22=54',op_and_digit_balance,2,+,-,0,1,7,,,,,,,'1;6;+;2;2;=;5;4','7;6;-;2;2;=;5;4'
47,'65-28=28','56-28=28',digit_to_digit,0,6,5,1,5,6,,,,,,,'6;5;-;2;8;=;2;8','5;6;-;2;8;=;2;8'
48,'15+49=611','15+49=64',four_eleven,7,11,4,,,,,,,,,,'1;5;+;4;9;=;6;11','1;5;+;4;9;=;6;4'
49,'17+81=80','17+81=98',digit_to_digit,6,8,9,7,0,8,,,,,,,'1;7;+;8;1;=;8;0','1;7;+;8;1;=;9;8'
50,'58-24=311','58-24=34',four_eleven,7,11,4,,,,,,,,,,'5;8;-;2;4;=;3;11','5;8;-;2;4;=;3;4'
51,'80+67=741','80+67=147',digit_to_digit,6,7,1,8,1,7,,,,,,,'8;0;+;6;7;=;7;4;1','8;0;+;6;7;=;1;4;7'
52,'55=28-27','55-28=27',swap_-_and_=,2,=,-,5,-,=,,,,,,,'5;5;=;2;8;-;2;7','5;5;-;2;8;=;2;7'
53,'50=17-33','50-17=33',swap_-_and_=,2,=,-,5,-,=,,,,,,,'5;0;=;1;7;-;3;3','5;0;-;1;7;=;3;3'
54,'18-27=43','16+27=43',op_and_digit_balance,1,8,6,2,-,+,,,,,,,'1;8;-;2;7;=;4;3','1;6;+;2;7;=;4;3'
55,'91+29=52','91-29=62',op_and_digit_balance,2,+,-,6,5,6,,,,,,,'9;1;+;2;9;=;5;2','9;1;-;2;9;=;6;2'
56,'15+82=181','19+82=101',digit_to_digit,7,8,0,1,5,9,,,,,,,'1;5;+;8;2;=;1;8;1','1;9;+;8;2;=;1;0;1'
57,'83-83=168','83+83=166',op_and_digit_balance,8,8,6,2,-,+,,,,,,,'8;3;-;8;3;=;1;6;8','8;3;+;8;3;=;1;6;6'
58,'20-75=-45','30-75=-45',within_digit,0,2,3,,,,,,,,,,'2;0;-;7;5;=;-;4;5','3;0;-;7;5;=;-;4;5'
59,'45+44=2','46-44=2',op_and_digit_balance,2,+,-,1,5,6,,,,,,,'4;5;+;4;4;=;2','4;6;-;4;4;=;2'
60,'35-68=-92','36-68=-32',digit_to_digit,7,9,3,1,5,6,,,,,,,'3;5;-;6;8;=;-;9;2','3;6;-;6;8;=;-;3;2'
61,'44-89=143','44+99=143',op_and_digit_balance,3,8,9,2,-,+,,,,,,,'4;4;-;8;9;=;1;4;3','4;4;+;9;9;=;1;4;3'
62,'34+49=71','34+43=77',digit_to_digit,4,9,3,7,1,7,,,,,,,'3;4;+;4;9;=;7;1','3;4;+;4;3;=;7;7'
63,'72-43=119','72+43=115',op_and_digit_balance,7,9,5,2,-,+,,,,,,,'7;2;-;4;3;=;11;9','7;2;+;4;3;=;11;5'
64,'17+44=127','77+44=121',digit_to_digit,8,7,1,0,1,7,,,,,,,'1;7;+;4;4;=;1;2;7','7;7;+;4;4;=;1;2;1'
65,'96=51-45','96-51=45',swap_-_and_=,2,=,-,5,-,=,,,,,,,'9;6;=;5;1;-;4;5','9;6;-;5;1;=;4;5'
66,'52+54=-12','52-64=-12',op_and_digit_balance,2,+,-,3,5,6,,,,,,,'5;2;+;5;4;=;-;1;2','5;2;-;6;4;=;-;1;2'
67,'88-62=35','98-62=36',digit_to_digit,0,8,9,7,5,6,,,,,,,'8;8;-;6;2;=;3;5','9;8;-;6;2;=;3;6'
68,'67+91=172','81+91=172',digit_to_digit,1,7,1,0,6,8,,,,,,,'6;7;+;9;1;=;1;7;2','8;1;+;9;1;=;1;7;2'
69,'89-79=1','80-79=1',within_digit,1,9,0,,,,,,,,,,'8;9;-;7;9;=;1','8;0;-;7;9;=;1'
70,'68+36=1011','68+36=104',four_eleven,8,11,4,,,,,,,,,,'6;8;+;3;6;=;1;0;11','6;8;+;3;6;=;1;0;4'
71,'68+51=725','68+57=125',digit_to_digit,6,7,1,4,1,7,,,,,,,'6;8;+;5;1;=;7;2;5','6;8;+;5;7;=;1;2;5'
72,'95=77-18','95-77=18',swap_-_and_=,2,=,-,5,-,=,,,,,,,'9;5;=;7;7;-;1;8','9;5;-;7;7;=;1;8'
73,'30+21=5','30-21=9',op_and_digit_balance,2,+,-,6,5,9,,,,,,,'3;0;+;2;1;=;5','3;0;-;2;1;=;9'
74,'97-39=67','97-30=67',within_digit,4,9,0,,,,,,,,,,'9;7;-;3;9;=;6;7','9;7;-;3;0;=;6;7'
75,'19+68=19','19+60=79',digit_to_digit,4,8,0,6,1,7,,,,,,,'1;9;+;6;8;=;1;9','1;9;+;6;0;=;7;9'
76,'15+85=107','16+85=101',digit_to_digit,8,7,1,1,5,6,,,,,,,'1;5;+;8;5;=;1;0;7','1;6;+;8;5;=;1;0;1'
77,'43-95=0','43-35=8',digit_to_digit,3,9,3,6,0,8,,,,,,,'4;3;-;9;5;=;0','4;3;-;3;5;=;8'
78,'94-70=104','34+70=104',op_and_digit_balance,0,9,3,2,-,+,,,,,,,'9;4;-;7;0;=;1;0;4','3;4;+;7;0;=;1;0;4'
79,'45+91=36','45+51=96',digit_to_digit,3,9,5,6,3,9,,,,,,,'4;5;+;9;1;=;3;6','4;5;+;5;1;=;9;6'
80,'38-88=9','98-89=9',digit_to_digit,4,8,9,0,3,9,,,,,,,'3;8;-;8;8;=;9','9;8;-;8;9;=;9'
81,'55=17-38','55-17=38',swap_-_and_=,2,=,-,5,-,=,,,,,,,'5;5;=;1;7;-;3;8','5;5;-;1;7;=;3;8'
82,'78+33=172','79+93=172',digit_to_digit,1,8,9,3,3,9,,,,,,,'7;8;+;3;3;=;1;7;2','7;9;+;9;3;=;1;7;2'
83,'51-97=-5','51-57=-6',digit_to_digit,3,9,5,7,5,6,,,,,,,'5;1;-;9;7;=;-;5','5;1;-;5;7;=;-;6'
84,'31-98=-81','37-98=-61',digit_to_digit,7,8,6,1,1,7,,,,,,,'3;1;-;9;8;=;-;8;1','3;7;-;9;8;=;-;6;1'
85,'94+57=147','84+57=141',digit_to_digit,8,7,1,0,9,8,,,,,,,'9;4;+;5;7;=;1;4;7','8;4;+;5;7;=;1;4;1'
86,'55-97=22','59-37=22',digit_to_digit,3,9,3,1,5,9,,,,,,,'5;5;-;9;7;=;2;2','5;9;-;3;7;=;2;2'
87,'88-42=730','88+42=130',op_and_digit_balance,6,7,1,2,-,+,,,,,,,'8;8;-;4;2;=;7;3;0','8;8;+;4;2;=;1;3;0'
88,'84-49=127','84+43=127',op_and_digit_balance,4,9,3,2,-,+,,,,,,,'8;4;-;4;9;=;1;2;7','8;4;+;4;3;=;1;2;7'
89,'91+30=111','91+20=111',within_digit,3,3,2,,,,,,,,,,'9;1;+;3;0;=;1;11','9;1;+;2;0;=;1;11'
90,'10=76--66','10-76=-66',swap_-_and_=,2,=,-,5,-,=,,,,,,,'1;0;=;7;6;-;-;6;6','1;0;-;7;6;=;-;6;6'
91,'88-53=26','89-63=26',digit_to_digit,1,8,9,3,5,6,,,,,,,'8;8;-;5;3;=;2;6','8;9;-;6;3;=;2;6'
92,'82-44=106','62+44=106',op_and_digit_balance,0,8,6,2,-,+,,,,,,,'8;2;-;4;4;=;1;0;6','6;2;+;4;4;=;1;0;6'
93,'44=54--10','44-54=-10',swap_-_and_=,2,=,-,5,-,=,,,,,,,'4;4;=;5;4;-;-;1;0','4;4;-;5;4;=;-;1;0'
94,'68+36=54','58+36=94',digit_to_digit,0,6,5,6,5,9,,,,,,,'6;8;+;3;6;=;5;4','5;8;+;3;6;=;9;4'
95,'98+85=101','96+85=181',digit_to_digit,1,8,6,7,0,8,,,,,,,'9;8;+;8;5;=;1;0;1','9;6;+;8;5;=;1;8;1'
96,'52=78--26','52-78=-26',swap_-_and_=,2,=,-,5,-,=,,,,,,,'5;2;=;7;8;-;-;2;6','5;2;-;7;8;=;-;2;6'
97,'57-82=-16','67-82=-15',digit_to_digit,8,6,5,0,5,6,,,,,,,'5;7;-;8;2;=;-;1;6','6;7;-;8;2;=;-;1;5'
98,'43=21-22','43-21=22',swap_-_and_=,2,=,-,5,-,=,,,,,,,'4;3;=;2;1;-;2;2','4;3;-;2;1;=;2;2'
99,'53+49=5','53-48=5',op_and_digit_balance,2,+,-,4,9,8,,,,,,,'5;3;+;4;9;=;5','5;3;-;4;8;=;5'
100,'20+14=-54','20-74=-54',op_and_digit_balance,2,+,-,3,1,7,,,,,,,'2;0;+;1;4;=;-;5;4','2;0;-;7;4;=;-;5;4'
101,'87=53-34','87-53=34',swap_-_and_=,2,=,-,5,-,=,,,,,,,'8;7;=;5;3;-;3;4','8;7;-;5;3;=;3;4'
102,'95=21-74','95-21=74',swap_-_and_=,2,=,-,5,-,=,,,,,,,'9;5;=;2;1;-;7;4','9;5;-;2;1;=;7;4'
103,'60+89=151','68+83=151',digit_to_digit,4,9,3,1,0,8,,,,,,,'6;0;+;8;9;=;1;5;1','6;8;+;8;3;=;1;5;1'
104,'91=45-46','91-45=46',swap_-_and_=,2,=,-,5,-,=,,,,,,,'9;1;=;4;5;-;4;6','9;1;-;4;5;=;4;6'
105,'25-39=60','25+35=60',op_and_digit_balance,4,9,5,2,-,+,,,,,,,'2;5;-;3;9;=;6;0','2;5;+;3;5;=;6;0'
106,'37-83=100','37+63=100',op_and_digit_balance,3,8,6,2,-,+,,,,,,,'3;7;-;8;3;=;1;0;0','3;7;+;6;3;=;1;0;0'
107,'87-91=778','87+91=178',op_and_digit_balance,6,7,1,2,-,+,,,,,,,'8;7;-;9;1;=;7;7;8','8;7;+;9;1;=;1;7;8'
108,'86-84=3','86-84=2',within_digit,6,3,2,,,,,,,,,,'8;6;-;8;4;=;3','8;6;-;8;4;=;2'
109,'77-91=45','77-31=46',digit_to_digit,3,9,3,7,5,6,,,,,,,'7;7;-;9;1;=;4;5','7;7;-;3;1;=;4;6'
110,'12+72=744','72+72=144',digit_to_digit,6,7,1,0,1,7,,,,,,,'1;2;+;7;2;=;7;4;4','7;2;+;7;2;=;1;4;4'
111,'33+94=-51','33-94=-61',op_and_digit_balance,2,+,-,7,5,6,,,,,,,'3;3;+;9;4;=;-;5;1','3;3;-;9;4;=;-;6;1'
112,'75-81=96','15+81=96',op_and_digit_balance,0,7,1,2,-,+,,,,,,,'7;5;-;8;1;=;9;6','1;5;+;8;1;=;9;6'
113,'98-12=79','90-12=78',digit_to_digit,1,8,0,7,9,8,,,,,,,'9;8;-;1;2;=;7;9','9;0;-;1;2;=;7;8'
114,'52+77=15','92-77=15',op_and_digit_balance,2,+,-,0,5,9,,,,,,,'5;2;+;7;7;=;1;5','9;2;-;7;7;=;1;5'
115,'91-18=-47','31-78=-47',digit_to_digit,0,9,3,3,1,7,,,,,,,'9;1;-;1;8;=;-;4;7','3;1;-;7;8;=;-;4;7'
116,'25+51=-22','29-51=-22',op_and_digit_balance,2,+,-,1,5,9,,,,,,,'2;5;+;5;1;=;-;2;2','2;9;-;5;1;=;-;2;2'
117,'37+31=0','37-37=0',op_and_digit_balance,2,+,-,4,1,7,,,,,,,'3;7;+;3;1;=;0','3;7;-;3;7;=;0'
118,'60+52=128','68+52=120',digit_to_digit,8,8,0,1,0,8,,,,,,,'6;0;+;5;2;=;1;2;8','6;8;+;5;2;=;1;2;0'
119,'61-80=147','61+80=141',op_and_digit_balance,8,7,1,2,-,+,,,,,,,'6;1;-;8;0;=;1;4;7','6;1;+;8;0;=;1;4;1'
120,'14+32=-16','14-32=-18',op_and_digit_balance,2,+,-,8,6,8,,,,,,,'1;4;+;3;2;=;-;1;6','1;4;-;3;2;=;-;1;8'
121,'75=99--24','75-99=-24',swap_-_and_=,2,=,-,5,-,=,,,,,,,'7;5;=;9;9;-;-;2;4','7;5;-;9;9;=;-;2;4'
122,'20+49=-23','20-49=-29',op_and_digit_balance,2,+,-,8,3,9,,,,,,,'2;0;+;4;9;=;-;2;3','2;0;-;4;9;=;-;2;9'
123,'40=35-5','40-35=5',swap_-_and_=,2,=,-,5,-,=,,,,,,,'4;0;=;3;5;-;5','4;0;-;3;5;=;5'
124,'62+80=2','82-80=2',op_and_digit_balance,2,+,-,0,6,8,,,,,,,'6;2;+;8;0;=;2','8;2;-;8;0;=;2'
125,'98-19=111','98+13=111',op_and_digit_balance,4,9,3,2,-,+,,,,,,,'9;8;-;1;9;=;1;11','9;8;+;1;3;=;1;11'
126,'12+58=730','72+58=130',digit_to_digit,6,7,1,0,1,7,,,,,,,'1;2;+;5;8;=;7;3;0','7;2;+;5;8;=;1;3;0'
127,'92+83=174','92+82=174',within_digit,4,3,2,,,,,,,,,,'9;2;+;8;3;=;1;7;4','9;2;+;8;2;=;1;7;4'
128,'54-78=192','54+78=132',op_and_digit_balance,7,9,3,2,-,+,,,,,,,'5;4;-;7;8;=;1;9;2','5;4;+;7;8;=;1;3;2'
129,'20+94=184','20+84=104',digit_to_digit,7,8,0,3,9,8,,,,,,,'2;0;+;9;4;=;1;8;4','2;0;+;8;4;=;1;0;4'
130,'85-78=10','86-76=10',digit_to_digit,4,8,6,1,5,6,,,,,,,'8;5;-;7;8;=;1;0','8;6;-;7;6;=;1;0'
131,'52+18=78','62+16=78',digit_to_digit,4,8,6,0,5,6,,,,,,,'5;2;+;1;8;=;7;8','6;2;+;1;6;=;7;8'
132,'67-28=29','67-28=39',within_digit,6,2,3,,,,,,,,,,'6;7;-;2;8;=;2;9','6;7;-;2;8;=;3;9'
133,'18-16=33','18+15=33',op_and_digit_balance,4,6,5,2,-,+,,,,,,,'1;8;-;1;6;=;3;3','1;8;+;1;5;=;3;3'
134,'77-78=95','17+78=95',op_and_digit_balance,0,7,1,2,-,+,,,,,,,'7;7;-;7;8;=;9;5','1;7;+;7;8;=;9;5'
135,'64+20=14','54+20=74',digit_to_digit,0,6,5,6,1,7,,,,,,,'6;4;+;2;0;=;1;4','5;4;+;2;0;=;7;4'
136,'29+10=41','23+18=41',digit_to_digit,1,9,3,4,0,8,,,,,,,'2;9;+;1;0;=;4;1','2;3;+;1;8;=;4;1'
137,'50-98=32','90-58=32',digit_to_digit,3,9,5,0,5,9,,,,,,,'5;0;-;9;8;=;3;2','9;0;-;5;8;=;3;2'
138,'29+53=-25','28-53=-25',op_and_digit_balance,2,+,-,1,9,8,,,,,,,'2;9;+;5;3;=;-;2;5','2;8;-;5;3;=;-;2;5'
139,'18-82=-611','18-82=-64',four_eleven,8,11,4,,,,,,,,,,'1;8;-;8;2;=;-;6;11','1;8;-;8;2;=;-;6;4'
140,'82-18=6','82-76=6',digit_to_digit,4,8,6,3,1,7,,,,,,,'8;2;-;1;8;=;6','8;2;-;7;6;=;6'
141,'15+98=-82','16-98=-82',op_and_digit_balance,2,+,-,1,5,6,,,,,,,'1;5;+;9;8;=;-;8;2','1;6;-;9;8;=;-;8;2'
142,'63-68=191','63+68=131',op_and_digit_balance,7,9,3,2,-,+,,,,,,,'6;3;-;6;8;=;1;9;1','6;3;+;6;8;=;1;3;1'
143,'31+67=89','31+57=88',digit_to_digit,3,6,5,7,9,8,,,,,,,'3;1;+;6;7;=;8;9','3;1;+;5;7;=;8;8'
144,'50+82=8','90-82=8',op_and_digit_balance,2,+,-,0,5,9,,,,,,,'5;0;+;8;2;=;8','9;0;-;8;2;=;8'
145,'27+61=-54','27-81=-54',op_and_digit_balance,2,+,-,3,6,8,,,,,,,'2;7;+;6;1;=;-;5;4','2;7;-;8;1;=;-;5;4'
146,'51=45-6','51-45=6',swap_-_and_=,2,=,-,5,-,=,,,,,,,'5;1;=;4;5;-;6','5;1;-;4;5;=;6'
147,'15+29=-10','19-29=-10',op_and_digit_balance,2,+,-,1,5,9,,,,,,,'1;5;+;2;9;=;-;1;0','1;9;-;2;9;=;-;1;0'
148,'20-27=3','30-27=3',within_digit,0,2,3,,,,,,,,,,'2;0;-;2;7;=;3','3;0;-;2;7;=;3'
149,'99+63=752','89+63=152',digit_to_digit,6,7,1,0,9,8,,,,,,,'9;9;+;6;3;=;7;5;2','8;9;+;6;3;=;1;5;2'
150,'91-96=-59','37-96=-59',digit_to_digit,0,9,3,1,1,7,,,,,,,'9;1;-;9;6;=;-;5;9','3;7;-;9;6;=;-;5;9'
151,'89-38=58','88-30=58',digit_to_digit,4,8,0,1,9,8,,,,,,,'8;9;-;3;8;=;5;8','8;8;-;3;0;=;5;8'
152,'83-89=-25','63-89=-26',digit_to_digit,0,8,6,8,5,6,,,,,,,'8;3;-;8;9;=;-;2;5','6;3;-;8;9;=;-;2;6'
153,'27-31=-70','27-37=-10',digit_to_digit,7,7,1,4,1,7,,,,,,,'2;7;-;3;1;=;-;7;0','2;7;-;3;7;=;-;1;0'
154,'75+38=109','79+30=109',digit_to_digit,4,8,0,1,5,9,,,,,,,'7;5;+;3;8;=;1;0;9','7;9;+;3;0;=;1;0;9'
155,'10=23--13','10-23=-13',swap_-_and_=,2,=,-,5,-,=,,,,,,,'1;0;=;2;3;-;-;1;3','1;0;-;2;3;=;-;1;3'
156,'94-21=7','34-27=7',digit_to_digit,0,9,3,4,1,7,,,,,,,'9;4;-;2;1;=;7','3;4;-;2;7;=;7'
157,'27-36=-75','21-96=-75',digit_to_digit,1,7,1,3,3,9,,,,,,,'2;7;-;3;6;=;-;7;5','2;1;-;9;6;=;-;7;5'
158,'54+74=138','54+74=128',within_digit,7,3,2,,,,,,,,,,'5;4;+;7;4;=;1;3;8','5;4;+;7;4;=;1;2;8'
159,'58-91=147','56+91=147',op_and_digit_balance,1,8,6,2,-,+,,,,,,,'5;8;-;9;1;=;1;4;7','5;6;+;9;1;=;1;4;7'
160,'85+65=0','85-85=0',op_and_digit_balance,2,+,-,3,6,8,,,,,,,'8;5;+;6;5;=;0','8;5;-;8;5;=;0'
161,'54-20=25','54-29=25',within_digit,4,0,9,,,,,,,,,,'5;4;-;2;0;=;2;5','5;4;-;2;9;=;2;5'
162,'39+87=-49','39-87=-48',op_and_digit_balance,2,+,-,8,9,8,,,,,,,'3;9;+;8;7;=;-;4;9','3;9;-;8;7;=;-;4;8'
163,'40+62=32','40+52=92',digit_to_digit,3,6,5,6,3,9,,,,,,,'4;0;+;6;2;=;3;2','4;0;+;5;2;=;9;2'
164,'64+51=3','64-61=3',op_and_digit_balance,2,+,-,3,5,6,,,,,,,'6;4;+;5;1;=;3','6;4;-;6;1;=;3'
165,'39+19=112','33+79=112',digit_to_digit,1,9,3,3,1,7,,,,,,,'3;9;+;1;9;=;11;2','3;3;+;7;9;=;11;2'
166,'11+59=-49','11-59=-48',op_and_digit_balance,1,+,-,7,9,8,,,,,,,'11;+;5;9;=;-;4;9','11;-;5;9;=;-;4;8'
167,'64+57=131','64+57=121',within_digit,7,3,2,,,,,,,,,,'6;4;+;5;7;=;1;3;1','6;4;+;5;7;=;1;2;1'
168,'55-89=-27','56-83=-27',digit_to_digit,4,9,3,1,5,6,,,,,,,'5;5;-;8;9;=;-;2;7','5;6;-;8;3;=;-;2;7'
169,'84-57=741','84+57=141',op_and_digit_balance,6,7,1,2,-,+,,,,,,,'8;4;-;5;7;=;7;4;1','8;4;+;5;7;=;1;4;1'
170,'62-68=-1','62-69=-7',digit_to_digit,4,8,9,7,1,7,,,,,,,'6;2;-;6;8;=;-;1','6;2;-;6;9;=;-;7'
171,'14+85=-72','14-86=-72',op_and_digit_balance,2,+,-,4,5,6,,,,,,,'1;4;+;8;5;=;-;7;2','1;4;-;8;6;=;-;7;2'
172,'45+89=193','45+88=133',digit_to_digit,7,9,3,4,9,8,,,,,,,'4;5;+;8;9;=;1;9;3','4;5;+;8;8;=;1;3;3'
173,'66=58-8','66-58=8',swap_-_and_=,2,=,-,5,-,=,,,,,,,'6;6;=;5;8;-;8','6;6;-;5;8;=;8'
174,'20-83=-59','20-83=-63',digit_to_digit,8,9,3,7,5,6,,,,,,,'2;0;-;8;3;=;-;5;9','2;0;-;8;3;=;-;6;3'
175,'12=23--11','12-23=-11',swap_-_and_=,2,=,-,5,-,=,,,,,,,'1;2;=;2;3;-;-;11','1;2;-;2;3;=;-;11'
176,'69-28=89','69+20=89',op_and_digit_balance,4,8,0,2,-,+,,,,,,,'6;9;-;2;8;=;8;9','6;9;+;2;0;=;8;9'
177,'94+28=56','94-28=66',op_and_digit_balance,2,+,-,6,5,6,,,,,,,'9;4;+;2;8;=;5;6','9;4;-;2;8;=;6;6'
178,'79-48=123','75+48=123',op_and_digit_balance,1,9,5,2,-,+,,,,,,,'7;9;-;4;8;=;1;2;3','7;5;+;4;8;=;1;2;3'
179,'93=39-54','93-39=54',swap_-_and_=,2,=,-,5,-,=,,,,,,,'9;3;=;3;9;-;5;4','9;3;-;3;9;=;5;4'
180,'48-34=74','40+34=74',op_and_digit_balance,1,8,0,2,-,+,,,,,,,'4;8;-;3;4;=;7;4','4;0;+;3;4;=;7;4'
181,'49-53=96','43+53=96',op_and_digit_balance,1,9,3,2,-,+,,,,,,,'4;9;-;5;3;=;9;6','4;3;+;5;3;=;9;6'
182,'64-75=45','64-19=45',digit_to_digit,3,7,1,4,5,9,,,,,,,'6;4;-;7;5;=;4;5','6;4;-;1;9;=;4;5'
183,'92-80=772','92+80=172',op_and_digit_balance,6,7,1,2,-,+,,,,,,,'9;2;-;8;0;=;7;7;2','9;2;+;8;0;=;1;7;2'
184,'52+24=68','92-24=68',op_and_digit_balance,2,+,-,0,5,9,,,,,,,'5;2;+;2;4;=;6;8','9;2;-;2;4;=;6;8'
185,'84-15=83','84-15=69',digit_to_digit,6,8,6,7,3,9,,,,,,,'8;4;-;1;5;=;8;3','8;4;-;1;5;=;6;9'
186,'66+50=15','66-50=16',op_and_digit_balance,2,+,-,7,5,6,,,,,,,'6;6;+;5;0;=;1;5','6;6;-;5;0;=;1;6'
187,'56+58=38','96-58=38',op_and_digit_balance,2,+,-,0,5,9,,,,,,,'5;6;+;5;8;=;3;8','9;6;-;5;8;=;3;8'
188,'77+26=91','71+26=97',digit_to_digit,1,7,1,7,1,7,,,,,,,'7;7;+;2;6;=;9;1','7;1;+;2;6;=;9;7'
189,'65-38=109','65+38=103',op_and_digit_balance,8,9,3,2,-,+,,,,,,,'6;5;-;3;8;=;1;0;9','6;5;+;3;8;=;1;0;3'
190,'24+43=-13','24-43=-19',op_and_digit_balance,2,+,-,8,3,9,,,,,,,'2;4;+;4;3;=;-;1;3','2;4;-;4;3;=;-;1;9'
191,'78=19-59','78-19=59',swap_-_and_=,2,=,-,5,-,=,,,,,,,'7;8;=;1;9;-;5;9','7;8;-;1;9;=;5;9'
192,'76-13=2','75-73=2',digit_to_digit,1,6,5,3,1,7,,,,,,,'7;6;-;1;3;=;2','7;5;-;7;3;=;2'
193,'80+73=1','80-73=7',op_and_digit_balance,2,+,-,6,1,7,,,,,,,'8;0;+;7;3;=;1','8;0;-;7;3;=;7'
194,'99-20=63','83-20=63',digit_to_digit,1,9,3,0,9,8,,,,,,,'9;9;-;2;0;=;6;3','8;3;-;2;0;=;6;3'
195,'82+78=151','82+79=161',digit_to_digit,4,8,9,7,5,6,,,,,,,'8;2;+;7;8;=;1;5;1','8;2;+;7;9;=;1;6;1'
196,'73+58=130','72+58=130',within_digit,1,3,2,,,,,,,,,,'7;3;+;5;8;=;1;3;0','7;2;+;5;8;=;1;3;0'
197,'43+99=81','43+38=81',digit_to_digit,3,9,3,4,9,8,,,,,,,'4;3;+;9;9;=;8;1','4;3;+;3;8;=;8;1'
198,'22-91=-68','23-91=-68',within_digit,1,2,3,,,,,,,,,,'2;2;-;9;1;=;-;6;8','2;3;-;9;1;=;-;6;8'
199,'98-41=43','90-47=43',digit_to_digit,1,8,0,4,1,7,,,,,,,'9;8;-;4;1;=;4;3','9;0;-;4;7;=;4;3'
200,'60-79=-7','68-75=-7',digit_to_digit,4,9,5,1,0,8,,,,,,,'6;0;-;7;9;=;-;7','6;8;-;7;5;=;-;7'
201,'91+56=33','91-58=33',op_and_digit_balance,2,+,-,4,6,8,,,,,,,'9;1;+;5;6;=;3;3','9;1;-;5;8;=;3;3'
202,'44+69=-24','44-68=-24',op_and_digit_balance,2,+,-,4,9,8,,,,,,,'4;4;+;6;9;=;-;2;4','4;4;-;6;8;=;-;2;4'
203,'53+49=5','53-48=5',op_and_digit_balance,2,+,-,4,9,8,,,,,,,'5;3;+;4;9;=;5','5;3;-;4;8;=;5'
204,'32+61=94','33+61=94',within_digit,1,2,3,,,,,,,,,,'3;2;+;6;1;=;9;4','3;3;+;6;1;=;9;4'
205,'37=46--9','37-46=-9',swap_-_and_=,2,=,-,5,-,=,,,,,,,'3;7;=;4;6;-;-;9','3;7;-;4;6;=;-;9'
206,'67-64=2','67-64=3',within_digit,6,2,3,,,,,,,,,,'6;7;-;6;4;=;2','6;7;-;6;4;=;3'
207,'75+11=65','76-11=65',op_and_digit_balance,2,+,-,1,5,6,,,,,,,'7;5;+;11;=;6;5','7;6;-;11;=;6;5'
208,'23=77--54','23-77=-54',swap_-_and_=,2,=,-,5,-,=,,,,,,,'2;3;=;7;7;-;-;5;4','2;3;-;7;7;=;-;5;4'
209,'68-72=17','89-72=17',digit_to_digit,1,8,9,0,6,8,,,,,,,'6;8;-;7;2;=;1;7','8;9;-;7;2;=;1;7'
210,'68+28=68','60+28=88',digit_to_digit,1,8,0,6,6,8,,,,,,,'6;8;+;2;8;=;6;8','6;0;+;2;8;=;8;8'
211,'22-17=15','32-17=15',within_digit,0,2,3,,,,,,,,,,'2;2;-;1;7;=;1;5','3;2;-;1;7;=;1;5'
212,'53+27=90','53+37=90',within_digit,3,2,3,,,,,,,,,,'5;3;+;2;7;=;9;0','5;3;+;3;7;=;9;0'
213,'41+39=14','41+33=74',digit_to_digit,4,9,3,6,1,7,,,,,,,'4;1;+;3;9;=;1;4','4;1;+;3;3;=;7;4'
214,'99+61=174','93+81=174',digit_to_digit,1,9,3,3,6,8,,,,,,,'9;9;+;6;1;=;1;7;4','9;3;+;8;1;=;1;7;4'
215,'22+85=-53','22-85=-63',op_and_digit_balance,2,+,-,7,5,6,,,,,,,'2;2;+;8;5;=;-;5;3','2;2;-;8;5;=;-;6;3'
216,'27-16=4','27-16=11',four_eleven,6,4,11,,,,,,,,,,'2;7;-;1;6;=;4','2;7;-;1;6;=;11'
217,'50+79=120','50+70=120',within_digit,4,9,0,,,,,,,,,,'5;0;+;7;9;=;1;2;0','5;0;+;7;0;=;1;2;0'
218,'25=40--15','25-40=-15',swap_-_and_=,2,=,-,5,-,=,,,,,,,'2;5;=;4;0;-;-;1;5','2;5;-;4;0;=;-;1;5'
219,'71+56=13','71-58=13',op_and_digit_balance,2,+,-,4,6,8,,,,,,,'7;1;+;5;6;=;1;3','7;1;-;5;8;=;1;3'
220,'84-24=88','64+24=88',op_and_digit_balance,0,8,6,2,-,+,,,,,,,'8;4;-;2;4;=;8;8','6;4;+;2;4;=;8;8'
221,'84+60=752','84+68=152',digit_to_digit,6,7,1,4,0,8,,,,,,,'8;4;+;6;0;=;7;5;2','8;4;+;6;8;=;1;5;2'
222,'48-22=21','49-22=27',digit_to_digit,1,8,9,7,1,7,,,,,,,'4;8;-;2;2;=;2;1','4;9;-;2;2;=;2;7'
223,'13-57=-48','13-61=-48',digit_to_digit,4,7,1,3,5,6,,,,,,,'1;3;-;5;7;=;-;4;8','1;3;-;6;1;=;-;4;8'
224,'54-76=138','54+76=130',op_and_digit_balance,8,8,0,2,-,+,,,,,,,'5;4;-;7;6;=;1;3;8','5;4;+;7;6;=;1;3;0'
225,'30-17=27','38-17=21',digit_to_digit,7,7,1,1,0,8,,,,,,,'3;0;-;1;7;=;2;7','3;8;-;1;7;=;2;1'
226,'63+99=155','63+93=156',digit_to_digit,4,9,3,8,5,6,,,,,,,'6;3;+;9;9;=;1;5;5','6;3;+;9;3;=;1;5;6'
227,'65+10=-5','65-70=-5',op_and_digit_balance,2,+,-,3,1,7,,,,,,,'6;5;+;1;0;=;-;5','6;5;-;7;0;=;-;5'
228,'74+93=101','74+33=107',digit_to_digit,3,9,3,8,1,7,,,,,,,'7;4;+;9;3;=;1;0;1','7;4;+;3;3;=;1;0;7'
229,'67-36=-35','61-96=-35',digit_to_digit,1,7,1,3,3,9,,,,,,,'6;7;-;3;6;=;-;3;5','6;1;-;9;6;=;-;3;5'
230,'24-42=86','24+42=66',op_and_digit_balance,6,8,6,2,-,+,,,,,,,'2;4;-;4;2;=;8;6','2;4;+;4;2;=;6;6'
231,'60+89=-23','60-89=-29',op_and_digit_balance,2,+,-,8,3,9,,,,,,,'6;0;+;8;9;=;-;2;3','6;0;-;8;9;=;-;2;9'
232,'16+77=152','75+77=152',digit_to_digit,1,6,5,0,1,7,,,,,,,'1;6;+;7;7;=;1;5;2','7;5;+;7;7;=;1;5;2'
233,'13+52=-33','19-52=-33',op_and_digit_balance,2,+,-,1,3,9,,,,,,,'1;3;+;5;2;=;-;3;3','1;9;-;5;2;=;-;3;3'
234,'79+27=705','78+27=105',digit_to_digit,6,7,1,1,9,8,,,,,,,'7;9;+;2;7;=;7;0;5','7;8;+;2;7;=;1;0;5'
235,'72+45=51','12+45=57',digit_to_digit,0,7,1,7,1,7,,,,,,,'7;2;+;4;5;=;5;1','1;2;+;4;5;=;5;7'
236,'23+65=-43','23-66=-43',op_and_digit_balance,2,+,-,4,5,6,,,,,,,'2;3;+;6;5;=;-;4;3','2;3;-;6;6;=;-;4;3'
237,'12+82=14','12+62=74',digit_to_digit,3,8,6,6,1,7,,,,,,,'1;2;+;8;2;=;1;4','1;2;+;6;2;=;7;4'
238,'27-24=45','21+24=45',op_and_digit_balance,1,7,1,2,-,+,,,,,,,'2;7;-;2;4;=;4;5','2;1;+;2;4;=;4;5'
239,'68+12=55','68-12=56',op_and_digit_balance,2,+,-,7,5,6,,,,,,,'6;8;+;1;2;=;5;5','6;8;-;1;2;=;5;6'
240,'99-88=188','99+89=188',op_and_digit_balance,4,8,9,2,-,+,,,,,,,'9;9;-;8;8;=;1;8;8','9;9;+;8;9;=;1;8;8'
241,'86-98=182','86+96=182',op_and_digit_balance,4,8,6,2,-,+,,,,,,,'8;6;-;9;8;=;1;8;2','8;6;+;9;6;=;1;8;2'
242,'43+83=732','49+83=132',digit_to_digit,6,7,1,1,3,9,,,,,,,'4;3;+;8;3;=;7;3;2','4;9;+;8;3;=;1;3;2'
243,'30-49=47','90-43=47',digit_to_digit,4,9,3,0,3,9,,,,,,,'3;0;-;4;9;=;4;7','9;0;-;4;3;=;4;7'
244,'81-74=165','91+74=165',op_and_digit_balance,0,8,9,2,-,+,,,,,,,'8;1;-;7;4;=;1;6;5','9;1;+;7;4;=;1;6;5'
245,'54-20=311','54-20=34',four_eleven,7,11,4,,,,,,,,,,'5;4;-;2;0;=;3;11','5;4;-;2;0;=;3;4'
246,'91=72-19','91-72=19',swap_-_and_=,2,=,-,5,-,=,,,,,,,'9;1;=;7;2;-;1;9','9;1;-;7;2;=;1;9'
247,'16+24=700','76+24=100',digit_to_digit,6,7,1,0,1,7,,,,,,,'1;6;+;2;4;=;7;0;0','7;6;+;2;4;=;1;0;0'
248,'51+70=130','51+79=130',within_digit,4,0,9,,,,,,,,,,'5;1;+;7;0;=;1;3;0','5;1;+;7;9;=;1;3;0'
249,'96+56=754','98+56=154',digit_to_digit,6,7,1,1,6,8,,,,,,,'9;6;+;5;6;=;7;5;4','9;8;+;5;6;=;1;5;4'
250,'69+49=48','69+49=118',four_eleven,6,4,11,,,,,,,,,,'6;9;+;4;9;=;4;8','6;9;+;4;9;=;11;8'
251,'67-72=-6','67-73=-6',within_digit,4,2,3,,,,,,,,,,'6;7;-;7;2;=;-;6','6;7;-;7;3;=;-;6'
252,'66+89=174','85+89=174',digit_to_digit,1,6,5,0,6,8,,,,,,,'6;6;+;8;9;=;1;7;4','8;5;+;8;9;=;1;7;4'
253,'50+94=94','60+34=94',digit_to_digit,3,9,3,0,5,6,,,,,,,'5;0;+;9;4;=;9;4','6;0;+;3;4;=;9;4'
254,'62-85=137','52+85=137',op_and_digit_balance,0,6,5,2,-,+,,,,,,,'6;2;-;8;5;=;1;3;7','5;2;+;8;5;=;1;3;7'
255,'35-82=-117','35-82=-47',four_eleven,7,11,4,,,,,,,,,,'3;5;-;8;2;=;-;11;7','3;5;-;8;2;=;-;4;7'
256,'34+58=36','94-58=36',op_and_digit_balance,2,+,-,0,3,9,,,,,,,'3;4;+;5;8;=;3;6','9;4;-;5;8;=;3;6'
257,'41+50=-3','47-50=-3',op_and_digit_balance,2,+,-,1,1,7,,,,,,,'4;1;+;5;0;=;-;3','4;7;-;5;0;=;-;3'
258,'25+92=78','26+52=78',digit_to_digit,3,9,5,1,5,6,,,,,,,'2;5;+;9;2;=;7;8','2;6;+;5;2;=;7;8'
259,'29-92=115','23+92=115',op_and_digit_balance,1,9,3,2,-,+,,,,,,,'2;9;-;9;2;=;11;5','2;3;+;9;2;=;11;5'
260,'56-67=-4','56-67=-11',four_eleven,7,4,11,,,,,,,,,,'5;6;-;6;7;=;-;4','5;6;-;6;7;=;-;11'
261,'26+32=59','26+33=59',within_digit,4,2,3,,,,,,,,,,'2;6;+;3;2;=;5;9','2;6;+;3;3;=;5;9'
262,'57-49=78','67-49=18',digit_to_digit,6,7,1,0,5,6,,,,,,,'5;7;-;4;9;=;7;8','6;7;-;4;9;=;1;8'
263,'85+76=13','89-76=13',op_and_digit_balance,2,+,-,1,5,9,,,,,,,'8;5;+;7;6;=;1;3','8;9;-;7;6;=;1;3'
264,'88+49=191','88+49=137',digit_to_digit,7,9,3,8,1,7,,,,,,,'8;8;+;4;9;=;1;9;1','8;8;+;4;9;=;1;3;7'
265,'70-84=754','70+84=154',op_and_digit_balance,6,7,1,2,-,+,,,,,,,'7;0;-;8;4;=;7;5;4','7;0;+;8;4;=;1;5;4'
266,'88+50=28','88-60=28',op_and_digit_balance,2,+,-,3,5,6,,,,,,,'8;8;+;5;0;=;2;8','8;8;-;6;0;=;2;8'
267,'13=89--76','13-89=-76',swap_-_and_=,2,=,-,5,-,=,,,,,,,'1;3;=;8;9;-;-;7;6','1;3;-;8;9;=;-;7;6'
268,'47-68=107','47+60=107',op_and_digit_balance,4,8,0,2,-,+,,,,,,,'4;7;-;6;8;=;1;0;7','4;7;+;6;0;=;1;0;7'
269,'69-82=147','65+82=147',op_and_digit_balance,1,9,5,2,-,+,,,,,,,'6;9;-;8;2;=;1;4;7','6;5;+;8;2;=;1;4;7'
270,'72-17=1','72-71=1',digit_to_digit,4,7,1,3,1,7,,,,,,,'7;2;-;1;7;=;1','7;2;-;7;1;=;1'
271,'45+85=-41','45-86=-41',op_and_digit_balance,2,+,-,4,5,6,,,,,,,'4;5;+;8;5;=;-;4;1','4;5;-;8;6;=;-;4;1'
272,'75+12=88','75+13=88',within_digit,4,2,3,,,,,,,,,,'7;5;+;1;2;=;8;8','7;5;+;1;3;=;8;8'
273,'78-26=44','18+26=44',op_and_digit_balance,0,7,1,2,-,+,,,,,,,'7;8;-;2;6;=;4;4','1;8;+;2;6;=;4;4'
274,'58+43=95','56+43=99',digit_to_digit,1,8,6,7,5,9,,,,,,,'5;8;+;4;3;=;9;5','5;6;+;4;3;=;9;9'
275,'75+16=60','76-16=60',op_and_digit_balance,2,+,-,1,5,6,,,,,,,'7;5;+;1;6;=;6;0','7;6;-;1;6;=;6;0'
276,'45-91=76','45+31=76',op_and_digit_balance,3,9,3,2,-,+,,,,,,,'4;5;-;9;1;=;7;6','4;5;+;3;1;=;7;6'
277,'53-79=74','93-79=14',digit_to_digit,6,7,1,0,5,9,,,,,,,'5;3;-;7;9;=;7;4','9;3;-;7;9;=;1;4'
278,'18+11=88','78+11=89',digit_to_digit,6,8,9,0,1,7,,,,,,,'1;8;+;11;=;8;8','7;8;+;11;=;8;9'
279,'85+13=12','85-73=12',op_and_digit_balance,2,+,-,3,1,7,,,,,,,'8;5;+;1;3;=;1;2','8;5;-;7;3;=;1;2'
280,'62-64=-1','63-64=-1',within_digit,1,2,3,,,,,,,,,,'6;2;-;6;4;=;-;1','6;3;-;6;4;=;-;1'
281,'25+85=120','35+85=120',within_digit,0,2,3,,,,,,,,,,'2;5;+;8;5;=;1;2;0','3;5;+;8;5;=;1;2;0'
282,'94=98--4','94-98=-4',swap_-_and_=,2,=,-,5,-,=,,,,,,,'9;4;=;9;8;-;-;4','9;4;-;9;8;=;-;4'
283,'99+12=181','89+12=101',digit_to_digit,7,8,0,0,9,8,,,,,,,'9;9;+;1;2;=;1;8;1','8;9;+;1;2;=;1;0;1'
284,'52-10=-78','52-70=-18',digit_to_digit,7,7,1,3,1,7,,,,,,,'5;2;-;1;0;=;-;7;8','5;2;-;7;0;=;-;1;8'
285,'45+38=76','46+30=76',digit_to_digit,4,8,0,1,5,6,,,,,,,'4;5;+;3;8;=;7;6','4;6;+;3;0;=;7;6'
286,'81-94=185','91+94=185',op_and_digit_balance,0,8,9,2,-,+,,,,,,,'8;1;-;9;4;=;1;8;5','9;1;+;9;4;=;1;8;5'
287,'28+14=112','28+14=42',four_eleven,6,11,4,,,,,,,,,,'2;8;+;1;4;=;11;2','2;8;+;1;4;=;4;2'
288,'72=65-7','72-65=7',swap_-_and_=,2,=,-,5,-,=,,,,,,,'7;2;=;6;5;-;7','7;2;-;6;5;=;7'
289,'85-24=57','85-24=61',digit_to_digit,7,7,1,6,5,6,,,,,,,'8;5;-;2;4;=;5;7','8;5;-;2;4;=;6;1'
290,'49-17=-34','43-77=-34',digit_to_digit,1,9,3,3,1,7,,,,,,,'4;9;-;1;7;=;-;3;4','4;3;-;7;7;=;-;3;4'
291,'43=93--50','43-93=-50',swap_-_and_=,2,=,-,5,-,=,,,,,,,'4;3;=;9;3;-;-;5;0','4;3;-;9;3;=;-;5;0'
292,'62-80=-17','63-80=-17',within_digit,1,2,3,,,,,,,,,,'6;2;-;8;0;=;-;1;7','6;3;-;8;0;=;-;1;7'
293,'52+19=105','92+13=105',digit_to_digit,4,9,3,0,5,9,,,,,,,'5;2;+;1;9;=;1;0;5','9;2;+;1;3;=;1;0;5'
294,'16+11=65','76-11=65',op_and_digit_balance,2,+,-,0,1,7,,,,,,,'1;6;+;11;=;6;5','7;6;-;11;=;6;5'
295,'27-28=1','27-20=7',digit_to_digit,4,8,0,6,1,7,,,,,,,'2;7;-;2;8;=;1','2;7;-;2;0;=;7'
296,'99-89=15','98-83=15',digit_to_digit,4,9,3,1,9,8,,,,,,,'9;9;-;8;9;=;1;5','9;8;-;8;3;=;1;5'
297,'32-81=93','32+61=93',op_and_digit_balance,3,8,6,2,-,+,,,,,,,'3;2;-;8;1;=;9;3','3;2;+;6;1;=;9;3'
298,'12+95=108','13+95=108',within_digit,1,2,3,,,,,,,,,,'1;2;+;9;5;=;1;0;8','1;3;+;9;5;=;1;0;8'
299,'25+65=-41','25-66=-41',op_and_digit_balance,2,+,-,4,5,6,,,,,,,'2;5;+;6;5;=;-;4;1','2;5;-;6;6;=;-;4;1'
300,'68-87=165','68+87=155',op_and_digit_balance,7,6,5,2,-,+,,,,,,,'6;8;-;8;7;=;1;6;5','6;8;+;8;7;=;1;5;5'
301,'39+54=147','93+54=147',digit_to_digit,1,9,3,0,3,9,,,,,,,'3;9;+;5;4;=;1;4;7','9;3;+;5;4;=;1;4;7'
302,'55-78=-73','65-78=-13',digit_to_digit,7,7,1,0,5,6,,,,,,,'5;5;-;7;8;=;-;7;3','6;5;-;7;8;=;-;1;3'
303,'51+61=30','91-61=30',op_and_digit_balance,2,+,-,0,5,9,,,,,,,'5;1;+;6;1;=;3;0','9;1;-;6;1;=;3;0'
304,'58+39=187','68+39=107',digit_to_digit,7,8,0,0,5,6,,,,,,,'5;8;+;3;9;=;1;8;7','6;8;+;3;9;=;1;0;7'
305,'75+50=15','75-60=15',op_and_digit_balance,2,+,-,3,5,6,,,,,,,'7;5;+;5;0;=;1;5','7;5;-;6;0;=;1;5'
306,'89-18=707','89+18=107',op_and_digit_balance,6,7,1,2,-,+,,,,,,,'8;9;-;1;8;=;7;0;7','8;9;+;1;8;=;1;0;7'
307,'75+25=41','16+25=41',digit_to_digit,0,7,1,1,5,6,,,,,,,'7;5;+;2;5;=;4;1','1;6;+;2;5;=;4;1'
308,'31+22=5','31-22=9',op_and_digit_balance,2,+,-,6,5,9,,,,,,,'3;1;+;2;2;=;5','3;1;-;2;2;=;9'
309,'46-74=720','46+74=120',op_and_digit_balance,6,7,1,2,-,+,,,,,,,'4;6;-;7;4;=;7;2;0','4;6;+;7;4;=;1;2;0'
310,'42-95=-52','42-95=-53',within_digit,8,2,3,,,,,,,,,,'4;2;-;9;5;=;-;5;2','4;2;-;9;5;=;-;5;3'
311,'64-72=126','54+72=126',op_and_digit_balance,0,6,5,2,-,+,,,,,,,'6;4;-;7;2;=;1;2;6','5;4;+;7;2;=;1;2;6'
312,'19+84=37','13+84=97',digit_to_digit,1,9,3,6,3,9,,,,,,,'1;9;+;8;4;=;3;7','1;3;+;8;4;=;9;7'
313,'80-87=177','80+97=177',op_and_digit_balance,3,8,9,2,-,+,,,,,,,'8;0;-;8;7;=;1;7;7','8;0;+;9;7;=;1;7;7'
314,'88+10=706','88+18=106',digit_to_digit,6,7,1,4,0,8,,,,,,,'8;8;+;1;0;=;7;0;6','8;8;+;1;8;=;1;0;6'
315,'69=77--8','69-77=-8',swap_-_and_=,2,=,-,5,-,=,,,,,,,'6;9;=;7;7;-;-;8','6;9;-;7;7;=;-;8'
316,'90-57=87','30+57=87',op_and_digit_balance,0,9,3,2,-,+,,,,,,,'9;0;-;5;7;=;8;7','3;0;+;5;7;=;8;7'
317,'77=58-19','77-58=19',swap_-_and_=,2,=,-,5,-,=,,,,,,,'7;7;=;5;8;-;1;9','7;7;-;5;8;=;1;9'
318,'21+52=19','21+52=73',digit_to_digit,7,9,3,6,1,7,,,,,,,'2;1;+;5;2;=;1;9','2;1;+;5;2;=;7;3'
319,'11-68=-59','11-69=-58',digit_to_digit,3,8,9,7,9,8,,,,,,,'11;-;6;8;=;-;5;9','11;-;6;9;=;-;5;8'
320,'92+54=736','82+54=136',digit_to_digit,6,7,1,0,9,8,,,,,,,'9;2;+;5;4;=;7;3;6','8;2;+;5;4;=;1;3;6'
321,'19+41=51','10+41=51',within_digit,1,9,0,,,,,,,,,,'1;9;+;4;1;=;5;1','1;0;+;4;1;=;5;1'
322,'86+87=172','86+87=173',within_digit,8,2,3,,,,,,,,,,'8;6;+;8;7;=;1;7;2','8;6;+;8;7;=;1;7;3'
323,'79+30=705','79+30=109',digit_to_digit,6,7,1,8,5,9,,,,,,,'7;9;+;3;0;=;7;0;5','7;9;+;3;0;=;1;0;9'
324,'73+98=117','19+98=117',digit_to_digit,0,7,1,1,3,9,,,,,,,'7;3;+;9;8;=;11;7','1;9;+;9;8;=;11;7'
325,'50+21=39','60-21=39',op_and_digit_balance,2,+,-,0,5,6,,,,,,,'5;0;+;2;1;=;3;9','6;0;-;2;1;=;3;9'
326,'32-48=78','32+46=78',op_and_digit_balance,4,8,6,2,-,+,,,,,,,'3;2;-;4;8;=;7;8','3;2;+;4;6;=;7;8'
327,'15+52=-31','15-52=-37',op_and_digit_balance,2,+,-,8,1,7,,,,,,,'1;5;+;5;2;=;-;3;1','1;5;-;5;2;=;-;3;7'
328,'58+33=19','58-39=19',op_and_digit_balance,2,+,-,4,3,9,,,,,,,'5;8;+;3;3;=;1;9','5;8;-;3;9;=;1;9'
329,'40-80=128','40+80=120',op_and_digit_balance,8,8,0,2,-,+,,,,,,,'4;0;-;8;0;=;1;2;8','4;0;+;8;0;=;1;2;0'
330,'89-78=13','89-70=19',digit_to_digit,4,8,0,7,3,9,,,,,,,'8;9;-;7;8;=;1;3','8;9;-;7;0;=;1;9'
331,'16+21=49','16+27=43',digit_to_digit,7,9,3,4,1,7,,,,,,,'1;6;+;2;1;=;4;9','1;6;+;2;7;=;4;3'
332,'99=77-22','99-77=22',swap_-_and_=,2,=,-,5,-,=,,,,,,,'9;9;=;7;7;-;2;2','9;9;-;7;7;=;2;2'
333,'99+34=123','99+34=133',within_digit,7,2,3,,,,,,,,,,'9;9;+;3;4;=;1;2;3','9;9;+;3;4;=;1;3;3'
334,'44-14=-38','44-74=-30',digit_to_digit,8,8,0,3,1,7,,,,,,,'4;4;-;1;4;=;-;3;8','4;4;-;7;4;=;-;3;0'
335,'46+65=-23','46-69=-23',op_and_digit_balance,2,+,-,4,5,9,,,,,,,'4;6;+;6;5;=;-;2;3','4;6;-;6;9;=;-;2;3'
336,'35+64=759','95+64=159',digit_to_digit,6,7,1,0,3,9,,,,,,,'3;5;+;6;4;=;7;5;9','9;5;+;6;4;=;1;5;9'
337,'56+70=-12','58-70=-12',op_and_digit_balance,2,+,-,1,6,8,,,,,,,'5;6;+;7;0;=;-;1;2','5;8;-;7;0;=;-;1;2'
338,'38+17=45','28+17=45',within_digit,0,3,2,,,,,,,,,,'3;8;+;1;7;=;4;5','2;8;+;1;7;=;4;5'
339,'33+83=-56','33-89=-56',op_and_digit_balance,2,+,-,4,3,9,,,,,,,'3;3;+;8;3;=;-;5;6','3;3;-;8;9;=;-;5;6'
340,'98-79=117','38+79=117',op_and_digit_balance,0,9,3,2,-,+,,,,,,,'9;8;-;7;9;=;11;7','3;8;+;7;9;=;11;7'
341,'88-29=118','89+29=118',op_and_digit_balance,1,8,9,2,-,+,,,,,,,'8;8;-;2;9;=;11;8','8;9;+;2;9;=;11;8'
342,'17=37--20','17-37=-20',swap_-_and_=,2,=,-,5,-,=,,,,,,,'1;7;=;3;7;-;-;2;0','1;7;-;3;7;=;-;2;0'
343,'55+43=702','59+43=102',digit_to_digit,6,7,1,1,5,9,,,,,,,'5;5;+;4;3;=;7;0;2','5;9;+;4;3;=;1;0;2'
344,'90+60=10','90-80=10',op_and_digit_balance,2,+,-,3,6,8,,,,,,,'9;0;+;6;0;=;1;0','9;0;-;8;0;=;1;0'
345,'31+33=724','31+93=124',digit_to_digit,6,7,1,3,3,9,,,,,,,'3;1;+;3;3;=;7;2;4','3;1;+;9;3;=;1;2;4'
346,'56+54=-8','56-64=-8',op_and_digit_balance,2,+,-,3,5,6,,,,,,,'5;6;+;5;4;=;-;8','5;6;-;6;4;=;-;8'
347,'21+80=-53','27-80=-53',op_and_digit_balance,2,+,-,1,1,7,,,,,,,'2;1;+;8;0;=;-;5;3','2;7;-;8;0;=;-;5;3'
348,'77-19=67','77-10=67',within_digit,4,9,0,,,,,,,,,,'7;7;-;1;9;=;6;7','7;7;-;1;0;=;6;7'
349,'57-97=148','57+91=148',op_and_digit_balance,4,7,1,2,-,+,,,,,,,'5;7;-;9;7;=;1;4;8','5;7;+;9;1;=;1;4;8'
350,'27+78=115','37+78=115',within_digit,0,2,3,,,,,,,,,,'2;7;+;7;8;=;11;5','3;7;+;7;8;=;11;5'
351,'99-90=129','99+30=129',op_and_digit_balance,3,9,3,2,-,+,,,,,,,'9;9;-;9;0;=;1;2;9','9;9;+;3;0;=;1;2;9'
352,'82+94=115','82+34=116',digit_to_digit,3,9,3,7,5,6,,,,,,,'8;2;+;9;4;=;11;5','8;2;+;3;4;=;11;6'
353,'55+73=188','95+73=168',digit_to_digit,7,8,6,0,5,9,,,,,,,'5;5;+;7;3;=;1;8;8','9;5;+;7;3;=;1;6;8'
354,'61=48-13','61-48=13',swap_-_and_=,2,=,-,5,-,=,,,,,,,'6;1;=;4;8;-;1;3','6;1;-;4;8;=;1;3'
355,'68-74=74','88-74=14',digit_to_digit,6,7,1,0,6,8,,,,,,,'6;8;-;7;4;=;7;4','8;8;-;7;4;=;1;4'
356,'50+76=14','90-76=14',op_and_digit_balance,2,+,-,0,5,9,,,,,,,'5;0;+;7;6;=;1;4','9;0;-;7;6;=;1;4'
357,'35-18=51','35+16=51',op_and_digit_balance,4,8,6,2,-,+,,,,,,,'3;5;-;1;8;=;5;1','3;5;+;1;6;=;5;1'
358,'12-40=-37','12-49=-37',within_digit,4,0,9,,,,,,,,,,'1;2;-;4;0;=;-;3;7','1;2;-;4;9;=;-;3;7'
359,'83-13=18','83-73=10',digit_to_digit,7,8,0,3,1,7,,,,,,,'8;3;-;1;3;=;1;8','8;3;-;7;3;=;1;0'
360,'34+13=707','34+73=107',digit_to_digit,6,7,1,3,1,7,,,,,,,'3;4;+;1;3;=;7;0;7','3;4;+;7;3;=;1;0;7'
361,'62-59=-1','52-59=-7',digit_to_digit,0,6,5,7,1,7,,,,,,,'6;2;-;5;9;=;-;1','5;2;-;5;9;=;-;7'
362,'89+13=56','83+13=96',digit_to_digit,1,9,3,6,5,9,,,,,,,'8;9;+;1;3;=;5;6','8;3;+;1;3;=;9;6'
363,'63+41=28','69-41=28',op_and_digit_balance,2,+,-,1,3,9,,,,,,,'6;3;+;4;1;=;2;8','6;9;-;4;1;=;2;8'
364,'95=68-27','95-68=27',swap_-_and_=,2,=,-,5,-,=,,,,,,,'9;5;=;6;8;-;2;7','9;5;-;6;8;=;2;7'
365,'27=30--3','27-30=-3',swap_-_and_=,2,=,-,5,-,=,,,,,,,'2;7;=;3;0;-;-;3','2;7;-;3;0;=;-;3'
366,'41+77=-35','41-77=-36',op_and_digit_balance,2,+,-,8,5,6,,,,,,,'4;1;+;7;7;=;-;3;5','4;1;-;7;7;=;-;3;6'
367,'75+87=157','76+81=157',digit_to_digit,4,7,1,1,5,6,,,,,,,'7;5;+;8;7;=;1;5;7','7;6;+;8;1;=;1;5;7'
368,'91+51=122','31+91=122',digit_to_digit,0,9,3,3,5,9,,,,,,,'9;1;+;5;1;=;1;2;2','3;1;+;9;1;=;1;2;2'
369,'63=58-5','63-58=5',swap_-_and_=,2,=,-,5,-,=,,,,,,,'6;3;=;5;8;-;5','6;3;-;5;8;=;5'
370,'38-96=-69','38-96=-58',digit_to_digit,7,6,5,8,9,8,,,,,,,'3;8;-;9;6;=;-;6;9','3;8;-;9;6;=;-;5;8'
371,'51+19=42','61-19=42',op_and_digit_balance,2,+,-,0,5,6,,,,,,,'5;1;+;1;9;=;4;2','6;1;-;1;9;=;4;2'
372,'15+23=-14','15-29=-14',op_and_digit_balance,2,+,-,4,3,9,,,,,,,'1;5;+;2;3;=;-;1;4','1;5;-;2;9;=;-;1;4'
373,'60+15=84','69+15=84',within_digit,1,0,9,,,,,,,,,,'6;0;+;1;5;=;8;4','6;9;+;1;5;=;8;4'
374,'95-35=-4','35-39=-4',digit_to_digit,0,9,3,4,5,9,,,,,,,'9;5;-;3;5;=;-;4','3;5;-;3;9;=;-;4'
375,'55+16=10','55+15=70',digit_to_digit,4,6,5,6,1,7,,,,,,,'5;5;+;1;6;=;1;0','5;5;+;1;5;=;7;0'
376,'81-57=90','87-57=30',digit_to_digit,6,9,3,1,1,7,,,,,,,'8;1;-;5;7;=;9;0','8;7;-;5;7;=;3;0'
377,'88+75=162','88+75=163',within_digit,8,2,3,,,,,,,,,,'8;8;+;7;5;=;1;6;2','8;8;+;7;5;=;1;6;3'
378,'51-25=92','57-25=32',digit_to_digit,6,9,3,1,1,7,,,,,,,'5;1;-;2;5;=;9;2','5;7;-;2;5;=;3;2'
379,'98=18-80','98-18=80',swap_-_and_=,2,=,-,5,-,=,,,,,,,'9;8;=;1;8;-;8;0','9;8;-;1;8;=;8;0'
380,'30-33=7','30-23=7',within_digit,3,3,2,,,,,,,,,,'3;0;-;3;3;=;7','3;0;-;2;3;=;7'
381,'45+94=-48','46-94=-48',op_and_digit_balance,2,+,-,1,5,6,,,,,,,'4;5;+;9;4;=;-;4;8','4;6;-;9;4;=;-;4;8'
382,'80-90=110','80+30=110',op_and_digit_balance,3,9,3,2,-,+,,,,,,,'8;0;-;9;0;=;11;0','8;0;+;3;0;=;11;0'
383,'98-98=194','96+98=194',op_and_digit_balance,1,8,6,2,-,+,,,,,,,'9;8;-;9;8;=;1;9;4','9;6;+;9;8;=;1;9;4'
384,'19=89--70','19-89=-70',swap_-_and_=,2,=,-,5,-,=,,,,,,,'1;9;=;8;9;-;-;7;0','1;9;-;8;9;=;-;7;0'
385,'22+83=104','22+82=104',within_digit,4,3,2,,,,,,,,,,'2;2;+;8;3;=;1;0;4','2;2;+;8;2;=;1;0;4'
386,'53+33=-40','53-93=-40',op_and_digit_balance,2,+,-,3,3,9,,,,,,,'5;3;+;3;3;=;-;4;0','5;3;-;9;3;=;-;4;0'
387,'92=61-31','92-61=31',swap_-_and_=,2,=,-,5,-,=,,,,,,,'9;2;=;6;1;-;3;1','9;2;-;6;1;=;3;1'
388,'31-98=-53','31-90=-59',digit_to_digit,4,8,0,8,3,9,,,,,,,'3;1;-;9;8;=;-;5;3','3;1;-;9;0;=;-;5;9'
389,'16+13=-57','16-73=-57',op_and_digit_balance,2,+,-,3,1,7,,,,,,,'1;6;+;1;3;=;-;5;7','1;6;-;7;3;=;-;5;7'
390,'21+64=99','21+64=85',digit_to_digit,7,9,5,6,9,8,,,,,,,'2;1;+;6;4;=;9;9','2;1;+;6;4;=;8;5'
391,'84-26=48','84-36=48',within_digit,3,2,3,,,,,,,,,,'8;4;-;2;6;=;4;8','8;4;-;3;6;=;4;8'
392,'97+83=126','37+89=126',digit_to_digit,0,9,3,4,3,9,,,,,,,'9;7;+;8;3;=;1;2;6','3;7;+;8;9;=;1;2;6'
393,'85+27=52','65+27=92',digit_to_digit,0,8,6,6,5,9,,,,,,,'8;5;+;2;7;=;5;2','6;5;+;2;7;=;9;2'
394,'92-17=69','52+17=69',op_and_digit_balance,0,9,5,2,-,+,,,,,,,'9;2;-;1;7;=;6;9','5;2;+;1;7;=;6;9'
395,'56-93=-91','56-93=-37',digit_to_digit,7,9,3,8,1,7,,,,,,,'5;6;-;9;3;=;-;9;1','5;6;-;9;3;=;-;3;7'
396,'12+58=88','12+68=80',digit_to_digit,7,8,0,3,5,6,,,,,,,'1;2;+;5;8;=;8;8','1;2;+;6;8;=;8;0'
397,'18-72=98','18+72=90',op_and_digit_balance,7,8,0,2,-,+,,,,,,,'1;8;-;7;2;=;9;8','1;8;+;7;2;=;9;0'
398,'88-27=125','98+27=125',op_and_digit_balance,0,8,9,2,-,+,,,,,,,'8;8;-;2;7;=;1;2;5','9;8;+;2;7;=;1;2;5'
399,'61+81=-14','67-81=-14',op_and_digit_balance,2,+,-,1,1,7,,,,,,,'6;1;+;8;1;=;-;1;4','6;7;-;8;1;=;-;1;4'
400,'96+11=95','96-11=85',op_and_digit_balance,2,+,-,5,9,8,,,,,,,'9;6;+;11;=;9;5','9;6;-;11;=;8;5'
401,'86-86=182','96+86=182',op_and_digit_balance,0,8,9,2,-,+,,,,,,,'8;6;-;8;6;=;1;8;2','9;6;+;8;6;=;1;8;2'
402,'28-85=-68','28-96=-68',digit_to_digit,3,8,9,4,5,6,,,,,,,'2;8;-;8;5;=;-;6;8','2;8;-;9;6;=;-;6;8'
403,'98-38=196','98+38=136',op_and_digit_balance,7,9,3,2,-,+,,,,,,,'9;8;-;3;8;=;1;9;6','9;8;+;3;8;=;1;3;6'
404,'89-28=118','89+29=118',op_and_digit_balance,4,8,9,2,-,+,,,,,,,'8;9;-;2;8;=;11;8','8;9;+;2;9;=;11;8'
405,'41+58=199','41+98=139',digit_to_digit,7,9,3,3,5,9,,,,,,,'4;1;+;5;8;=;1;9;9','4;1;+;9;8;=;1;3;9'
406,'16+51=-45','16-61=-45',op_and_digit_balance,2,+,-,3,5,6,,,,,,,'1;6;+;5;1;=;-;4;5','1;6;-;6;1;=;-;4;5'
407,'89+25=63','89-26=63',op_and_digit_balance,2,+,-,4,5,6,,,,,,,'8;9;+;2;5;=;6;3','8;9;-;2;6;=;6;3'
408,'61=19-42','61-19=42',swap_-_and_=,2,=,-,5,-,=,,,,,,,'6;1;=;1;9;-;4;2','6;1;-;1;9;=;4;2'
409,'46+95=-50','46-96=-50',op_and_digit_balance,2,+,-,4,5,6,,,,,,,'4;6;+;9;5;=;-;5;0','4;6;-;9;6;=;-;5;0'
410,'98-50=30','80-50=30',digit_to_digit,1,8,0,0,9,8,,,,,,,'9;8;-;5;0;=;3;0','8;0;-;5;0;=;3;0'
411,'56+27=92','55+27=82',digit_to_digit,1,6,5,6,9,8,,,,,,,'5;6;+;2;7;=;9;2','5;5;+;2;7;=;8;2'
412,'28-20=46','26+20=46',op_and_digit_balance,1,8,6,2,-,+,,,,,,,'2;8;-;2;0;=;4;6','2;6;+;2;0;=;4;6'
413,'25-59=-29','26-55=-29',digit_to_digit,4,9,5,1,5,6,,,,,,,'2;5;-;5;9;=;-;2;9','2;6;-;5;5;=;-;2;9'
414,'44-71=119','44+71=115',op_and_digit_balance,7,9,5,2,-,+,,,,,,,'4;4;-;7;1;=;11;9','4;4;+;7;1;=;11;5'
415,'63-42=20','63-43=20',within_digit,4,2,3,,,,,,,,,,'6;3;-;4;2;=;2;0','6;3;-;4;3;=;2;0'
416,'14+91=-17','74-91=-17',op_and_digit_balance,2,+,-,0,1,7,,,,,,,'1;4;+;9;1;=;-;1;7','7;4;-;9;1;=;-;1;7'
417,'92-24=118','92+24=116',op_and_digit_balance,7,8,6,2,-,+,,,,,,,'9;2;-;2;4;=;11;8','9;2;+;2;4;=;11;6'
418,'63=48-15','63-48=15',swap_-_and_=,2,=,-,5,-,=,,,,,,,'6;3;=;4;8;-;1;5','6;3;-;4;8;=;1;5'
419,'79-74=147','73+74=147',op_and_digit_balance,1,9,3,2,-,+,,,,,,,'7;9;-;7;4;=;1;4;7','7;3;+;7;4;=;1;4;7'
420,'50-88=148','50+98=148',op_and_digit_balance,3,8,9,2,-,+,,,,,,,'5;0;-;8;8;=;1;4;8','5;0;+;9;8;=;1;4;8'
421,'78-17=2','79-77=2',digit_to_digit,1,8,9,3,1,7,,,,,,,'7;8;-;1;7;=;2','7;9;-;7;7;=;2'
422,'21-84=-53','31-84=-53',within_digit,0,2,3,,,,,,,,,,'2;1;-;8;4;=;-;5;3','3;1;-;8;4;=;-;5;3'
423,'73-86=759','73+86=159',op_and_digit_balance,6,7,1,2,-,+,,,,,,,'7;3;-;8;6;=;7;5;9','7;3;+;8;6;=;1;5;9'
424,'31+25=5','31-25=6',op_and_digit_balance,2,+,-,6,5,6,,,,,,,'3;1;+;2;5;=;5','3;1;-;2;5;=;6'
425,'50+87=127','60+67=127',digit_to_digit,3,8,6,0,5,6,,,,,,,'5;0;+;8;7;=;1;2;7','6;0;+;6;7;=;1;2;7'
426,'96=64-32','96-64=32',swap_-_and_=,2,=,-,5,-,=,,,,,,,'9;6;=;6;4;-;3;2','9;6;-;6;4;=;3;2'
427,'74=91--17','74-91=-17',swap_-_and_=,2,=,-,5,-,=,,,,,,,'7;4;=;9;1;-;-;1;7','7;4;-;9;1;=;-;1;7'
428,'48-78=118','40+78=118',op_and_digit_balance,1,8,0,2,-,+,,,,,,,'4;8;-;7;8;=;11;8','4;0;+;7;8;=;11;8'
429,'35+30=89','39+30=69',digit_to_digit,6,8,6,1,5,9,,,,,,,'3;5;+;3;0;=;8;9','3;9;+;3;0;=;6;9'
430,'45+33=6','45-39=6',op_and_digit_balance,2,+,-,4,3,9,,,,,,,'4;5;+;3;3;=;6','4;5;-;3;9;=;6'
431,'15+93=-18','15-93=-78',op_and_digit_balance,2,+,-,7,1,7,,,,,,,'1;5;+;9;3;=;-;1;8','1;5;-;9;3;=;-;7;8'
432,'41+58=-27','41-68=-27',op_and_digit_balance,2,+,-,3,5,6,,,,,,,'4;1;+;5;8;=;-;2;7','4;1;-;6;8;=;-;2;7'
433,'61+33=26','61-33=28',op_and_digit_balance,2,+,-,7,6,8,,,,,,,'6;1;+;3;3;=;2;6','6;1;-;3;3;=;2;8'
434,'66+18=40','66-18=48',op_and_digit_balance,2,+,-,7,0,8,,,,,,,'6;6;+;1;8;=;4;0','6;6;-;1;8;=;4;8'
435,'19+80=-51','19-80=-61',op_and_digit_balance,2,+,-,7,5,6,,,,,,,'1;9;+;8;0;=;-;5;1','1;9;-;8;0;=;-;6;1'
436,'82-89=165','82+83=165',op_and_digit_balance,4,9,3,2,-,+,,,,,,,'8;2;-;8;9;=;1;6;5','8;2;+;8;3;=;1;6;5'
437,'78-65=141','76+65=141',op_and_digit_balance,1,8,6,2,-,+,,,,,,,'7;8;-;6;5;=;1;4;1','7;6;+;6;5;=;1;4;1'
438,'88-69=167','98+69=167',op_and_digit_balance,0,8,9,2,-,+,,,,,,,'8;8;-;6;9;=;1;6;7','9;8;+;6;9;=;1;6;7'
439,'37=16-21','37-16=21',swap_-_and_=,2,=,-,5,-,=,,,,,,,'3;7;=;1;6;-;2;1','3;7;-;1;6;=;2;1'
440,'20+31=-3','28-31=-3',op_and_digit_balance,2,+,-,1,0,8,,,,,,,'2;0;+;3;1;=;-;3','2;8;-;3;1;=;-;3'
441,'78+42=129','78+42=120',within_digit,8,9,0,,,,,,,,,,'7;8;+;4;2;=;1;2;9','7;8;+;4;2;=;1;2;0'
442,'71+75=750','71+79=150',digit_to_digit,6,7,1,4,5,9,,,,,,,'7;1;+;7;5;=;7;5;0','7;1;+;7;9;=;1;5;0'
443,'21+13=48','27+13=40',digit_to_digit,7,8,0,1,1,7,,,,,,,'2;1;+;1;3;=;4;8','2;7;+;1;3;=;4;0'
444,'40+22=19','40-22=18',op_and_digit_balance,2,+,-,7,9,8,,,,,,,'4;0;+;2;2;=;1;9','4;0;-;2;2;=;1;8'
445,'45+68=112','46+66=112',digit_to_digit,4,8,6,1,5,6,,,,,,,'4;5;+;6;8;=;11;2','4;6;+;6;6;=;11;2'
446,'97+79=115','97+19=116',digit_to_digit,3,7,1,7,5,6,,,,,,,'9;7;+;7;9;=;11;5','9;7;+;1;9;=;11;6'
447,'63+86=743','63+86=149',digit_to_digit,6,7,1,8,3,9,,,,,,,'6;3;+;8;6;=;7;4;3','6;3;+;8;6;=;1;4;9'
448,'54+13=35','54-19=35',op_and_digit_balance,2,+,-,4,3,9,,,,,,,'5;4;+;1;3;=;3;5','5;4;-;1;9;=;3;5'
449,'39-57=-28','29-57=-28',within_digit,0,3,2,,,,,,,,,,'3;9;-;5;7;=;-;2;8','2;9;-;5;7;=;-;2;8'
450,'88-78=164','86+78=164',op_and_digit_balance,1,8,6,2,-,+,,,,,,,'8;8;-;7;8;=;1;6;4','8;6;+;7;8;=;1;6;4'
451,'90=74-16','90-74=16',swap_-_and_=,2,=,-,5,-,=,,,,,,,'9;0;=;7;4;-;1;6','9;0;-;7;4;=;1;6'
452,'89-67=166','99+67=166',op_and_digit_balance,0,8,9,2,-,+,,,,,,,'8;9;-;6;7;=;1;6;6','9;9;+;6;7;=;1;6;6'
453,'13+29=-15','13-29=-16',op_and_digit_balance,2,+,-,8,5,6,,,,,,,'1;3;+;2;9;=;-;1;5','1;3;-;2;9;=;-;1;6'
454,'41-38=17','47-30=17',digit_to_digit,4,8,0,1,1,7,,,,,,,'4;1;-;3;8;=;1;7','4;7;-;3;0;=;1;7'
455,'36-47=89','36+47=83',op_and_digit_balance,7,9,3,2,-,+,,,,,,,'3;6;-;4;7;=;8;9','3;6;+;4;7;=;8;3'
456,'48-14=-28','48-74=-26',digit_to_digit,8,8,6,3,1,7,,,,,,,'4;8;-;1;4;=;-;2;8','4;8;-;7;4;=;-;2;6'
457,'93=54-39','93-54=39',swap_-_and_=,2,=,-,5,-,=,,,,,,,'9;3;=;5;4;-;3;9','9;3;-;5;4;=;3;9'
458,'92-82=774','92+82=174',op_and_digit_balance,6,7,1,2,-,+,,,,,,,'9;2;-;8;2;=;7;7;4','9;2;+;8;2;=;1;7;4'
459,'64-84=158','64+94=158',op_and_digit_balance,3,8,9,2,-,+,,,,,,,'6;4;-;8;4;=;1;5;8','6;4;+;9;4;=;1;5;8'
460,'22-55=-32','22-55=-33',within_digit,8,2,3,,,,,,,,,,'2;2;-;5;5;=;-;3;2','2;2;-;5;5;=;-;3;3'
461,'53=97--44','53-97=-44',swap_-_and_=,2,=,-,5,-,=,,,,,,,'5;3;=;9;7;-;-;4;4','5;3;-;9;7;=;-;4;4'
462,'20+60=-48','20-68=-48',op_and_digit_balance,2,+,-,4,0,8,,,,,,,'2;0;+;6;0;=;-;4;8','2;0;-;6;8;=;-;4;8'
463,'42+78=116','42+76=118',digit_to_digit,4,8,6,7,6,8,,,,,,,'4;2;+;7;8;=;11;6','4;2;+;7;6;=;11;8'
464,'25+32=-1','25-32=-7',op_and_digit_balance,2,+,-,7,1,7,,,,,,,'2;5;+;3;2;=;-;1','2;5;-;3;2;=;-;7'
465,'37-58=85','37+58=95',op_and_digit_balance,6,8,9,2,-,+,,,,,,,'3;7;-;5;8;=;8;5','3;7;+;5;8;=;9;5'
466,'36+76=113','36+76=112',within_digit,7,3,2,,,,,,,,,,'3;6;+;7;6;=;11;3','3;6;+;7;6;=;11;2'
467,'17-59=-46','17-63=-46',digit_to_digit,4,9,3,3,5,6,,,,,,,'1;7;-;5;9;=;-;4;6','1;7;-;6;3;=;-;4;6'
468,'46-50=-13','46-59=-13',within_digit,4,0,9,,,,,,,,,,'4;6;-;5;0;=;-;1;3','4;6;-;5;9;=;-;1;3'
469,'16=40--24','16-40=-24',swap_-_and_=,2,=,-,5,-,=,,,,,,,'1;6;=;4;0;-;-;2;4','1;6;-;4;0;=;-;2;4'
470,'44-24=88','44+24=68',op_and_digit_balance,6,8,6,2,-,+,,,,,,,'4;4;-;2;4;=;8;8','4;4;+;2;4;=;6;8'
471,'97-66=162','97+65=162',op_and_digit_balance,4,6,5,2,-,+,,,,,,,'9;7;-;6;6;=;1;6;2','9;7;+;6;5;=;1;6;2'
472,'19-79=88','19+79=98',op_and_digit_balance,6,8,9,2,-,+,,,,,,,'1;9;-;7;9;=;8;8','1;9;+;7;9;=;9;8'
473,'94+85=123','34+89=123',digit_to_digit,0,9,3,4,5,9,,,,,,,'9;4;+;8;5;=;1;2;3','3;4;+;8;9;=;1;2;3'
474,'36-29=61','36+25=61',op_and_digit_balance,4,9,5,2,-,+,,,,,,,'3;6;-;2;9;=;6;1','3;6;+;2;5;=;6;1'
475,'24=58--34','24-58=-34',swap_-_and_=,2,=,-,5,-,=,,,,,,,'2;4;=;5;8;-;-;3;4','2;4;-;5;8;=;-;3;4'
476,'51-39=13','51-39=12',within_digit,7,3,2,,,,,,,,,,'5;1;-;3;9;=;1;3','5;1;-;3;9;=;1;2'
477,'78-30=109','79+30=109',op_and_digit_balance,1,8,9,2,-,+,,,,,,,'7;8;-;3;0;=;1;0;9','7;9;+;3;0;=;1;0;9'
478,'81+35=45','81-35=46',op_and_digit_balance,2,+,-,7,5,6,,,,,,,'8;1;+;3;5;=;4;5','8;1;-;3;5;=;4;6'
479,'76+79=35','16+79=95',digit_to_digit,0,7,1,6,3,9,,,,,,,'7;6;+;7;9;=;3;5','1;6;+;7;9;=;9;5'
480,'73-58=731','73+58=131',op_and_digit_balance,6,7,1,2,-,+,,,,,,,'7;3;-;5;8;=;7;3;1','7;3;+;5;8;=;1;3;1'
481,'59-89=-91','58-89=-31',digit_to_digit,7,9,3,1,9,8,,,,,,,'5;9;-;8;9;=;-;9;1','5;8;-;8;9;=;-;3;1'
482,'98-88=184','96+88=184',op_and_digit_balance,1,8,6,2,-,+,,,,,,,'9;8;-;8;8;=;1;8;4','9;6;+;8;8;=;1;8;4'
483,'78+50=20','78-58=20',op_and_digit_balance,2,+,-,4,0,8,,,,,,,'7;8;+;5;0;=;2;0','7;8;-;5;8;=;2;0'
484,'25-86=-40','26-66=-40',digit_to_digit,3,8,6,1,5,6,,,,,,,'2;5;-;8;6;=;-;4;0','2;6;-;6;6;=;-;4;0'
485,'97=11-86','97-11=86',swap_-_and_=,2,=,-,4,-,=,,,,,,,'9;7;=;11;-;8;6','9;7;-;11;=;8;6'
486,'84-19=11','84-73=11',digit_to_digit,4,9,3,3,1,7,,,,,,,'8;4;-;1;9;=;11','8;4;-;7;3;=;11'
487,'26+39=55','26+29=55',within_digit,3,3,2,,,,,,,,,,'2;6;+;3;9;=;5;5','2;6;+;2;9;=;5;5'
488,'33+40=-1','39-40=-1',op_and_digit_balance,2,+,-,1,3,9,,,,,,,'3;3;+;4;0;=;-;1','3;9;-;4;0;=;-;1'
489,'89-63=5','69-63=6',digit_to_digit,0,8,6,6,5,6,,,,,,,'8;9;-;6;3;=;5','6;9;-;6;3;=;6'
490,'51-87=-24','57-81=-24',digit_to_digit,4,7,1,1,1,7,,,,,,,'5;1;-;8;7;=;-;2;4','5;7;-;8;1;=;-;2;4'
491,'78-28=40','76-28=48',digit_to_digit,1,8,6,7,0,8,,,,,,,'7;8;-;2;8;=;4;0','7;6;-;2;8;=;4;8'
492,'23-98=-13','23-96=-73',digit_to_digit,4,8,6,7,1,7,,,,,,,'2;3;-;9;8;=;-;1;3','2;3;-;9;6;=;-;7;3'
493,'83+57=144','83+61=144',digit_to_digit,4,7,1,3,5,6,,,,,,,'8;3;+;5;7;=;1;4;4','8;3;+;6;1;=;1;4;4'
494,'12+45=27','72-45=27',op_and_digit_balance,2,+,-,0,1,7,,,,,,,'1;2;+;4;5;=;2;7','7;2;-;4;5;=;2;7'
495,'90-74=104','90+14=104',op_and_digit_balance,3,7,1,2,-,+,,,,,,,'9;0;-;7;4;=;1;0;4','9;0;+;1;4;=;1;0;4'
496,'19+59=132','73+59=132',digit_to_digit,1,9,3,0,1,7,,,,,,,'1;9;+;5;9;=;1;3;2','7;3;+;5;9;=;1;3;2'
497,'51+44=13','57-44=13',op_and_digit_balance,2,+,-,1,1,7,,,,,,,'5;1;+;4;4;=;1;3','5;7;-;4;4;=;1;3'
498,'12=46--34','12-46=-34',swap_-_and_=,2,=,-,5,-,=,,,,,,,'1;2;=;4;6;-;-;3;4','1;2;-;4;6;=;-;3;4'
499,'17-29=54','77-23=54',digit_to_digit,4,9,3,0,1,7,,,,,,,'1;7;-;2;9;=;5;4','7;7;-;2;3;=;5;4'
500,'15+37=93','16+37=53',digit_to_digit,6,9,5,1,5,6,,,,,,,'1;5;+;3;7;=;9;3','1;6;+;3;7;=;5;3'
501,'69+66=-17','69-86=-17',op_and_digit_balance,2,+,-,3,6,8,,,,,,,'6;9;+;6;6;=;-;1;7','6;9;-;8;6;=;-;1;7'
502,'63+86=-3','83-86=-3',op_and_digit_balance,2,+,-,0,6,8,,,,,,,'6;3;+;8;6;=;-;3','8;3;-;8;6;=;-;3'
503,'23+59=-35','23-59=-36',op_and_digit_balance,2,+,-,8,5,6,,,,,,,'2;3;+;5;9;=;-;3;5','2;3;-;5;9;=;-;3;6'
504,'87-21=118','97+21=118',op_and_digit_balance,0,8,9,2,-,+,,,,,,,'8;7;-;2;1;=;11;8','9;7;+;2;1;=;11;8'
505,'57-24=49','67-24=43',digit_to_digit,7,9,3,0,5,6,,,,,,,'5;7;-;2;4;=;4;9','6;7;-;2;4;=;4;3'
506,'27+16=-49','27-76=-49',op_and_digit_balance,2,+,-,3,1,7,,,,,,,'2;7;+;1;6;=;-;4;9','2;7;-;7;6;=;-;4;9'
507,'20-82=112','20+92=112',op_and_digit_balance,3,8,9,2,-,+,,,,,,,'2;0;-;8;2;=;11;2','2;0;+;9;2;=;11;2'
508,'23=66--43','23-66=-43',swap_-_and_=,2,=,-,5,-,=,,,,,,,'2;3;=;6;6;-;-;4;3','2;3;-;6;6;=;-;4;3'
509,'79+91=-2','79-81=-2',op_and_digit_balance,2,+,-,3,9,8,,,,,,,'7;9;+;9;1;=;-;2','7;9;-;8;1;=;-;2'
510,'55+95=-39','56-95=-39',op_and_digit_balance,2,+,-,1,5,6,,,,,,,'5;5;+;9;5;=;-;3;9','5;6;-;9;5;=;-;3;9'
511,'51+97=-45','51-97=-46',op_and_digit_balance,2,+,-,8,5,6,,,,,,,'5;1;+;9;7;=;-;4;5','5;1;-;9;7;=;-;4;6'
512,'23=85--62','23-85=-62',swap_-_and_=,2,=,-,5,-,=,,,,,,,'2;3;=;8;5;-;-;6;2','2;3;-;8;5;=;-;6;2'
513,'97+85=123','37+86=123',digit_to_digit,0,9,3,4,5,6,,,,,,,'9;7;+;8;5;=;1;2;3','3;7;+;8;6;=;1;2;3'
514,'46-36=3','45-36=9',digit_to_digit,1,6,5,6,3,9,,,,,,,'4;6;-;3;6;=;3','4;5;-;3;6;=;9'
515,'64-82=126','64+62=126',op_and_digit_balance,3,8,6,2,-,+,,,,,,,'6;4;-;8;2;=;1;2;6','6;4;+;6;2;=;1;2;6'
516,'85-93=778','85+93=178',op_and_digit_balance,6,7,1,2,-,+,,,,,,,'8;5;-;9;3;=;7;7;8','8;5;+;9;3;=;1;7;8'
517,'63+10=-7','63-70=-7',op_and_digit_balance,2,+,-,3,1,7,,,,,,,'6;3;+;1;0;=;-;7','6;3;-;7;0;=;-;7'
518,'86-38=123','85+38=123',op_and_digit_balance,1,6,5,2,-,+,,,,,,,'8;6;-;3;8;=;1;2;3','8;5;+;3;8;=;1;2;3'
519,'24-36=-13','24-36=-12',within_digit,8,3,2,,,,,,,,,,'2;4;-;3;6;=;-;1;3','2;4;-;3;6;=;-;1;2'
520,'68-25=91','66+25=91',op_and_digit_balance,1,8,6,2,-,+,,,,,,,'6;8;-;2;5;=;9;1','6;6;+;2;5;=;9;1'
521,'49=71--22','49-71=-22',swap_-_and_=,2,=,-,5,-,=,,,,,,,'4;9;=;7;1;-;-;2;2','4;9;-;7;1;=;-;2;2'
522,'63+64=19','83-64=19',op_and_digit_balance,2,+,-,0,6,8,,,,,,,'6;3;+;6;4;=;1;9','8;3;-;6;4;=;1;9'
523,'53-42=85','53+42=95',op_and_digit_balance,6,8,9,2,-,+,,,,,,,'5;3;-;4;2;=;8;5','5;3;+;4;2;=;9;5'
524,'65+29=37','66-29=37',op_and_digit_balance,2,+,-,1,5,6,,,,,,,'6;5;+;2;9;=;3;7','6;6;-;2;9;=;3;7'
525,'38-78=-110','38-78=-40',four_eleven,7,11,4,,,,,,,,,,'3;8;-;7;8;=;-;11;0','3;8;-;7;8;=;-;4;0'
526,'62-31=61','82-31=51',digit_to_digit,6,6,5,0,6,8,,,,,,,'6;2;-;3;1;=;6;1','8;2;-;3;1;=;5;1'
527,'79-66=85','19+66=85',op_and_digit_balance,0,7,1,2,-,+,,,,,,,'7;9;-;6;6;=;8;5','1;9;+;6;6;=;8;5'
528,'22+41=59','22+41=63',digit_to_digit,7,9,3,6,5,6,,,,,,,'2;2;+;4;1;=;5;9','2;2;+;4;1;=;6;3'
529,'45-45=-7','45-46=-1',digit_to_digit,7,7,1,4,5,6,,,,,,,'4;5;-;4;5;=;-;7','4;5;-;4;6;=;-;1'
530,'99-39=-1','38-39=-1',digit_to_digit,0,9,3,1,9,8,,,,,,,'9;9;-;3;9;=;-;1','3;8;-;3;9;=;-;1'
531,'11-79=-52','11-73=-62',digit_to_digit,3,9,3,6,5,6,,,,,,,'11;-;7;9;=;-;5;2','11;-;7;3;=;-;6;2'
532,'86-25=68','86-26=60',digit_to_digit,7,8,0,4,5,6,,,,,,,'8;6;-;2;5;=;6;8','8;6;-;2;6;=;6;0'
533,'67-99=29','67-39=28',digit_to_digit,3,9,3,7,9,8,,,,,,,'6;7;-;9;9;=;2;9','6;7;-;3;9;=;2;8'
534,'75+30=46','76-30=46',op_and_digit_balance,2,+,-,1,5,6,,,,,,,'7;5;+;3;0;=;4;6','7;6;-;3;0;=;4;6'
535,'36+64=90','26+64=90',within_digit,0,3,2,,,,,,,,,,'3;6;+;6;4;=;9;0','2;6;+;6;4;=;9;0'
536,'35=81--46','35-81=-46',swap_-_and_=,2,=,-,5,-,=,,,,,,,'3;5;=;8;1;-;-;4;6','3;5;-;8;1;=;-;4;6'
537,'49+18=40','49-1-8=40',,2,+,-,,,,,,,,,,4;9;+;1;8;=;4;0',4;9;-;1;-;8;=;4;0'
538,'71-61=-44','17-61=-44',digit_to_digit,0,7,1,1,1,7,,,,,,,'7;1;-;6;1;=;-;4;4','1;7;-;6;1;=;-;4;4'
539,'48-69=111','48+63=111',op_and_digit_balance,4,9,3,2,-,+,,,,,,,'4;8;-;6;9;=;1;11','4;8;+;6;3;=;1;11'
540,'58-18=42','60-18=42',digit_to_digit,1,8,0,0,5,6,,,,,,,'5;8;-;1;8;=;4;2','6;0;-;1;8;=;4;2'
541,'54+28=25','54-28=26',op_and_digit_balance,2,+,-,7,5,6,,,,,,,'5;4;+;2;8;=;2;5','5;4;-;2;8;=;2;6'
542,'57+61=122','61+61=122',digit_to_digit,1,7,1,0,5,6,,,,,,,'5;7;+;6;1;=;1;2;2','6;1;+;6;1;=;1;2;2'
543,'40+54=-54','40-94=-54',op_and_digit_balance,2,+,-,3,5,9,,,,,,,'4;0;+;5;4;=;-;5;4','4;0;-;9;4;=;-;5;4'
544,'28-17=46','28+17=45',op_and_digit_balance,7,6,5,2,-,+,,,,,,,'2;8;-;1;7;=;4;6','2;8;+;1;7;=;4;5'
545,'30+54=-34','30-64=-34',op_and_digit_balance,2,+,-,3,5,6,,,,,,,'3;0;+;5;4;=;-;3;4','3;0;-;6;4;=;-;3;4'
546,'77=60-17','77-60=17',swap_-_and_=,2,=,-,5,-,=,,,,,,,'7;7;=;6;0;-;1;7','7;7;-;6;0;=;1;7'
547,'33-28=59','33+26=59',op_and_digit_balance,4,8,6,2,-,+,,,,,,,'3;3;-;2;8;=;5;9','3;3;+;2;6;=;5;9'
548,'98-52=30','90-52=38',digit_to_digit,1,8,0,7,0,8,,,,,,,'9;8;-;5;2;=;3;0','9;0;-;5;2;=;3;8'
549,'82-98=120','82+38=120',op_and_digit_balance,3,9,3,2,-,+,,,,,,,'8;2;-;9;8;=;1;2;0','8;2;+;3;8;=;1;2;0'
550,'90+95=5','90-85=5',op_and_digit_balance,2,+,-,3,9,8,,,,,,,'9;0;+;9;5;=;5','9;0;-;8;5;=;5'
551,'52-49=181','52+49=101',op_and_digit_balance,7,8,0,2,-,+,,,,,,,'5;2;-;4;9;=;1;8;1','5;2;+;4;9;=;1;0;1'
552,'96=76-20','96-76=20',swap_-_and_=,2,=,-,5,-,=,,,,,,,'9;6;=;7;6;-;2;0','9;6;-;7;6;=;2;0'
553,'80+55=745','80+65=145',digit_to_digit,6,7,1,3,5,6,,,,,,,'8;0;+;5;5;=;7;4;5','8;0;+;6;5;=;1;4;5'
554,'92+28=121','93+28=121',within_digit,1,2,3,,,,,,,,,,'9;2;+;2;8;=;1;2;1','9;3;+;2;8;=;1;2;1'
555,'14+40=-34','14-48=-34',op_and_digit_balance,2,+,-,4,0,8,,,,,,,'1;4;+;4;0;=;-;3;4','1;4;-;4;8;=;-;3;4'
556,'15+30=54','15+39=54',within_digit,4,0,9,,,,,,,,,,'1;5;+;3;0;=;5;4','1;5;+;3;9;=;5;4'
557,'44+86=139','44+86=130',within_digit,8,9,0,,,,,,,,,,'4;4;+;8;6;=;1;3;9','4;4;+;8;6;=;1;3;0'
558,'21-85=186','21+85=106',op_and_digit_balance,7,8,0,2,-,+,,,,,,,'2;1;-;8;5;=;1;8;6','2;1;+;8;5;=;1;0;6'
559,'93-18=17','93-16=77',digit_to_digit,4,8,6,6,1,7,,,,,,,'9;3;-;1;8;=;1;7','9;3;-;1;6;=;7;7'
560,'35+35=138','95+35=130',digit_to_digit,8,8,0,0,3,9,,,,,,,'3;5;+;3;5;=;1;3;8','9;5;+;3;5;=;1;3;0'
561,'14+25=48','14+26=40',digit_to_digit,7,8,0,4,5,6,,,,,,,'1;4;+;2;5;=;4;8','1;4;+;2;6;=;4;0'
562,'45+16=30','46-16=30',op_and_digit_balance,2,+,-,1,5,6,,,,,,,'4;5;+;1;6;=;3;0','4;6;-;1;6;=;3;0'
563,'98=42-56','98-42=56',swap_-_and_=,2,=,-,5,-,=,,,,,,,'9;8;=;4;2;-;5;6','9;8;-;4;2;=;5;6'
564,'75+85=101','16+85=101',digit_to_digit,0,7,1,1,5,6,,,,,,,'7;5;+;8;5;=;1;0;1','1;6;+;8;5;=;1;0;1'
565,'79-96=115','19+96=115',op_and_digit_balance,0,7,1,2,-,+,,,,,,,'7;9;-;9;6;=;11;5','1;9;+;9;6;=;11;5'
566,'84+12=166','94+72=166',digit_to_digit,0,8,9,3,1,7,,,,,,,'8;4;+;1;2;=;1;6;6','9;4;+;7;2;=;1;6;6'
567,'32-25=67','32+25=57',within_digit,6,6,5,2,-,+,,,,,,,'3;2;-;2;5;=;6;7','3;2;+;2;5;=;5;7'
568,'68+75=155','80+75=155',digit_to_digit,1,8,0,0,6,8,,,,,,,'6;8;+;7;5;=;1;5;5','8;0;+;7;5;=;1;5;5'
569,'49+70=121','43+78=121',digit_to_digit,1,9,3,4,0,8,,,,,,,'4;9;+;7;0;=;1;2;1','4;3;+;7;8;=;1;2;1'
570,'82+23=53','82-29=53',op_and_digit_balance,2,+,-,4,3,9,,,,,,,'8;2;+;2;3;=;5;3','8;2;-;2;9;=;5;3'
571,'89-98=7','89-88=1',digit_to_digit,6,7,1,3,9,8,,,,,,,'8;9;-;9;8;=;7','8;9;-;8;8;=;1'
572,'11-90=701','11+90=101',op_and_digit_balance,5,7,1,1,-,+,,,,,,,'11;-;9;0;=;7;0;1','11;+;9;0;=;1;0;1'
573,'93+50=123','33+90=123',digit_to_digit,0,9,3,3,5,9,,,,,,,'9;3;+;5;0;=;1;2;3','3;3;+;9;0;=;1;2;3'
574,'89-97=8','89-81=8',digit_to_digit,4,7,1,3,9,8,,,,,,,'8;9;-;9;7;=;8','8;9;-;8;1;=;8'
575,'55-95=-96','59-95=-36',digit_to_digit,7,9,3,1,5,9,,,,,,,'5;5;-;9;5;=;-;9;6','5;9;-;9;5;=;-;3;6'
576,'64+13=197','64+73=137',digit_to_digit,7,9,3,3,1,7,,,,,,,'6;4;+;1;3;=;1;9;7','6;4;+;7;3;=;1;3;7'
577,'14-46=-22','14-46=-32',within_digit,7,2,3,,,,,,,,,,'1;4;-;4;6;=;-;2;2','1;4;-;4;6;=;-;3;2'
578,'92-44=76','32+44=76',op_and_digit_balance,0,9,3,2,-,+,,,,,,,'9;2;-;4;4;=;7;6','3;2;+;4;4;=;7;6'
579,'47-84=-91','47-84=-37',digit_to_digit,7,9,3,8,1,7,,,,,,,'4;7;-;8;4;=;-;9;1','4;7;-;8;4;=;-;3;7'
580,'59+22=31','59-22=37',op_and_digit_balance,2,+,-,7,1,7,,,,,,,'5;9;+;2;2;=;3;1','5;9;-;2;2;=;3;7'
581,'58+14=104','90+14=104',digit_to_digit,1,8,0,0,5,9,,,,,,,'5;8;+;1;4;=;1;0;4','9;0;+;1;4;=;1;0;4'
582,'28-20=46','26+20=46',op_and_digit_balance,1,8,6,2,-,+,,,,,,,'2;8;-;2;0;=;4;6','2;6;+;2;0;=;4;6'
583,'86-82=-5','86-92=-6',digit_to_digit,3,8,9,7,5,6,,,,,,,'8;6;-;8;2;=;-;5','8;6;-;9;2;=;-;6'
584,'98-41=138','98+41=139',op_and_digit_balance,8,8,9,2,-,+,,,,,,,'9;8;-;4;1;=;1;3;8','9;8;+;4;1;=;1;3;9'
585,'75-18=-9','75-78=-3',digit_to_digit,7,9,3,3,1,7,,,,,,,'7;5;-;1;8;=;-;9','7;5;-;7;8;=;-;3'
586,'25=63--38','25-63=-38',swap_-_and_=,2,=,-,5,-,=,,,,,,,'2;5;=;6;3;-;-;3;8','2;5;-;6;3;=;-;3;8'
587,'42-96=5','42-36=6',digit_to_digit,3,9,3,6,5,6,,,,,,,'4;2;-;9;6;=;5','4;2;-;3;6;=;6'
588,'41-28=89','41+28=69',op_and_digit_balance,6,8,6,2,-,+,,,,,,,'4;1;-;2;8;=;8;9','4;1;+;2;8;=;6;9'
589,'55+54=703','55+54=109',digit_to_digit,6,7,1,8,3,9,,,,,,,'5;5;+;5;4;=;7;0;3','5;5;+;5;4;=;1;0;9'
590,'22=66--44','22-66=-44',swap_-_and_=,2,=,-,5,-,=,,,,,,,'2;2;=;6;6;-;-;4;4','2;2;-;6;6;=;-;4;4'
591,'29+51=98','29+51=80',digit_to_digit,7,8,0,6,9,8,,,,,,,'2;9;+;5;1;=;9;8','2;9;+;5;1;=;8;0'
592,'28-48=74','28+46=74',op_and_digit_balance,4,8,6,2,-,+,,,,,,,'2;8;-;4;8;=;7;4','2;8;+;4;6;=;7;4'
593,'54+58=144','54+90=144',digit_to_digit,4,8,0,3,5,9,,,,,,,'5;4;+;5;8;=;1;4;4','5;4;+;9;0;=;1;4;4'
594,'25+45=-19','26-45=-19',op_and_digit_balance,2,+,-,1,5,6,,,,,,,'2;5;+;4;5;=;-;1;9','2;6;-;4;5;=;-;1;9'
595,'17-44=39','77-44=33',digit_to_digit,7,9,3,0,1,7,,,,,,,'1;7;-;4;4;=;3;9','7;7;-;4;4;=;3;3'
596,'86-17=109','86+17=103',op_and_digit_balance,8,9,3,2,-,+,,,,,,,'8;6;-;1;7;=;1;0;9','8;6;+;1;7;=;1;0;3'
597,'56+49=111','66+45=111',digit_to_digit,4,9,5,0,5,6,,,,,,,'5;6;+;4;9;=;1;11','6;6;+;4;5;=;1;11'
598,'97-18=119','97+18=115',op_and_digit_balance,7,9,5,2,-,+,,,,,,,'9;7;-;1;8;=;11;9','9;7;+;1;8;=;11;5'
599,'58=57-1','58-57=1',swap_-_and_=,2,=,-,5,-,=,,,,,,,'5;8;=;5;7;-;1','5;8;-;5;7;=;1'
600,'93-62=95','33+62=95',op_and_digit_balance,0,9,3,2,-,+,,,,,,,'9;3;-;6;2;=;9;5','3;3;+;6;2;=;9;5'
601,'71+13=-2','71-73=-2',op_and_digit_balance,2,+,-,3,1,7,,,,,,,'7;1;+;1;3;=;-;2','7;1;-;7;3;=;-;2'
602,'72-75=51','72-15=57',digit_to_digit,3,7,1,7,1,7,,,,,,,'7;2;-;7;5;=;5;1','7;2;-;1;5;=;5;7'
603,'56+61=5','66-61=5',op_and_digit_balance,2,+,-,0,5,6,,,,,,,'5;6;+;6;1;=;5','6;6;-;6;1;=;5'
604,'14=43--29','14-43=-29',swap_-_and_=,2,=,-,5,-,=,,,,,,,'1;4;=;4;3;-;-;2;9','1;4;-;4;3;=;-;2;9'
605,'98+61=31','98-67=31',op_and_digit_balance,2,+,-,4,1,7,,,,,,,'9;8;+;6;1;=;3;1','9;8;-;6;7;=;3;1'
606,'86-94=120','86+34=120',op_and_digit_balance,3,9,3,2,-,+,,,,,,,'8;6;-;9;4;=;1;2;0','8;6;+;3;4;=;1;2;0'
607,'96+39=51','96-39=57',op_and_digit_balance,2,+,-,7,1,7,,,,,,,'9;6;+;3;9;=;5;1','9;6;-;3;9;=;5;7'
608,'86+38=1211','86+38=124',four_eleven,8,11,4,,,,,,,,,,'8;6;+;3;8;=;1;2;11','8;6;+;3;8;=;1;2;4'
609,'30+86=776','90+86=176',digit_to_digit,6,7,1,0,3,9,,,,,,,'3;0;+;8;6;=;7;7;6','9;0;+;8;6;=;1;7;6'
610,'44-80=134','44+90=134',op_and_digit_balance,3,8,9,2,-,+,,,,,,,'4;4;-;8;0;=;1;3;4','4;4;+;9;0;=;1;3;4'
611,'39-12=47','35+12=47',op_and_digit_balance,1,9,5,2,-,+,,,,,,,'3;9;-;1;2;=;4;7','3;5;+;1;2;=;4;7'
612,'81-18=5','81-76=5',digit_to_digit,4,8,6,3,1,7,,,,,,,'8;1;-;1;8;=;5','8;1;-;7;6;=;5'
613,'81-70=131','61+70=131',op_and_digit_balance,0,8,6,2,-,+,,,,,,,'8;1;-;7;0;=;1;3;1','6;1;+;7;0;=;1;3;1'
614,'30+85=45','30+85=115',four_eleven,6,4,11,,,,,,,,,,'3;0;+;8;5;=;4;5','3;0;+;8;5;=;11;5'
615,'67=92--25','67-92=-25',swap_-_and_=,2,=,-,5,-,=,,,,,,,'6;7;=;9;2;-;-;2;5','6;7;-;9;2;=;-;2;5'
616,'13=47--34','13-47=-34',swap_-_and_=,2,=,-,5,-,=,,,,,,,'1;3;=;4;7;-;-;3;4','1;3;-;4;7;=;-;3;4'
617,'11-48=60','11+49=60',op_and_digit_balance,3,8,9,1,-,+,,,,,,,'11;-;4;8;=;6;0','11;+;4;9;=;6;0'
618,'58+82=142','60+82=142',digit_to_digit,1,8,0,0,5,6,,,,,,,'5;8;+;8;2;=;1;4;2','6;0;+;8;2;=;1;4;2'
619,'19-43=-20','15-43=-28',digit_to_digit,1,9,5,8,0,8,,,,,,,'1;9;-;4;3;=;-;2;0','1;5;-;4;3;=;-;2;8'
620,'32+33=55','22+33=55',within_digit,0,3,2,,,,,,,,,,'3;2;+;3;3;=;5;5','2;2;+;3;3;=;5;5'
621,'98-82=190','98+92=190',op_and_digit_balance,3,8,9,2,-,+,,,,,,,'9;8;-;8;2;=;1;9;0','9;8;+;9;2;=;1;9;0'
622,'15+30=-14','16-30=-14',op_and_digit_balance,2,+,-,1,5,6,,,,,,,'1;5;+;3;0;=;-;1;4','1;6;-;3;0;=;-;1;4'
623,'28=37--9','28-37=-9',swap_-_and_=,2,=,-,5,-,=,,,,,,,'2;8;=;3;7;-;-;9','2;8;-;3;7;=;-;9'
624,'18+78=-50','18-78=-60',op_and_digit_balance,2,+,-,7,5,6,,,,,,,'1;8;+;7;8;=;-;5;0','1;8;-;7;8;=;-;6;0'
625,'69+60=143','63+80=143',digit_to_digit,1,9,3,3,6,8,,,,,,,'6;9;+;6;0;=;1;4;3','6;3;+;8;0;=;1;4;3'
626,'28-75=43','28+15=43',op_and_digit_balance,3,7,1,2,-,+,,,,,,,'2;8;-;7;5;=;4;3','2;8;+;1;5;=;4;3'
627,'82-19=9','82-79=3',digit_to_digit,6,9,3,3,1,7,,,,,,,'8;2;-;1;9;=;9','8;2;-;7;9;=;3'
628,'85+57=-12','85-97=-12',op_and_digit_balance,2,+,-,3,5,9,,,,,,,'8;5;+;5;7;=;-;1;2','8;5;-;9;7;=;-;1;2'
629,'82-43=43','92-49=43',digit_to_digit,0,8,9,4,3,9,,,,,,,'8;2;-;4;3;=;4;3','9;2;-;4;9;=;4;3'
630,'93+54=741','93+54=147',digit_to_digit,6,7,1,8,1,7,,,,,,,'9;3;+;5;4;=;7;4;1','9;3;+;5;4;=;1;4;7'
631,'76-45=721','76+45=121',op_and_digit_balance,6,7,1,2,-,+,,,,,,,'7;6;-;4;5;=;7;2;1','7;6;+;4;5;=;1;2;1'
632,'56=55-1','56-55=1',swap_-_and_=,2,=,-,5,-,=,,,,,,,'5;6;=;5;5;-;1','5;6;-;5;5;=;1'
633,'99-88=787','99+88=187',op_and_digit_balance,6,7,1,2,-,+,,,,,,,'9;9;-;8;8;=;7;8;7','9;9;+;8;8;=;1;8;7'
634,'70-68=78','10+68=78',op_and_digit_balance,0,7,1,2,-,+,,,,,,,'7;0;-;6;8;=;7;8','1;0;+;6;8;=;7;8'
635,'83=44-39','83-44=39',swap_-_and_=,2,=,-,5,-,=,,,,,,,'8;3;=;4;4;-;3;9','8;3;-;4;4;=;3;9'
636,'97-49=148','97+49=146',op_and_digit_balance,8,8,6,2,-,+,,,,,,,'9;7;-;4;9;=;1;4;8','9;7;+;4;9;=;1;4;6'
637,'50-18=66','50+16=66',op_and_digit_balance,4,8,6,2,-,+,,,,,,,'5;0;-;1;8;=;6;6','5;0;+;1;6;=;6;6'
638,'36+86=132','36+86=122',within_digit,7,3,2,,,,,,,,,,'3;6;+;8;6;=;1;3;2','3;6;+;8;6;=;1;2;2'
639,'72=71-1','72-71=1',swap_-_and_=,2,=,-,5,-,=,,,,,,,'7;2;=;7;1;-;1','7;2;-;7;1;=;1'
640,'89-72=71','89-72=17',digit_to_digit,6,7,1,7,1,7,,,,,,,'8;9;-;7;2;=;7;1','8;9;-;7;2;=;1;7'
641,'64+55=49','64+55=119',four_eleven,6,4,11,,,,,,,,,,'6;4;+;5;5;=;4;9','6;4;+;5;5;=;11;9'
642,'18-47=-31','10-47=-37',digit_to_digit,1,8,0,8,1,7,,,,,,,'1;8;-;4;7;=;-;3;1','1;0;-;4;7;=;-;3;7'
643,'58=51-7','58-51=7',swap_-_and_=,2,=,-,5,-,=,,,,,,,'5;8;=;5;1;-;7','5;8;-;5;1;=;7'
644,'89=86-3','89-86=3',swap_-_and_=,2,=,-,5,-,=,,,,,,,'8;9;=;8;6;-;3','8;9;-;8;6;=;3'
645,'63-52=4','63-52=11',four_eleven,6,4,11,,,,,,,,,,'6;3;-;5;2;=;4','6;3;-;5;2;=;11'
646,'35+14=119','35+14=49',four_eleven,6,11,4,,,,,,,,,,'3;5;+;1;4;=;11;9','3;5;+;1;4;=;4;9'
647,'54-77=125','54+71=125',op_and_digit_balance,4,7,1,2,-,+,,,,,,,'5;4;-;7;7;=;1;2;5','5;4;+;7;1;=;1;2;5'
648,'20-19=99','20+19=39',op_and_digit_balance,6,9,3,2,-,+,,,,,,,'2;0;-;1;9;=;9;9','2;0;+;1;9;=;3;9'
649,'62+28=80','62+26=88',digit_to_digit,4,8,6,7,0,8,,,,,,,'6;2;+;2;8;=;8;0','6;2;+;2;6;=;8;8'
650,'35+85=-49','36-85=-49',op_and_digit_balance,2,+,-,1,5,6,,,,,,,'3;5;+;8;5;=;-;4;9','3;6;-;8;5;=;-;4;9'
651,'50+75=55','50+15=65',digit_to_digit,3,7,1,6,5,6,,,,,,,'5;0;+;7;5;=;5;5','5;0;+;1;5;=;6;5'
652,'97+71=152','91+71=162',digit_to_digit,1,7,1,7,5,6,,,,,,,'9;7;+;7;1;=;1;5;2','9;1;+;7;1;=;1;6;2'
653,'41-57=-4','47-51=-4',digit_to_digit,4,7,1,1,1,7,,,,,,,'4;1;-;5;7;=;-;4','4;7;-;5;1;=;-;4'
654,'91+61=98','31+67=98',digit_to_digit,0,9,3,4,1,7,,,,,,,'9;1;+;6;1;=;9;8','3;1;+;6;7;=;9;8'
655,'91-72=29','97-72=25',digit_to_digit,7,9,5,1,1,7,,,,,,,'9;1;-;7;2;=;2;9','9;7;-;7;2;=;2;5'
656,'45+28=14','45+29=74',digit_to_digit,4,8,9,6,1,7,,,,,,,'4;5;+;2;8;=;1;4','4;5;+;2;9;=;7;4'
657,'77-15=82','77+15=92',op_and_digit_balance,6,8,9,2,-,+,,,,,,,'7;7;-;1;5;=;8;2','7;7;+;1;5;=;9;2'
658,'46-81=-25','46-81=-35',within_digit,7,2,3,,,,,,,,,,'4;6;-;8;1;=;-;2;5','4;6;-;8;1;=;-;3;5'
659,'95-83=-4','95-99=-4',digit_to_digit,3,8,9,4,3,9,,,,,,,'9;5;-;8;3;=;-;4','9;5;-;9;9;=;-;4'
660,'85+69=145','85+60=145',within_digit,4,9,0,,,,,,,,,,'8;5;+;6;9;=;1;4;5','8;5;+;6;0;=;1;4;5'
661,'89+13=762','89+73=162',digit_to_digit,6,7,1,3,1,7,,,,,,,'8;9;+;1;3;=;7;6;2','8;9;+;7;3;=;1;6;2'
662,'58-88=147','58+89=147',op_and_digit_balance,4,8,9,2,-,+,,,,,,,'5;8;-;8;8;=;1;4;7','5;8;+;8;9;=;1;4;7'
663,'77-20=37','17+20=37',op_and_digit_balance,0,7,1,2,-,+,,,,,,,'7;7;-;2;0;=;3;7','1;7;+;2;0;=;3;7'
664,'30-49=75','30+45=75',op_and_digit_balance,4,9,5,2,-,+,,,,,,,'3;0;-;4;9;=;7;5','3;0;+;4;5;=;7;5'
665,'51-68=-71','51-68=-17',digit_to_digit,7,7,1,8,1,7,,,,,,,'5;1;-;6;8;=;-;7;1','5;1;-;6;8;=;-;1;7'
666,'97=74-23','97-74=23',swap_-_and_=,2,=,-,5,-,=,,,,,,,'9;7;=;7;4;-;2;3','9;7;-;7;4;=;2;3'
667,'77-10=27','17+10=27',op_and_digit_balance,0,7,1,2,-,+,,,,,,,'7;7;-;1;0;=;2;7','1;7;+;1;0;=;2;7'
668,'85+25=121','95+26=121',digit_to_digit,0,8,9,4,5,6,,,,,,,'8;5;+;2;5;=;1;2;1','9;5;+;2;6;=;1;2;1'
669,'25+95=724','25+99=124',digit_to_digit,6,7,1,4,5,9,,,,,,,'2;5;+;9;5;=;7;2;4','2;5;+;9;9;=;1;2;4'
670,'73-79=8','79-79=0',digit_to_digit,6,8,0,1,3,9,,,,,,,'7;3;-;7;9;=;8','7;9;-;7;9;=;0'
671,'73-55=728','73+55=128',op_and_digit_balance,6,7,1,2,-,+,,,,,,,'7;3;-;5;5;=;7;2;8','7;3;+;5;5;=;1;2;8'
672,'86-46=732','86+46=132',op_and_digit_balance,6,7,1,2,-,+,,,,,,,'8;6;-;4;6;=;7;3;2','8;6;+;4;6;=;1;3;2'
673,'27+15=43','27+15=42',within_digit,7,3,2,,,,,,,,,,'2;7;+;1;5;=;4;3','2;7;+;1;5;=;4;2'
674,'30+79=-45','30-79=-49',op_and_digit_balance,2,+,-,8,5,9,,,,,,,'3;0;+;7;9;=;-;4;5','3;0;-;7;9;=;-;4;9'
675,'70+42=26','70-42=28',op_and_digit_balance,2,+,-,7,6,8,,,,,,,'7;0;+;4;2;=;2;6','7;0;-;4;2;=;2;8'
676,'58+10=46','58-10=48',op_and_digit_balance,2,+,-,7,6,8,,,,,,,'5;8;+;1;0;=;4;6','5;8;-;1;0;=;4;8'
677,'46+14=34','48-14=34',op_and_digit_balance,2,+,-,1,6,8,,,,,,,'4;6;+;1;4;=;3;4','4;8;-;1;4;=;3;4'
678,'30-62=82','30+62=92',op_and_digit_balance,6,8,9,2,-,+,,,,,,,'3;0;-;6;2;=;8;2','3;0;+;6;2;=;9;2'
679,'76+34=169','75+94=169',digit_to_digit,1,6,5,3,3,9,,,,,,,'7;6;+;3;4;=;1;6;9','7;5;+;9;4;=;1;6;9'
680,'95+91=145','95+51=146',digit_to_digit,3,9,5,8,5,6,,,,,,,'9;5;+;9;1;=;1;4;5','9;5;+;5;1;=;1;4;6'
681,'17+86=-9','77-86=-9',op_and_digit_balance,2,+,-,0,1,7,,,,,,,'1;7;+;8;6;=;-;9','7;7;-;8;6;=;-;9'
682,'63+17=45','63-17=46',op_and_digit_balance,2,+,-,7,5,6,,,,,,,'6;3;+;1;7;=;4;5','6;3;-;1;7;=;4;6'
683,'96-25=61','36+25=61',within_digit,0,9,3,2,-,+,,,,,,,'9;6;-;2;5;=;6;1','3;6;+;2;5;=;6;1'
684,'58+30=96','66+30=96',digit_to_digit,1,8,6,0,5,6,,,,,,,'5;8;+;3;0;=;9;6','6;6;+;3;0;=;9;6'
685,'16-89=-19','76-89=-13',digit_to_digit,8,9,3,0,1,7,,,,,,,'1;6;-;8;9;=;-;1;9','7;6;-;8;9;=;-;1;3'
686,'86-51=-6','85-91=-6',digit_to_digit,1,6,5,3,5,9,,,,,,,'8;6;-;5;1;=;-;6','8;5;-;9;1;=;-;6'
687,'79=21-58','79-21=58',swap_-_and_=,2,=,-,5,-,=,,,,,,,'7;9;=;2;1;-;5;8','7;9;-;2;1;=;5;8'
688,'92-76=768','92+76=168',op_and_digit_balance,6,7,1,2,-,+,,,,,,,'9;2;-;7;6;=;7;6;8','9;2;+;7;6;=;1;6;8'
689,'84-74=758','84+74=158',op_and_digit_balance,6,7,1,2,-,+,,,,,,,'8;4;-;7;4;=;7;5;8','8;4;+;7;4;=;1;5;8'
690,'68=62-6','68-62=6',swap_-_and_=,2,=,-,5,-,=,,,,,,,'6;8;=;6;2;-;6','6;8;-;6;2;=;6'
691,'95+51=34','85-51=34',op_and_digit_balance,2,+,-,0,9,8,,,,,,,'9;5;+;5;1;=;3;4','8;5;-;5;1;=;3;4'
692,'78-86=-10','78-96=-18',within_digit,3,8,9,8,0,8,,,,,,,'7;8;-;8;6;=;-;1;0','7;8;-;9;6;=;-;1;8'
693,'55+40=59','55+40=95',digit_to_digit,7,9,5,6,5,9,,,,,,,'5;5;+;4;0;=;5;9','5;5;+;4;0;=;9;5'
694,'19+12=81','19+72=91',digit_to_digit,6,8,9,3,1,7,,,,,,,'1;9;+;1;2;=;8;1','1;9;+;7;2;=;9;1'
695,'72-32=184','72+32=104',op_and_digit_balance,7,8,0,2,-,+,,,,,,,'7;2;-;3;2;=;1;8;4','7;2;+;3;2;=;1;0;4'
696,'51-70=47','57-10=47',digit_to_digit,3,7,1,1,1,7,,,,,,,'5;1;-;7;0;=;4;7','5;7;-;1;0;=;4;7'
697,'92+64=157','93+64=157',within_digit,1,2,3,,,,,,,,,,'9;2;+;6;4;=;1;5;7','9;3;+;6;4;=;1;5;7'
698,'31+35=2','37-35=2',op_and_digit_balance,2,+,-,1,1,7,,,,,,,'3;1;+;3;5;=;2','3;7;-;3;5;=;2'
699,'58-16=73','58+15=73',op_and_digit_balance,4,6,5,2,-,+,,,,,,,'5;8;-;1;6;=;7;3','5;8;+;1;5;=;7;3'
700,'66=41-25','66-41=25',swap_-_and_=,2,=,-,5,-,=,,,,,,,'6;6;=;4;1;-;2;5','6;6;-;4;1;=;2;5'
701,'52+56=748','52+96=148',digit_to_digit,6,7,1,3,5,9,,,,,,,'5;2;+;5;6;=;7;4;8','5;2;+;9;6;=;1;4;8'
702,'13+41=32','73-41=32',op_and_digit_balance,2,+,-,0,1,7,,,,,,,'1;3;+;4;1;=;3;2','7;3;-;4;1;=;3;2'
703,'29+21=58','29+27=56',digit_to_digit,7,8,6,4,1,7,,,,,,,'2;9;+;2;1;=;5;8','2;9;+;2;7;=;5;6'
704,'21+94=185','21+84=105',digit_to_digit,7,8,0,3,9,8,,,,,,,'2;1;+;9;4;=;1;8;5','2;1;+;8;4;=;1;0;5'
705,'73-82=159','73+82=155',op_and_digit_balance,8,9,5,2,-,+,,,,,,,'7;3;-;8;2;=;1;5;9','7;3;+;8;2;=;1;5;5'
706,'22+93=114','22+92=114',within_digit,4,3,2,,,,,,,,,,'2;2;+;9;3;=;11;4','2;2;+;9;2;=;11;4'
707,'17-95=72','17+55=72',op_and_digit_balance,3,9,5,2,-,+,,,,,,,'1;7;-;9;5;=;7;2','1;7;+;5;5;=;7;2'
708,'87=64-23','87-64=23',swap_-_and_=,2,=,-,5,-,=,,,,,,,'8;7;=;6;4;-;2;3','8;7;-;6;4;=;2;3'
709,'18+38=65','18+38=56',digit_to_digit,6,6,5,7,5,6,,,,,,,'1;8;+;3;8;=;6;5','1;8;+;3;8;=;5;6'
710,'76-47=723','76+47=123',op_and_digit_balance,6,7,1,2,-,+,,,,,,,'7;6;-;4;7;=;7;2;3','7;6;+;4;7;=;1;2;3'
711,'95-17=22','39-17=22',digit_to_digit,0,9,3,1,5,9,,,,,,,'9;5;-;1;7;=;2;2','3;9;-;1;7;=;2;2'
712,'49+16=124','49+75=124',digit_to_digit,4,6,5,3,1,7,,,,,,,'4;9;+;1;6;=;1;2;4','4;9;+;7;5;=;1;2;4'
713,'71-38=107','71+36=107',op_and_digit_balance,4,8,6,2,-,+,,,,,,,'7;1;-;3;8;=;1;0;7','7;1;+;3;6;=;1;0;7'
714,'34+35=59','94-35=59',op_and_digit_balance,2,+,-,0,3,9,,,,,,,'3;4;+;3;5;=;5;9','9;4;-;3;5;=;5;9'
715,'87+39=117','87+30=117',within_digit,4,9,0,,,,,,,,,,'8;7;+;3;9;=;11;7','8;7;+;3;0;=;11;7'
716,'71+21=102','71+31=102',within_digit,3,2,3,,,,,,,,,,'7;1;+;2;1;=;1;0;2','7;1;+;3;1;=;1;0;2'
717,'35=94--59','35-94=-59',swap_-_and_=,2,=,-,5,-,=,,,,,,,'3;5;=;9;4;-;-;5;9','3;5;-;9;4;=;-;5;9'
718,'57+37=-40','57-97=-40',op_and_digit_balance,2,+,-,3,3,9,,,,,,,'5;7;+;3;7;=;-;4;0','5;7;-;9;7;=;-;4;0'
719,'75+27=49','76-27=49',op_and_digit_balance,2,+,-,1,5,6,,,,,,,'7;5;+;2;7;=;4;9','7;6;-;2;7;=;4;9'
720,'33+63=166','93+63=156',digit_to_digit,7,6,5,0,3,9,,,,,,,'3;3;+;6;3;=;1;6;6','9;3;+;6;3;=;1;5;6'
721,'18+46=611','18+46=64',four_eleven,7,11,4,,,,,,,,,,'1;8;+;4;6;=;6;11','1;8;+;4;6;=;6;4'
722,'54+99=103','64+39=103',digit_to_digit,3,9,3,0,5,6,,,,,,,'5;4;+;9;9;=;1;0;3','6;4;+;3;9;=;1;0;3'
723,'27=14-13','27-14=13',swap_-_and_=,2,=,-,5,-,=,,,,,,,'2;7;=;1;4;-;1;3','2;7;-;1;4;=;1;3'
724,'34+40=54','94-40=54',op_and_digit_balance,2,+,-,0,3,9,,,,,,,'3;4;+;4;0;=;5;4','9;4;-;4;0;=;5;4'
725,'66+49=45','66+49=115',four_eleven,6,4,11,,,,,,,,,,'6;6;+;4;9;=;4;5','6;6;+;4;9;=;11;5'
726,'58+41=11','58-47=11',op_and_digit_balance,2,+,-,4,1,7,,,,,,,'5;8;+;4;1;=;11','5;8;-;4;7;=;11'
727,'86+88=168','88+80=168',digit_to_digit,4,8,0,1,6,8,,,,,,,'8;6;+;8;8;=;1;6;8','8;8;+;8;0;=;1;6;8'
728,'27+43=-15','27-43=-16',op_and_digit_balance,2,+,-,8,5,6,,,,,,,'2;7;+;4;3;=;-;1;5','2;7;-;4;3;=;-;1;6'
729,'87+58=23','87-58=29',op_and_digit_balance,2,+,-,7,3,9,,,,,,,'8;7;+;5;8;=;2;3','8;7;-;5;8;=;2;9'
730,'57+98=163','67+96=163',digit_to_digit,4,8,6,0,5,6,,,,,,,'5;7;+;9;8;=;1;6;3','6;7;+;9;6;=;1;6;3'
731,'93+32=51','93-32=61',op_and_digit_balance,2,+,-,6,5,6,,,,,,,'9;3;+;3;2;=;5;1','9;3;-;3;2;=;6;1'
732,'96-31=727','96+31=127',op_and_digit_balance,6,7,1,2,-,+,,,,,,,'9;6;-;3;1;=;7;2;7','9;6;+;3;1;=;1;2;7'
733,'13=30--17','13-30=-17',swap_-_and_=,2,=,-,5,-,=,,,,,,,'1;3;=;3;0;-;-;1;7','1;3;-;3;0;=;-;1;7'
734,'90+17=181','90+17=107',digit_to_digit,7,8,0,8,1,7,,,,,,,'9;0;+;1;7;=;1;8;1','9;0;+;1;7;=;1;0;7'
735,'28+29=45','20+29=49',digit_to_digit,1,8,0,7,5,9,,,,,,,'2;8;+;2;9;=;4;5','2;0;+;2;9;=;4;9'
736,'45=49--4','45-49=-4',swap_-_and_=,2,=,-,5,-,=,,,,,,,'4;5;=;4;9;-;-;4','4;5;-;4;9;=;-;4'
737,'97+45=103','57+46=103',digit_to_digit,0,9,5,4,5,6,,,,,,,'9;7;+;4;5;=;1;0;3','5;7;+;4;6;=;1;0;3'
738,'43+89=-40','49-89=-40',op_and_digit_balance,2,+,-,1,3,9,,,,,,,'4;3;+;8;9;=;-;4;0','4;9;-;8;9;=;-;4;0'
739,'39+67=122','35+87=122',digit_to_digit,1,9,5,3,6,8,,,,,,,'3;9;+;6;7;=;1;2;2','3;5;+;8;7;=;1;2;2'
740,'78=34-44','78-34=44',swap_-_and_=,2,=,-,5,-,=,,,,,,,'7;8;=;3;4;-;4;4','7;8;-;3;4;=;4;4'
741,'97+34=53','97-34=63',op_and_digit_balance,2,+,-,6,5,6,,,,,,,'9;7;+;3;4;=;5;3','9;7;-;3;4;=;6;3'
742,'86+11=95','85+11=96',digit_to_digit,1,6,5,6,5,6,,,,,,,'8;6;+;11;=;9;5','8;5;+;11;=;9;6'
743,'88+29=47','88+29=117',four_eleven,6,4,11,,,,,,,,,,'8;8;+;2;9;=;4;7','8;8;+;2;9;=;11;7'
744,'55+68=724','56+68=124',digit_to_digit,6,7,1,1,5,6,,,,,,,'5;5;+;6;8;=;7;2;4','5;6;+;6;8;=;1;2;4'
745,'58+84=143','58+84=142',within_digit,8,3,2,,,,,,,,,,'5;8;+;8;4;=;1;4;3','5;8;+;8;4;=;1;4;2'
746,'81+54=155','61+94=155',digit_to_digit,0,8,6,3,5,9,,,,,,,'8;1;+;5;4;=;1;5;5','6;1;+;9;4;=;1;5;5'
747,'67+69=127','67+60=127',within_digit,4,9,0,,,,,,,,,,'6;7;+;6;9;=;1;2;7','6;7;+;6;0;=;1;2;7'
748,'97-95=6','91-85=6',digit_to_digit,1,7,1,3,9,8,,,,,,,'9;7;-;9;5;=;6','9;1;-;8;5;=;6'
749,'70+26=35','10+26=36',digit_to_digit,0,7,1,7,5,6,,,,,,,'7;0;+;2;6;=;3;5','1;0;+;2;6;=;3;6'
750,'17+38=116','77+39=116',digit_to_digit,4,8,9,0,1,7,,,,,,,'1;7;+;3;8;=;11;6','7;7;+;3;9;=;11;6'
751,'92-35=87','52+35=87',op_and_digit_balance,0,9,5,2,-,+,,,,,,,'9;2;-;3;5;=;8;7','5;2;+;3;5;=;8;7'
752,'63+54=-1','63-64=-1',op_and_digit_balance,2,+,-,3,5,6,,,,,,,'6;3;+;5;4;=;-;1','6;3;-;6;4;=;-;1'
753,'92-88=11','92-88=4',four_eleven,6,11,4,,,,,,,,,,'9;2;-;8;8;=;11','9;2;-;8;8;=;4'
754,'10+90=190','10+90=100',within_digit,7,9,0,,,,,,,,,,'1;0;+;9;0;=;1;9;0','1;0;+;9;0;=;1;0;0'
755,'80-72=192','80+72=152',op_and_digit_balance,7,9,5,2,-,+,,,,,,,'8;0;-;7;2;=;1;9;2','8;0;+;7;2;=;1;5;2'
756,'55+95=-30','65-95=-30',op_and_digit_balance,2,+,-,0,5,6,,,,,,,'5;5;+;9;5;=;-;3;0','6;5;-;9;5;=;-;3;0'
757,'26-24=58','26+24=50',op_and_digit_balance,7,8,0,2,-,+,,,,,,,'2;6;-;2;4;=;5;8','2;6;+;2;4;=;5;0'
758,'33+18=-45','33-78=-45',op_and_digit_balance,2,+,-,3,1,7,,,,,,,'3;3;+;1;8;=;-;4;5','3;3;-;7;8;=;-;4;5'
759,'30+91=141','90+51=141',digit_to_digit,3,9,5,0,3,9,,,,,,,'3;0;+;9;1;=;1;4;1','9;0;+;5;1;=;1;4;1'
760,'17+58=127','77+50=127',digit_to_digit,4,8,0,0,1,7,,,,,,,'1;7;+;5;8;=;1;2;7','7;7;+;5;0;=;1;2;7'
761,'89+56=184','89+95=184',digit_to_digit,4,6,5,3,5,9,,,,,,,'8;9;+;5;6;=;1;8;4','8;9;+;9;5;=;1;8;4'
762,'56+34=32','66-34=32',op_and_digit_balance,2,+,-,0,5,6,,,,,,,'5;6;+;3;4;=;3;2','6;6;-;3;4;=;3;2'
763,'19+89=-10','19-89=-70',op_and_digit_balance,2,+,-,7,1,7,,,,,,,'1;9;+;8;9;=;-;1;0','1;9;-;8;9;=;-;7;0'
764,'83+46=43','89-46=43',op_and_digit_balance,2,+,-,1,3,9,,,,,,,'8;3;+;4;6;=;4;3','8;9;-;4;6;=;4;3'
765,'96-77=167','96+71=167',op_and_digit_balance,4,7,1,2,-,+,,,,,,,'9;6;-;7;7;=;1;6;7','9;6;+;7;1;=;1;6;7'
766,'73+29=50','79-29=50',op_and_digit_balance,2,+,-,1,3,9,,,,,,,'7;3;+;2;9;=;5;0','7;9;-;2;9;=;5;0'
767,'93+59=186','93+93=186',digit_to_digit,4,9,3,3,5,9,,,,,,,'9;3;+;5;9;=;1;8;6','9;3;+;9;3;=;1;8;6'
768,'25+31=46','25+21=46',within_digit,3,3,2,,,,,,,,,,'2;5;+;3;1;=;4;6','2;5;+;2;1;=;4;6'
769,'71+44=33','77-44=33',op_and_digit_balance,2,+,-,1,1,7,,,,,,,'7;1;+;4;4;=;3;3','7;7;-;4;4;=;3;3'
770,'73+10=149','73+70=143',digit_to_digit,8,9,3,3,1,7,,,,,,,'7;3;+;1;0;=;1;4;9','7;3;+;7;0;=;1;4;3'
771,'46+92=99','46+52=98',digit_to_digit,3,9,5,7,9,8,,,,,,,'4;6;+;9;2;=;9;9','4;6;+;5;2;=;9;8'
772,'67-55=722','67+55=122',op_and_digit_balance,6,7,1,2,-,+,,,,,,,'6;7;-;5;5;=;7;2;2','6;7;+;5;5;=;1;2;2'
773,'23-78=107','23+78=101',op_and_digit_balance,8,7,1,2,-,+,,,,,,,'2;3;-;7;8;=;1;0;7','2;3;+;7;8;=;1;0;1'
774,'53+40=5','53-48=5',op_and_digit_balance,2,+,-,4,0,8,,,,,,,'5;3;+;4;0;=;5','5;3;-;4;8;=;5'
775,'10+34=36','70-34=36',op_and_digit_balance,2,+,-,0,1,7,,,,,,,'1;0;+;3;4;=;3;6','7;0;-;3;4;=;3;6'
776,'55-49=100','55+45=100',op_and_digit_balance,4,9,5,2,-,+,,,,,,,'5;5;-;4;9;=;1;0;0','5;5;+;4;5;=;1;0;0'
777,'91-42=5','51-42=9',digit_to_digit,0,9,5,6,5,9,,,,,,,'9;1;-;4;2;=;5','5;1;-;4;2;=;9'
778,'32+79=102','32+70=102',within_digit,4,9,0,,,,,,,,,,'3;2;+;7;9;=;1;0;2','3;2;+;7;0;=;1;0;2'
779,'30+80=100','20+80=100',within_digit,0,3,2,,,,,,,,,,'3;0;+;8;0;=;1;0;0','2;0;+;8;0;=;1;0;0'
780,'39-49=-5','38-43=-5',digit_to_digit,4,9,3,1,9,8,,,,,,,'3;9;-;4;9;=;-;5','3;8;-;4;3;=;-;5'
781,'14+28=112','14+28=42',four_eleven,6,11,4,,,,,,,,,,'1;4;+;2;8;=;11;2','1;4;+;2;8;=;4;2'
782,'52=82--30','52-82=-30',swap_-_and_=,2,=,-,5,-,=,,,,,,,'5;2;=;8;2;-;-;3;0','5;2;-;8;2;=;-;3;0'
783,'29-22=45','23+22=45',op_and_digit_balance,1,9,3,2,-,+,,,,,,,'2;9;-;2;2;=;4;5','2;3;+;2;2;=;4;5'
784,'43-81=724','43+81=124',op_and_digit_balance,6,7,1,2,-,+,,,,,,,'4;3;-;8;1;=;7;2;4','4;3;+;8;1;=;1;2;4'
785,'39+15=23','38-15=23',op_and_digit_balance,2,+,-,1,9,8,,,,,,,'3;9;+;1;5;=;2;3','3;8;-;1;5;=;2;3'
786,'14+63=11','74-63=11',op_and_digit_balance,2,+,-,0,1,7,,,,,,,'1;4;+;6;3;=;11','7;4;-;6;3;=;11'
787,'45+44=80','46+44=90',digit_to_digit,6,8,9,1,5,6,,,,,,,'4;5;+;4;4;=;8;0','4;6;+;4;4;=;9;0'
788,'50=47-3','50-47=3',swap_-_and_=,2,=,-,5,-,=,,,,,,,'5;0;=;4;7;-;3','5;0;-;4;7;=;3'
789,'51+64=-7','57-64=-7',op_and_digit_balance,2,+,-,1,1,7,,,,,,,'5;1;+;6;4;=;-;7','5;7;-;6;4;=;-;7'
790,'35-99=-48','35-83=-48',digit_to_digit,4,9,3,3,9,8,,,,,,,'3;5;-;9;9;=;-;4;8','3;5;-;8;3;=;-;4;8'
791,'47-49=90','47+43=90',op_and_digit_balance,4,9,3,2,-,+,,,,,,,'4;7;-;4;9;=;9;0','4;7;+;4;3;=;9;0'
792,'25-91=-25','25-51=-26',digit_to_digit,3,9,5,8,5,6,,,,,,,'2;5;-;9;1;=;-;2;5','2;5;-;5;1;=;-;2;6'
793,'85-49=44','89-45=44',digit_to_digit,4,9,5,1,5,9,,,,,,,'8;5;-;4;9;=;4;4','8;9;-;4;5;=;4;4'
794,'87=94--7','87-94=-7',swap_-_and_=,2,=,-,5,-,=,,,,,,,'8;7;=;9;4;-;-;7','8;7;-;9;4;=;-;7'
795,'48-82=110','48+62=110',op_and_digit_balance,3,8,6,2,-,+,,,,,,,'4;8;-;8;2;=;11;0','4;8;+;6;2;=;11;0'
796,'79-86=-5','79-85=-6',digit_to_digit,4,6,5,7,5,6,,,,,,,'7;9;-;8;6;=;-;5','7;9;-;8;5;=;-;6'
797,'50-90=-31','59-90=-31',within_digit,1,0,9,,,,,,,,,,'5;0;-;9;0;=;-;3;1','5;9;-;9;0;=;-;3;1'
798,'42-84=128','42+84=126',op_and_digit_balance,8,8,6,2,-,+,,,,,,,'4;2;-;8;4;=;1;2;8','4;2;+;8;4;=;1;2;6'
799,'47-76=122','47+75=122',op_and_digit_balance,4,6,5,2,-,+,,,,,,,'4;7;-;7;6;=;1;2;2','4;7;+;7;5;=;1;2;2'
800,'35+31=5','36-31=5',op_and_digit_balance,2,+,-,1,5,6,,,,,,,'3;5;+;3;1;=;5','3;6;-;3;1;=;5'
801,'74-87=761','74+87=161',op_and_digit_balance,6,7,1,2,-,+,,,,,,,'7;4;-;8;7;=;7;6;1','7;4;+;8;7;=;1;6;1'
802,'83-64=127','63+64=127',op_and_digit_balance,0,8,6,2,-,+,,,,,,,'8;3;-;6;4;=;1;2;7','6;3;+;6;4;=;1;2;7'
803,'84-57=-7','84-91=-7',digit_to_digit,4,7,1,3,5,9,,,,,,,'8;4;-;5;7;=;-;7','8;4;-;9;1;=;-;7'
804,'10-25=95','10+25=35',op_and_digit_balance,6,9,3,2,-,+,,,,,,,'1;0;-;2;5;=;9;5','1;0;+;2;5;=;3;5'
805,'75-38=-22','16-38=-22',digit_to_digit,0,7,1,1,5,6,,,,,,,'7;5;-;3;8;=;-;2;2','1;6;-;3;8;=;-;2;2'
806,'18-72=88','16+72=88',op_and_digit_balance,1,8,6,2,-,+,,,,,,,'1;8;-;7;2;=;8;8','1;6;+;7;2;=;8;8'
807,'43+23=26','49-23=26',op_and_digit_balance,2,+,-,1,3,9,,,,,,,'4;3;+;2;3;=;2;6','4;9;-;2;3;=;2;6'
808,'13+78=89','19+70=89',digit_to_digit,4,8,0,1,3,9,,,,,,,'1;3;+;7;8;=;8;9','1;9;+;7;0;=;8;9'
809,'98=78-20','98-78=20',swap_-_and_=,2,=,-,5,-,=,,,,,,,'9;8;=;7;8;-;2;0','9;8;-;7;8;=;2;0'
810,'44=62--18','44-62=-18',swap_-_and_=,2,=,-,5,-,=,,,,,,,'4;4;=;6;2;-;-;1;8','4;4;-;6;2;=;-;1;8'
811,'47=44-3','47-44=3',swap_-_and_=,2,=,-,5,-,=,,,,,,,'4;7;=;4;4;-;3','4;7;-;4;4;=;3'
812,'48-62=-42','40-82=-42',digit_to_digit,1,8,0,3,6,8,,,,,,,'4;8;-;6;2;=;-;4;2','4;0;-;8;2;=;-;4;2'
813,'89+13=75','89-13=76',op_and_digit_balance,2,+,-,7,5,6,,,,,,,'8;9;+;1;3;=;7;5','8;9;-;1;3;=;7;6'
814,'45-40=-9','45-48=-3',digit_to_digit,7,9,3,4,0,8,,,,,,,'4;5;-;4;0;=;-;9','4;5;-;4;8;=;-;3'
815,'35+84=100','36+64=100',digit_to_digit,3,8,6,1,5,6,,,,,,,'3;5;+;8;4;=;1;0;0','3;6;+;6;4;=;1;0;0'
816,'56+45=10','56-46=10',op_and_digit_balance,2,+,-,4,5,6,,,,,,,'5;6;+;4;5;=;1;0','5;6;-;4;6;=;1;0'
817,'39+21=116','95+21=116',digit_to_digit,1,9,5,0,3,9,,,,,,,'3;9;+;2;1;=;11;6','9;5;+;2;1;=;11;6'
818,'68-50=116','66+50=116',op_and_digit_balance,1,8,6,2,-,+,,,,,,,'6;8;-;5;0;=;11;6','6;6;+;5;0;=;11;6'
819,'95+86=-1','85-86=-1',op_and_digit_balance,2,+,-,0,9,8,,,,,,,'9;5;+;8;6;=;-;1','8;5;-;8;6;=;-;1'
820,'28+52=-34','28-62=-34',op_and_digit_balance,2,+,-,3,5,6,,,,,,,'2;8;+;5;2;=;-;3;4','2;8;-;6;2;=;-;3;4'
821,'19-19=34','15+19=34',op_and_digit_balance,1,9,5,2,-,+,,,,,,,'1;9;-;1;9;=;3;4','1;5;+;1;9;=;3;4'
822,'54+48=104','64+40=104',digit_to_digit,4,8,0,0,5,6,,,,,,,'5;4;+;4;8;=;1;0;4','6;4;+;4;0;=;1;0;4'
823,'92+95=78','92-9-5=78',,2,+,-,,,,,,,,,,9;2;+;9;5;=;7;8',9;2;-;9;-;5;=;7;8'
824,'18-42=52','10+42=52',op_and_digit_balance,1,8,0,2,-,+,,,,,,,'1;8;-;4;2;=;5;2','1;0;+;4;2;=;5;2'
825,'86-87=167','86+81=167',op_and_digit_balance,4,7,1,2,-,+,,,,,,,'8;6;-;8;7;=;1;6;7','8;6;+;8;1;=;1;6;7'
826,'25+53=-29','25-53=-28',op_and_digit_balance,2,+,-,8,9,8,,,,,,,'2;5;+;5;3;=;-;2;9','2;5;-;5;3;=;-;2;8'
827,'21+14=13','27-14=13',op_and_digit_balance,2,+,-,1,1,7,,,,,,,'2;1;+;1;4;=;1;3','2;7;-;1;4;=;1;3'
828,'12+53=19','72-53=19',op_and_digit_balance,2,+,-,0,1,7,,,,,,,'1;2;+;5;3;=;1;9','7;2;-;5;3;=;1;9'
829,'21-17=70','27-17=10',digit_to_digit,6,7,1,1,1,7,,,,,,,'2;1;-;1;7;=;7;0','2;7;-;1;7;=;1;0'
830,'14-69=89','14+69=83',op_and_digit_balance,7,9,3,2,-,+,,,,,,,'1;4;-;6;9;=;8;9','1;4;+;6;9;=;8;3'
831,'58+76=-19','58-76=-18',op_and_digit_balance,2,+,-,8,9,8,,,,,,,'5;8;+;7;6;=;-;1;9','5;8;-;7;6;=;-;1;8'
832,'75+60=125','75+60=135',within_digit,7,2,3,,,,,,,,,,'7;5;+;6;0;=;1;2;5','7;5;+;6;0;=;1;3;5'
833,'52+91=-29','52-81=-29',op_and_digit_balance,2,+,-,3,9,8,,,,,,,'5;2;+;9;1;=;-;2;9','5;2;-;8;1;=;-;2;9'
834,'75-81=8','75-67=8',digit_to_digit,3,8,6,4,1,7,,,,,,,'7;5;-;8;1;=;8','7;5;-;6;7;=;8'
835,'81-95=178','81+95=176',op_and_digit_balance,8,8,6,2,-,+,,,,,,,'8;1;-;9;5;=;1;7;8','8;1;+;9;5;=;1;7;6'
836,'70-24=84','70+24=94',op_and_digit_balance,6,8,9,2,-,+,,,,,,,'7;0;-;2;4;=;8;4','7;0;+;2;4;=;9;4'
837,'81+79=8','87-79=8',op_and_digit_balance,2,+,-,1,1,7,,,,,,,'8;1;+;7;9;=;8','8;7;-;7;9;=;8'
838,'27=49--22','27-49=-22',swap_-_and_=,2,=,-,5,-,=,,,,,,,'2;7;=;4;9;-;-;2;2','2;7;-;4;9;=;-;2;2'
839,'16+37=56','18+37=55',digit_to_digit,7,6,5,1,6,8,,,,,,,'1;6;+;3;7;=;5;6','1;8;+;3;7;=;5;5'
840,'75-89=-70','79-89=-10',digit_to_digit,7,7,1,1,5,9,,,,,,,'7;5;-;8;9;=;-;7;0','7;9;-;8;9;=;-;1;0'
841,'30-92=722','30+92=122',op_and_digit_balance,6,7,1,2,-,+,,,,,,,'3;0;-;9;2;=;7;2;2','3;0;+;9;2;=;1;2;2'
842,'71-68=2','71-68=3',within_digit,6,2,3,,,,,,,,,,'7;1;-;6;8;=;2','7;1;-;6;8;=;3'
843,'13+58=-85','13-98=-85',op_and_digit_balance,2,+,-,3,5,9,,,,,,,'1;3;+;5;8;=;-;8;5','1;3;-;9;8;=;-;8;5'
844,'66+95=164','65+99=164',digit_to_digit,1,6,5,4,5,9,,,,,,,'6;6;+;9;5;=;1;6;4','6;5;+;9;9;=;1;6;4'
845,'89-43=128','85+43=128',op_and_digit_balance,1,9,5,2,-,+,,,,,,,'8;9;-;4;3;=;1;2;8','8;5;+;4;3;=;1;2;8'
846,'40-88=728','40+88=128',op_and_digit_balance,6,7,1,2,-,+,,,,,,,'4;0;-;8;8;=;7;2;8','4;0;+;8;8;=;1;2;8'
847,'98+80=119','38+80=118',digit_to_digit,0,9,3,7,9,8,,,,,,,'9;8;+;8;0;=;11;9','3;8;+;8;0;=;11;8'
848,'50-92=-92','60-92=-32',digit_to_digit,7,9,3,0,5,6,,,,,,,'5;0;-;9;2;=;-;9;2','6;0;-;9;2;=;-;3;2'
849,'42+51=703','42+61=103',digit_to_digit,6,7,1,3,5,6,,,,,,,'4;2;+;5;1;=;7;0;3','4;2;+;6;1;=;1;0;3'
850,'82-38=128','82+38=120',op_and_digit_balance,8,8,0,2,-,+,,,,,,,'8;2;-;3;8;=;1;2;8','8;2;+;3;8;=;1;2;0'
851,'51+44=47','91-44=47',op_and_digit_balance,2,+,-,0,5,9,,,,,,,'5;1;+;4;4;=;4;7','9;1;-;4;4;=;4;7'
852,'65=48-17','65-48=17',swap_-_and_=,2,=,-,5,-,=,,,,,,,'6;5;=;4;8;-;1;7','6;5;-;4;8;=;1;7'
853,'72+51=193','72+61=133',digit_to_digit,7,9,3,3,5,6,,,,,,,'7;2;+;5;1;=;1;9;3','7;2;+;6;1;=;1;3;3'
854,'62-40=182','62+40=102',op_and_digit_balance,7,8,0,2,-,+,,,,,,,'6;2;-;4;0;=;1;8;2','6;2;+;4;0;=;1;0;2'
855,'99-80=139','59+80=139',op_and_digit_balance,0,9,5,2,-,+,,,,,,,'9;9;-;8;0;=;1;3;9','5;9;+;8;0;=;1;3;9'
856,'53-90=33','63-30=33',digit_to_digit,3,9,3,0,5,6,,,,,,,'5;3;-;9;0;=;3;3','6;3;-;3;0;=;3;3'
857,'35+35=60','95-35=60',op_and_digit_balance,2,+,-,0,3,9,,,,,,,'3;5;+;3;5;=;6;0','9;5;-;3;5;=;6;0'
858,'64+30=911','64+30=94',four_eleven,7,11,4,,,,,,,,,,'6;4;+;3;0;=;9;11','6;4;+;3;0;=;9;4'
859,'24+25=59','34+25=59',within_digit,0,2,3,,,,,,,,,,'2;4;+;2;5;=;5;9','3;4;+;2;5;=;5;9'
860,'95-41=96','55+41=96',op_and_digit_balance,0,9,5,2,-,+,,,,,,,'9;5;-;4;1;=;9;6','5;5;+;4;1;=;9;6'
861,'93-20=69','83-20=63',digit_to_digit,7,9,3,0,9,8,,,,,,,'9;3;-;2;0;=;6;9','8;3;-;2;0;=;6;3'
862,'94-87=781','94+87=181',op_and_digit_balance,6,7,1,2,-,+,,,,,,,'9;4;-;8;7;=;7;8;1','9;4;+;8;7;=;1;8;1'
863,'91+41=44','91-47=44',op_and_digit_balance,2,+,-,4,1,7,,,,,,,'9;1;+;4;1;=;4;4','9;1;-;4;7;=;4;4'
864,'19+35=44','79-35=44',op_and_digit_balance,2,+,-,0,1,7,,,,,,,'1;9;+;3;5;=;4;4','7;9;-;3;5;=;4;4'
865,'36=67--31','36-67=-31',swap_-_and_=,2,=,-,5,-,=,,,,,,,'3;6;=;6;7;-;-;3;1','3;6;-;6;7;=;-;3;1'
866,'88=41-47','88-41=47',swap_-_and_=,2,=,-,5,-,=,,,,,,,'8;8;=;4;1;-;4;7','8;8;-;4;1;=;4;7'
867,'65+29=89','65+23=88',digit_to_digit,4,9,3,7,9,8,,,,,,,'6;5;+;2;9;=;8;9','6;5;+;2;3;=;8;8'
868,'50+15=-25','50-75=-25',op_and_digit_balance,2,+,-,3,1,7,,,,,,,'5;0;+;1;5;=;-;2;5','5;0;-;7;5;=;-;2;5'
869,'30-16=48','30+16=46',op_and_digit_balance,7,8,6,2,-,+,,,,,,,'3;0;-;1;6;=;4;8','3;0;+;1;6;=;4;6'
870,'24+50=-66','24-90=-66',op_and_digit_balance,2,+,-,3,5,9,,,,,,,'2;4;+;5;0;=;-;6;6','2;4;-;9;0;=;-;6;6'
871,'55+50=9','59-50=9',op_and_digit_balance,2,+,-,1,5,9,,,,,,,'5;5;+;5;0;=;9','5;9;-;5;0;=;9'
872,'48+57=-19','48-67=-19',op_and_digit_balance,2,+,-,3,5,6,,,,,,,'4;8;+;5;7;=;-;1;9','4;8;-;6;7;=;-;1;9'
873,'14+84=168','74+84=158',digit_to_digit,7,6,5,0,1,7,,,,,,,'1;4;+;8;4;=;1;6;8','7;4;+;8;4;=;1;5;8'
874,'17-92=45','77-32=45',digit_to_digit,3,9,3,0,1,7,,,,,,,'1;7;-;9;2;=;4;5','7;7;-;3;2;=;4;5'
875,'17=69--52','17-69=-52',swap_-_and_=,2,=,-,5,-,=,,,,,,,'1;7;=;6;9;-;-;5;2','1;7;-;6;9;=;-;5;2'
876,'58-59=-49','50-99=-49',digit_to_digit,1,8,0,3,5,9,,,,,,,'5;8;-;5;9;=;-;4;9','5;0;-;9;9;=;-;4;9'
877,'42+70=-20','42-70=-28',op_and_digit_balance,2,+,-,8,0,8,,,,,,,'4;2;+;7;0;=;-;2;0','4;2;-;7;0;=;-;2;8'
878,'92-73=20','93-73=20',within_digit,1,2,3,,,,,,,,,,'9;2;-;7;3;=;2;0','9;3;-;7;3;=;2;0'
879,'62-73=-10','62-72=-10',within_digit,4,3,2,,,,,,,,,,'6;2;-;7;3;=;-;1;0','6;2;-;7;2;=;-;1;0'
880,'45-98=-41','45-86=-41',digit_to_digit,4,8,6,3,9,8,,,,,,,'4;5;-;9;8;=;-;4;1','4;5;-;8;6;=;-;4;1'
881,'97-51=-20','37-57=-20',digit_to_digit,0,9,3,4,1,7,,,,,,,'9;7;-;5;1;=;-;2;0','3;7;-;5;7;=;-;2;0'
882,'52+44=6','52-44=8',op_and_digit_balance,2,+,-,6,6,8,,,,,,,'5;2;+;4;4;=;6','5;2;-;4;4;=;8'
883,'74+95=113','74+39=113',digit_to_digit,3,9,3,4,5,9,,,,,,,'7;4;+;9;5;=;11;3','7;4;+;3;9;=;11;3'
884,'16+21=-3','18-21=-3',op_and_digit_balance,2,+,-,1,6,8,,,,,,,'1;6;+;2;1;=;-;3','1;8;-;2;1;=;-;3'
885,'31+65=702','37+65=102',digit_to_digit,6,7,1,1,1,7,,,,,,,'3;1;+;6;5;=;7;0;2','3;7;+;6;5;=;1;0;2'
886,'28-88=114','28+86=114',op_and_digit_balance,4,8,6,2,-,+,,,,,,,'2;8;-;8;8;=;11;4','2;8;+;8;6;=;11;4'
887,'53+57=2','59-57=2',op_and_digit_balance,2,+,-,1,3,9,,,,,,,'5;3;+;5;7;=;2','5;9;-;5;7;=;2'
888,'48=65--17','48-65=-17',swap_-_and_=,2,=,-,5,-,=,,,,,,,'4;8;=;6;5;-;-;1;7','4;8;-;6;5;=;-;1;7'
889,'89-43=112','69+43=112',op_and_digit_balance,0,8,6,2,-,+,,,,,,,'8;9;-;4;3;=;11;2','6;9;+;4;3;=;11;2'
890,'81-78=139','61+78=139',op_and_digit_balance,0,8,6,2,-,+,,,,,,,'8;1;-;7;8;=;1;3;9','6;1;+;7;8;=;1;3;9'
891,'90-48=78','30+48=78',op_and_digit_balance,0,9,3,2,-,+,,,,,,,'9;0;-;4;8;=;7;8','3;0;+;4;8;=;7;8'
892,'82-98=140','82+58=140',op_and_digit_balance,3,9,5,2,-,+,,,,,,,'8;2;-;9;8;=;1;4;0','8;2;+;5;8;=;1;4;0'
893,'56+28=87','58+29=87',digit_to_digit,4,8,9,1,6,8,,,,,,,'5;6;+;2;8;=;8;7','5;8;+;2;9;=;8;7'
894,'23-38=-1','23-30=-7',digit_to_digit,4,8,0,7,1,7,,,,,,,'2;3;-;3;8;=;-;1','2;3;-;3;0;=;-;7'
895,'32-65=-94','32-66=-34',digit_to_digit,7,9,3,4,5,6,,,,,,,'3;2;-;6;5;=;-;9;4','3;2;-;6;6;=;-;3;4'
896,'21+97=59','21+37=58',digit_to_digit,3,9,3,7,9,8,,,,,,,'2;1;+;9;7;=;5;9','2;1;+;3;7;=;5;8'
897,'92-28=12','92-20=72',digit_to_digit,4,8,0,6,1,7,,,,,,,'9;2;-;2;8;=;1;2','9;2;-;2;0;=;7;2'
898,'59-87=156','59+97=156',op_and_digit_balance,3,8,9,2,-,+,,,,,,,'5;9;-;8;7;=;1;5;6','5;9;+;9;7;=;1;5;6'
899,'62+91=113','82+31=113',digit_to_digit,3,9,3,0,6,8,,,,,,,'6;2;+;9;1;=;11;3','8;2;+;3;1;=;11;3'
900,'88-76=162','86+76=162',op_and_digit_balance,1,8,6,2,-,+,,,,,,,'8;8;-;7;6;=;1;6;2','8;6;+;7;6;=;1;6;2'
901,'90-88=188','90+98=188',op_and_digit_balance,3,8,9,2,-,+,,,,,,,'9;0;-;8;8;=;1;8;8','9;0;+;9;8;=;1;8;8'
902,'99-50=119','99-50=49',four_eleven,6,11,4,,,,,,,,,,'9;9;-;5;0;=;11;9','9;9;-;5;0;=;4;9'
903,'14+51=-77','14-91=-77',op_and_digit_balance,2,+,-,3,5,9,,,,,,,'1;4;+;5;1;=;-;7;7','1;4;-;9;1;=;-;7;7'
904,'82-64=126','62+64=126',op_and_digit_balance,0,8,6,2,-,+,,,,,,,'8;2;-;6;4;=;1;2;6','6;2;+;6;4;=;1;2;6'
905,'98-24=120','96+24=120',op_and_digit_balance,1,8,6,2,-,+,,,,,,,'9;8;-;2;4;=;1;2;0','9;6;+;2;4;=;1;2;0'
906,'15+36=39','75-36=39',op_and_digit_balance,2,+,-,0,1,7,,,,,,,'1;5;+;3;6;=;3;9','7;5;-;3;6;=;3;9'
907,'16+69=745','76+69=145',digit_to_digit,6,7,1,0,1,7,,,,,,,'1;6;+;6;9;=;7;4;5','7;6;+;6;9;=;1;4;5'
908,'50+61=-1','60-61=-1',op_and_digit_balance,2,+,-,0,5,6,,,,,,,'5;0;+;6;1;=;-;1','6;0;-;6;1;=;-;1'
909,'39-40=-11','29-40=-11',within_digit,0,3,2,,,,,,,,,,'3;9;-;4;0;=;-;11','2;9;-;4;0;=;-;11'
910,'34-21=12','34-21=13',within_digit,7,2,3,,,,,,,,,,'3;4;-;2;1;=;1;2','3;4;-;2;1;=;1;3'
911,'58+55=129','58+65=123',digit_to_digit,8,9,3,3,5,6,,,,,,,'5;8;+;5;5;=;1;2;9','5;8;+;6;5;=;1;2;3'
912,'95=62-33','95-62=33',swap_-_and_=,2,=,-,5,-,=,,,,,,,'9;5;=;6;2;-;3;3','9;5;-;6;2;=;3;3'
913,'59-64=129','59+64=123',op_and_digit_balance,8,9,3,2,-,+,,,,,,,'5;9;-;6;4;=;1;2;9','5;9;+;6;4;=;1;2;3'
914,'23-87=-611','23-87=-64',four_eleven,8,11,4,,,,,,,,,,'2;3;-;8;7;=;-;6;11','2;3;-;8;7;=;-;6;4'
915,'94-15=-21','54-75=-21',digit_to_digit,0,9,5,3,1,7,,,,,,,'9;4;-;1;5;=;-;2;1','5;4;-;7;5;=;-;2;1'
916,'75-94=-78','76-94=-18',digit_to_digit,7,7,1,1,5,6,,,,,,,'7;5;-;9;4;=;-;7;8','7;6;-;9;4;=;-;1;8'
917,'45-79=27','46-19=27',digit_to_digit,3,7,1,1,5,6,,,,,,,'4;5;-;7;9;=;2;7','4;6;-;1;9;=;2;7'
918,'50+38=22','60-38=22',op_and_digit_balance,2,+,-,0,5,6,,,,,,,'5;0;+;3;8;=;2;2','6;0;-;3;8;=;2;2'
919,'52-29=77','52+25=77',op_and_digit_balance,4,9,5,2,-,+,,,,,,,'5;2;-;2;9;=;7;7','5;2;+;2;5;=;7;7'
920,'89=57-32','89-57=32',swap_-_and_=,2,=,-,5,-,=,,,,,,,'8;9;=;5;7;-;3;2','8;9;-;5;7;=;3;2'
921,'93-30=62','92-30=62',within_digit,1,3,2,,,,,,,,,,'9;3;-;3;0;=;6;2','9;2;-;3;0;=;6;2'
922,'96=87-9','96-87=9',swap_-_and_=,2,=,-,5,-,=,,,,,,,'9;6;=;8;7;-;9','9;6;-;8;7;=;9'
923,'15+53=-44','15-59=-44',op_and_digit_balance,2,+,-,4,3,9,,,,,,,'1;5;+;5;3;=;-;4;4','1;5;-;5;9;=;-;4;4'
924,'77-53=-46','17-63=-46',digit_to_digit,0,7,1,3,5,6,,,,,,,'7;7;-;5;3;=;-;4;6','1;7;-;6;3;=;-;4;6'
925,'53-98=-115','53-98=-45',four_eleven,7,11,4,,,,,,,,,,'5;3;-;9;8;=;-;11;5','5;3;-;9;8;=;-;4;5'
926,'29+53=75','23+53=76',digit_to_digit,1,9,3,7,5,6,,,,,,,'2;9;+;5;3;=;7;5','2;3;+;5;3;=;7;6'
927,'52-18=82','92-10=82',digit_to_digit,4,8,0,0,5,9,,,,,,,'5;2;-;1;8;=;8;2','9;2;-;1;0;=;8;2'
928,'70-30=110','70-30=40',four_eleven,6,11,4,,,,,,,,,,'7;0;-;3;0;=;11;0','7;0;-;3;0;=;4;0'
929,'46+46=2','48-46=2',op_and_digit_balance,2,+,-,1,6,8,,,,,,,'4;6;+;4;6;=;2','4;8;-;4;6;=;2'
930,'50+88=748','60+88=148',digit_to_digit,6,7,1,0,5,6,,,,,,,'5;0;+;8;8;=;7;4;8','6;0;+;8;8;=;1;4;8'
931,'54+15=-21','54-75=-21',op_and_digit_balance,2,+,-,3,1,7,,,,,,,'5;4;+;1;5;=;-;2;1','5;4;-;7;5;=;-;2;1'
932,'69+55=744','89+55=144',digit_to_digit,6,7,1,0,6,8,,,,,,,'6;9;+;5;5;=;7;4;4','8;9;+;5;5;=;1;4;4'
933,'59+33=25','58-33=25',op_and_digit_balance,2,+,-,1,9,8,,,,,,,'5;9;+;3;3;=;2;5','5;8;-;3;3;=;2;5'
934,'47-49=7','47-40=7',within_digit,4,9,0,,,,,,,,,,'4;7;-;4;9;=;7','4;7;-;4;0;=;7'
935,'35+81=97','36+61=97',digit_to_digit,3,8,6,1,5,6,,,,,,,'3;5;+;8;1;=;9;7','3;6;+;6;1;=;9;7'
936,'78-96=172','76+96=172',op_and_digit_balance,1,8,6,2,-,+,,,,,,,'7;8;-;9;6;=;1;7;2','7;6;+;9;6;=;1;7;2'
937,'11=15--4','11-15=-4',swap_-_and_=,1,=,-,4,-,=,,,,,,,'11;=;1;5;-;-;4','11;-;1;5;=;-;4'
938,'17-83=-75','17-93=-76',digit_to_digit,3,8,9,8,5,6,,,,,,,'1;7;-;8;3;=;-;7;5','1;7;-;9;3;=;-;7;6'
939,'51+56=1','57-56=1',op_and_digit_balance,2,+,-,1,1,7,,,,,,,'5;1;+;5;6;=;1','5;7;-;5;6;=;1'
940,'87-44=113','87-44=43',four_eleven,6,11,4,,,,,,,,,,'8;7;-;4;4;=;11;3','8;7;-;4;4;=;4;3'
941,'78-83=159','76+83=159',op_and_digit_balance,1,8,6,2,-,+,,,,,,,'7;8;-;8;3;=;1;5;9','7;6;+;8;3;=;1;5;9'
942,'50+69=49','50+69=119',four_eleven,6,4,11,,,,,,,,,,'5;0;+;6;9;=;4;9','5;0;+;6;9;=;11;9'
943,'28+80=180','28+80=108',digit_to_digit,7,8,0,8,0,8,,,,,,,'2;8;+;8;0;=;1;8;0','2;8;+;8;0;=;1;0;8'
944,'37+93=-55','37-93=-56',op_and_digit_balance,2,+,-,8,5,6,,,,,,,'3;7;+;9;3;=;-;5;5','3;7;-;9;3;=;-;5;6'
945,'61+55=46','61+55=116',four_eleven,6,4,11,,,,,,,,,,'6;1;+;5;5;=;4;6','6;1;+;5;5;=;11;6'
946,'77+17=50','77-17=60',op_and_digit_balance,2,+,-,6,5,6,,,,,,,'7;7;+;1;7;=;5;0','7;7;-;1;7;=;6;0'
947,'84-16=180','84+16=100',op_and_digit_balance,7,8,0,2,-,+,,,,,,,'8;4;-;1;6;=;1;8;0','8;4;+;1;6;=;1;0;0'
948,'82+92=175','83+92=175',within_digit,1,2,3,,,,,,,,,,'8;2;+;9;2;=;1;7;5','8;3;+;9;2;=;1;7;5'
949,'32-69=29','92-69=23',digit_to_digit,7,9,3,0,3,9,,,,,,,'3;2;-;6;9;=;2;9','9;2;-;6;9;=;2;3'
950,'48-16=63','48+15=63',op_and_digit_balance,4,6,5,2,-,+,,,,,,,'4;8;-;1;6;=;6;3','4;8;+;1;5;=;6;3'
951,'82-97=173','82+91=173',op_and_digit_balance,4,7,1,2,-,+,,,,,,,'8;2;-;9;7;=;1;7;3','8;2;+;9;1;=;1;7;3'
952,'88-21=53','80-27=53',digit_to_digit,1,8,0,4,1,7,,,,,,,'8;8;-;2;1;=;5;3','8;0;-;2;7;=;5;3'
953,'18-87=-17','10-87=-77',digit_to_digit,1,8,0,7,1,7,,,,,,,'1;8;-;8;7;=;-;1;7','1;0;-;8;7;=;-;7;7'
954,'14-71=89','14+71=85',op_and_digit_balance,7,9,5,2,-,+,,,,,,,'1;4;-;7;1;=;8;9','1;4;+;7;1;=;8;5'
955,'34-49=-5','34-43=-9',digit_to_digit,4,9,3,7,5,9,,,,,,,'3;4;-;4;9;=;-;5','3;4;-;4;3;=;-;9'
956,'14+44=66','14+44=58',digit_to_digit,6,6,5,7,6,8,,,,,,,'1;4;+;4;4;=;6;6','1;4;+;4;4;=;5;8'
957,'44+53=-3','44-53=-9',op_and_digit_balance,2,+,-,7,3,9,,,,,,,'4;4;+;5;3;=;-;3','4;4;-;5;3;=;-;9'
958,'99-73=112','39+73=112',op_and_digit_balance,0,9,3,2,-,+,,,,,,,'9;9;-;7;3;=;11;2','3;9;+;7;3;=;11;2'
959,'87-12=89','87+12=99',op_and_digit_balance,6,8,9,2,-,+,,,,,,,'8;7;-;1;2;=;8;9','8;7;+;1;2;=;9;9'
960,'33+22=17','39-22=17',op_and_digit_balance,2,+,-,1,3,9,,,,,,,'3;3;+;2;2;=;1;7','3;9;-;2;2;=;1;7'
961,'15-48=-92','16-48=-32',digit_to_digit,7,9,3,1,5,6,,,,,,,'1;5;-;4;8;=;-;9;2','1;6;-;4;8;=;-;3;2'
962,'33-16=7','23-16=7',within_digit,0,3,2,,,,,,,,,,'3;3;-;1;6;=;7','2;3;-;1;6;=;7'
963,'27-15=36','21+15=36',op_and_digit_balance,1,7,1,2,-,+,,,,,,,'2;7;-;1;5;=;3;6','2;1;+;1;5;=;3;6'
964,'58+21=47','68-21=47',op_and_digit_balance,2,+,-,0,5,6,,,,,,,'5;8;+;2;1;=;4;7','6;8;-;2;1;=;4;7'
965,'81=61-20','81-61=20',swap_-_and_=,2,=,-,5,-,=,,,,,,,'8;1;=;6;1;-;2;0','8;1;-;6;1;=;2;0'
966,'92-80=152','92+60=152',op_and_digit_balance,3,8,6,2,-,+,,,,,,,'9;2;-;8;0;=;1;5;2','9;2;+;6;0;=;1;5;2'
967,'57-41=50','91-41=50',digit_to_digit,1,7,1,0,5,9,,,,,,,'5;7;-;4;1;=;5;0','9;1;-;4;1;=;5;0'
968,'97-34=51','91-34=57',digit_to_digit,1,7,1,7,1,7,,,,,,,'9;7;-;3;4;=;5;1','9;1;-;3;4;=;5;7'
969,'17+56=193','77+56=133',digit_to_digit,7,9,3,0,1,7,,,,,,,'1;7;+;5;6;=;1;9;3','7;7;+;5;6;=;1;3;3'
970,'69-51=720','69+51=120',op_and_digit_balance,6,7,1,2,-,+,,,,,,,'6;9;-;5;1;=;7;2;0','6;9;+;5;1;=;1;2;0'
971,'36=69--33','36-69=-33',swap_-_and_=,2,=,-,5,-,=,,,,,,,'3;6;=;6;9;-;-;3;3','3;6;-;6;9;=;-;3;3'
972,'96-65=151','96+55=151',op_and_digit_balance,3,6,5,2,-,+,,,,,,,'9;6;-;6;5;=;1;5;1','9;6;+;5;5;=;1;5;1'
973,'23-19=14','29-15=14',digit_to_digit,4,9,5,1,3,9,,,,,,,'2;3;-;1;9;=;1;4','2;9;-;1;5;=;1;4'
974,'86+83=-3','86-89=-3',op_and_digit_balance,2,+,-,4,3,9,,,,,,,'8;6;+;8;3;=;-;3','8;6;-;8;9;=;-;3'
975,'52-41=6','52-47=5',digit_to_digit,6,6,5,4,1,7,,,,,,,'5;2;-;4;1;=;6','5;2;-;4;7;=;5'
976,'72-95=36','72-36=36',digit_to_digit,3,9,3,4,5,6,,,,,,,'7;2;-;9;5;=;3;6','7;2;-;3;6;=;3;6'
977,'81+60=747','87+60=147',digit_to_digit,6,7,1,1,1,7,,,,,,,'8;1;+;6;0;=;7;4;7','8;7;+;6;0;=;1;4;7'
978,'45-97=9','46-37=9',digit_to_digit,3,9,3,1,5,6,,,,,,,'4;5;-;9;7;=;9','4;6;-;3;7;=;9'
979,'92+53=161','92+59=151',digit_to_digit,7,6,5,4,3,9,,,,,,,'9;2;+;5;3;=;1;6;1','9;2;+;5;9;=;1;5;1'
980,'29+40=55','25+40=65',digit_to_digit,1,9,5,6,5,6,,,,,,,'2;9;+;4;0;=;5;5','2;5;+;4;0;=;6;5'
981,'77-53=730','77+53=130',op_and_digit_balance,6,7,1,2,-,+,,,,,,,'7;7;-;5;3;=;7;3;0','7;7;+;5;3;=;1;3;0'
982,'81-63=154','91+63=154',op_and_digit_balance,0,8,9,2,-,+,,,,,,,'8;1;-;6;3;=;1;5;4','9;1;+;6;3;=;1;5;4'
983,'38-76=112','36+76=112',op_and_digit_balance,1,8,6,2,-,+,,,,,,,'3;8;-;7;6;=;11;2','3;6;+;7;6;=;11;2'
984,'17+25=49','17+26=43',digit_to_digit,7,9,3,4,5,6,,,,,,,'1;7;+;2;5;=;4;9','1;7;+;2;6;=;4;3'
985,'94-35=50','94-35=59',within_digit,7,0,9,,,,,,,,,,'9;4;-;3;5;=;5;0','9;4;-;3;5;=;5;9'
986,'33-74=47','33+14=47',op_and_digit_balance,3,7,1,2,-,+,,,,,,,'3;3;-;7;4;=;4;7','3;3;+;1;4;=;4;7'
987,'35-75=118','35+75=110',op_and_digit_balance,7,8,0,2,-,+,,,,,,,'3;5;-;7;5;=;11;8','3;5;+;7;5;=;11;0'
988,'15-21=-9','16-21=-5',digit_to_digit,7,9,5,1,5,6,,,,,,,'1;5;-;2;1;=;-;9','1;6;-;2;1;=;-;5'
989,'86-92=778','86+92=178',op_and_digit_balance,6,7,1,2,-,+,,,,,,,'8;6;-;9;2;=;7;7;8','8;6;+;9;2;=;1;7;8'
990,'27-27=10','37-27=10',within_digit,0,2,3,,,,,,,,,,'2;7;-;2;7;=;1;0','3;7;-;2;7;=;1;0'
991,'83=57-26','83-57=26',swap_-_and_=,2,=,-,5,-,=,,,,,,,'8;3;=;5;7;-;2;6','8;3;-;5;7;=;2;6'
992,'23-17=-48','23-71=-48',digit_to_digit,4,7,1,3,1,7,,,,,,,'2;3;-;1;7;=;-;4;8','2;3;-;7;1;=;-;4;8'
993,'51-68=117','51+66=117',op_and_digit_balance,4,8,6,2,-,+,,,,,,,'5;1;-;6;8;=;11;7','5;1;+;6;6;=;11;7'
994,'12-69=-91','12-69=-57',digit_to_digit,7,9,5,8,1,7,,,,,,,'1;2;-;6;9;=;-;9;1','1;2;-;6;9;=;-;5;7'
995,'37-48=48','97-48=49',digit_to_digit,7,8,9,0,3,9,,,,,,,'3;7;-;4;8;=;4;8','9;7;-;4;8;=;4;9'
996,'89-34=119','85+34=119',op_and_digit_balance,1,9,5,2,-,+,,,,,,,'8;9;-;3;4;=;11;9','8;5;+;3;4;=;11;9'
997,'85+99=1811','85+99=184',four_eleven,8,11,4,,,,,,,,,,'8;5;+;9;9;=;1;8;11','8;5;+;9;9;=;1;8;4'
998,'13+41=-29','13-41=-28',op_and_digit_balance,2,+,-,8,9,8,,,,,,,'1;3;+;4;1;=;-;2;9','1;3;-;4;1;=;-;2;8'
999,'35+28=67','95-28=67',op_and_digit_balance,2,+,-,0,3,9,,,,,,,'3;5;+;2;8;=;6;7','9;5;-;2;8;=;6;7'
1000,'31+73=194','31+73=104',within_digit,7,9,0,,,,,,,,,,'3;1;+;7;3;=;1;9;4','3;1;+;7;3;=;1;0;4'
1001,'70+69=9','78-69=9',op_and_digit_balance,2,+,-,1,0,8,,,,,,,'7;0;+;6;9;=;9','7;8;-;6;9;=;9'
1002,'36+60=36','96-60=36',op_and_digit_balance,2,+,-,0,3,9,,,,,,,'3;6;+;6;0;=;3;6','9;6;-;6;0;=;3;6'
1003,'20-58=76','20+56=76',op_and_digit_balance,4,8,6,2,-,+,,,,,,,'2;0;-;5;8;=;7;6','2;0;+;5;6;=;7;6'
1004,'57-13=45','57-12=45',within_digit,4,3,2,,,,,,,,,,'5;7;-;1;3;=;4;5','5;7;-;1;2;=;4;5'
1005,'35+89=-53','36-89=-53',op_and_digit_balance,2,+,-,1,5,6,,,,,,,'3;5;+;8;9;=;-;5;3','3;6;-;8;9;=;-;5;3'
1006,'82+86=180','92+88=180',digit_to_digit,0,8,9,4,6,8,,,,,,,'8;2;+;8;6;=;1;8;0','9;2;+;8;8;=;1;8;0'
1007,'35-47=-5','36-41=-5',digit_to_digit,4,7,1,1,5,6,,,,,,,'3;5;-;4;7;=;-;5','3;6;-;4;1;=;-;5'
1008,'26=94--68','26-94=-68',swap_-_and_=,2,=,-,5,-,=,,,,,,,'2;6;=;9;4;-;-;6;8','2;6;-;9;4;=;-;6;8'
1009,'32-41=-16','32-47=-15',digit_to_digit,8,6,5,4,1,7,,,,,,,'3;2;-;4;1;=;-;1;6','3;2;-;4;7;=;-;1;5'
1010,'45+21=25','46-21=25',op_and_digit_balance,2,+,-,1,5,6,,,,,,,'4;5;+;2;1;=;2;5','4;6;-;2;1;=;2;5'
1011,'52-49=19','62-43=19',digit_to_digit,4,9,3,0,5,6,,,,,,,'5;2;-;4;9;=;1;9','6;2;-;4;3;=;1;9'
1012,'16+47=723','76+47=123',digit_to_digit,6,7,1,0,1,7,,,,,,,'1;6;+;4;7;=;7;2;3','7;6;+;4;7;=;1;2;3'
1013,'38-32=-64','38-92=-54',digit_to_digit,7,6,5,3,3,9,,,,,,,'3;8;-;3;2;=;-;6;4','3;8;-;9;2;=;-;5;4'
1014,'50+86=145','60+85=145',digit_to_digit,4,6,5,0,5,6,,,,,,,'5;0;+;8;6;=;1;4;5','6;0;+;8;5;=;1;4;5'
1015,'95=86-9','95-86=9',swap_-_and_=,2,=,-,5,-,=,,,,,,,'9;5;=;8;6;-;9','9;5;-;8;6;=;9'
1016,'26-48=75','26+49=75',op_and_digit_balance,4,8,9,2,-,+,,,,,,,'2;6;-;4;8;=;7;5','2;6;+;4;9;=;7;5'
1017,'34-97=3','94-91=3',digit_to_digit,4,7,1,0,3,9,,,,,,,'3;4;-;9;7;=;3','9;4;-;9;1;=;3'
1018,'99-60=37','99-68=31',digit_to_digit,7,7,1,4,0,8,,,,,,,'9;9;-;6;0;=;3;7','9;9;-;6;8;=;3;1'
1019,'22=65--43','22-65=-43',swap_-_and_=,2,=,-,5,-,=,,,,,,,'2;2;=;6;5;-;-;4;3','2;2;-;6;5;=;-;4;3'
1020,'73-88=153','73+80=153',op_and_digit_balance,4,8,0,2,-,+,,,,,,,'7;3;-;8;8;=;1;5;3','7;3;+;8;0;=;1;5;3'
1021,'19+51=72','15+57=72',digit_to_digit,1,9,5,4,1,7,,,,,,,'1;9;+;5;1;=;7;2','1;5;+;5;7;=;7;2'
1022,'10-98=68','10+58=68',op_and_digit_balance,3,9,5,2,-,+,,,,,,,'1;0;-;9;8;=;6;8','1;0;+;5;8;=;6;8'
1023,'99-22=67','99-32=67',within_digit,3,2,3,,,,,,,,,,'9;9;-;2;2;=;6;7','9;9;-;3;2;=;6;7'
1024,'17+73=99','17+73=90',within_digit,7,9,0,,,,,,,,,,'1;7;+;7;3;=;9;9','1;7;+;7;3;=;9;0'
1025,'46+78=54','46+18=64',digit_to_digit,3,7,1,6,5,6,,,,,,,'4;6;+;7;8;=;5;4','4;6;+;1;8;=;6;4'
1026,'96+27=65','96-27=69',op_and_digit_balance,2,+,-,7,5,9,,,,,,,'9;6;+;2;7;=;6;5','9;6;-;2;7;=;6;9'
1027,'96=83-13','96-83=13',swap_-_and_=,2,=,-,5,-,=,,,,,,,'9;6;=;8;3;-;1;3','9;6;-;8;3;=;1;3'
1028,'21+18=46','27+18=45',digit_to_digit,7,6,5,1,1,7,,,,,,,'2;1;+;1;8;=;4;6','2;7;+;1;8;=;4;5'
1029,'84+75=59','84+15=99',digit_to_digit,3,7,1,6,5,9,,,,,,,'8;4;+;7;5;=;5;9','8;4;+;1;5;=;9;9'
1030,'28+70=186','28+78=106',digit_to_digit,7,8,0,4,0,8,,,,,,,'2;8;+;7;0;=;1;8;6','2;8;+;7;8;=;1;0;6'
1031,'39+45=-5','39-45=-6',op_and_digit_balance,2,+,-,7,5,6,,,,,,,'3;9;+;4;5;=;-;5','3;9;-;4;5;=;-;6'
1032,'35+99=-54','35-99=-64',op_and_digit_balance,2,+,-,7,5,6,,,,,,,'3;5;+;9;9;=;-;5;4','3;5;-;9;9;=;-;6;4'
1033,'99-16=116','99+16=115',op_and_digit_balance,7,6,5,2,-,+,,,,,,,'9;9;-;1;6;=;11;6','9;9;+;1;6;=;11;5'
1034,'49-94=83','49+34=83',op_and_digit_balance,3,9,3,2,-,+,,,,,,,'4;9;-;9;4;=;8;3','4;9;+;3;4;=;8;3'
1035,'39-81=100','39+61=100',op_and_digit_balance,3,8,6,2,-,+,,,,,,,'3;9;-;8;1;=;1;0;0','3;9;+;6;1;=;1;0;0'
1036,'11+63=88','11+69=80',digit_to_digit,6,8,0,3,3,9,,,,,,,'11;+;6;3;=;8;8','11;+;6;9;=;8;0'
1037,'32-82=-49','33-82=-49',within_digit,1,2,3,,,,,,,,,,'3;2;-;8;2;=;-;4;9','3;3;-;8;2;=;-;4;9'
1038,'91+24=106','81+24=105',digit_to_digit,8,6,5,0,9,8,,,,,,,'9;1;+;2;4;=;1;0;6','8;1;+;2;4;=;1;0;5'
1039,'95-34=71','95-24=71',within_digit,3,3,2,,,,,,,,,,'9;5;-;3;4;=;7;1','9;5;-;2;4;=;7;1'
1040,'18=28--10','18-28=-10',swap_-_and_=,2,=,-,5,-,=,,,,,,,'1;8;=;2;8;-;-;1;0','1;8;-;2;8;=;-;1;0'
1041,'77-40=111','71+40=111',op_and_digit_balance,1,7,1,2,-,+,,,,,,,'7;7;-;4;0;=;1;11','7;1;+;4;0;=;1;11'
1042,'33+16=-43','33-76=-43',op_and_digit_balance,2,+,-,3,1,7,,,,,,,'3;3;+;1;6;=;-;4;3','3;3;-;7;6;=;-;4;3'
1043,'57+21=12','51+21=72',digit_to_digit,1,7,1,6,1,7,,,,,,,'5;7;+;2;1;=;1;2','5;1;+;2;1;=;7;2'
1044,'31+19=118','31+79=110',digit_to_digit,7,8,0,3,1,7,,,,,,,'3;1;+;1;9;=;11;8','3;1;+;7;9;=;11;0'
1045,'42-89=731','42+89=131',op_and_digit_balance,6,7,1,2,-,+,,,,,,,'4;2;-;8;9;=;7;3;1','4;2;+;8;9;=;1;3;1'
1046,'51+61=-16','51-67=-16',op_and_digit_balance,2,+,-,4,1,7,,,,,,,'5;1;+;6;1;=;-;1;6','5;1;-;6;7;=;-;1;6'
1047,'93+42=15','33+42=75',digit_to_digit,0,9,3,6,1,7,,,,,,,'9;3;+;4;2;=;1;5','3;3;+;4;2;=;7;5'
1048,'81+83=180','91+89=180',digit_to_digit,0,8,9,4,3,9,,,,,,,'8;1;+;8;3;=;1;8;0','9;1;+;8;9;=;1;8;0'
1049,'65-59=-94','65-99=-34',digit_to_digit,7,9,3,3,5,9,,,,,,,'6;5;-;5;9;=;-;9;4','6;5;-;9;9;=;-;3;4'
1050,'88-22=54','86-22=64',digit_to_digit,1,8,6,6,5,6,,,,,,,'8;8;-;2;2;=;5;4','8;6;-;2;2;=;6;4'
1051,'54=64--10','54-64=-10',swap_-_and_=,2,=,-,5,-,=,,,,,,,'5;4;=;6;4;-;-;1;0','5;4;-;6;4;=;-;1;0'
1052,'84-90=774','84+90=174',op_and_digit_balance,6,7,1,2,-,+,,,,,,,'8;4;-;9;0;=;7;7;4','8;4;+;9;0;=;1;7;4'
1053,'18-77=7','78-71=7',digit_to_digit,4,7,1,0,1,7,,,,,,,'1;8;-;7;7;=;7','7;8;-;7;1;=;7'
1054,'33-87=-49','33-81=-48',digit_to_digit,4,7,1,8,9,8,,,,,,,'3;3;-;8;7;=;-;4;9','3;3;-;8;1;=;-;4;8'
1055,'97+39=190','97+93=190',digit_to_digit,4,9,3,3,3,9,,,,,,,'9;7;+;3;9;=;1;9;0','9;7;+;9;3;=;1;9;0'
1056,'72-26=116','72-26=46',four_eleven,6,11,4,,,,,,,,,,'7;2;-;2;6;=;11;6','7;2;-;2;6;=;4;6'
1057,'72+18=91','73+18=91',within_digit,1,2,3,,,,,,,,,,'7;2;+;1;8;=;9;1','7;3;+;1;8;=;9;1'
1058,'45+15=81','46+15=61',digit_to_digit,6,8,6,1,5,6,,,,,,,'4;5;+;1;5;=;8;1','4;6;+;1;5;=;6;1'
1059,'24=54--30','24-54=-30',swap_-_and_=,2,=,-,5,-,=,,,,,,,'2;4;=;5;4;-;-;3;0','2;4;-;5;4;=;-;3;0'
1060,'99-41=42','83-41=42',digit_to_digit,1,9,3,0,9,8,,,,,,,'9;9;-;4;1;=;4;2','8;3;-;4;1;=;4;2'
1061,'92+31=51','92-31=61',op_and_digit_balance,2,+,-,6,5,6,,,,,,,'9;2;+;3;1;=;5;1','9;2;-;3;1;=;6;1'
1062,'98=35-63','98-35=63',swap_-_and_=,2,=,-,5,-,=,,,,,,,'9;8;=;3;5;-;6;3','9;8;-;3;5;=;6;3'
1063,'27-78=-43','27-76=-49',digit_to_digit,4,8,6,8,3,9,,,,,,,'2;7;-;7;8;=;-;4;3','2;7;-;7;6;=;-;4;9'
1064,'67-25=112','67-25=42',four_eleven,6,11,4,,,,,,,,,,'6;7;-;2;5;=;11;2','6;7;-;2;5;=;4;2'
1065,'39-41=88','39+41=80',op_and_digit_balance,7,8,0,2,-,+,,,,,,,'3;9;-;4;1;=;8;8','3;9;+;4;1;=;8;0'
1066,'93+33=92','59+33=92',digit_to_digit,0,9,5,1,3,9,,,,,,,'9;3;+;3;3;=;9;2','5;9;+;3;3;=;9;2'
1067,'78=30-48','78-30=48',swap_-_and_=,2,=,-,5,-,=,,,,,,,'7;8;=;3;0;-;4;8','7;8;-;3;0;=;4;8'
1068,'83-29=50','83-23=60',digit_to_digit,4,9,3,6,5,6,,,,,,,'8;3;-;2;9;=;5;0','8;3;-;2;3;=;6;0'
1069,'22+34=118','22+94=116',digit_to_digit,7,8,6,3,3,9,,,,,,,'2;2;+;3;4;=;11;8','2;2;+;9;4;=;11;6'
1070,'60+49=12','60-48=12',op_and_digit_balance,2,+,-,4,9,8,,,,,,,'6;0;+;4;9;=;1;2','6;0;-;4;8;=;1;2'
1071,'41+72=112','41+72=113',within_digit,7,2,3,,,,,,,,,,'4;1;+;7;2;=;11;2','4;1;+;7;2;=;11;3'
1072,'98-37=127','90+37=127',op_and_digit_balance,1,8,0,2,-,+,,,,,,,'9;8;-;3;7;=;1;2;7','9;0;+;3;7;=;1;2;7'
1073,'19+85=-56','19-85=-66',op_and_digit_balance,2,+,-,7,5,6,,,,,,,'1;9;+;8;5;=;-;5;6','1;9;-;8;5;=;-;6;6'
1074,'54=50-4','54-50=4',swap_-_and_=,2,=,-,5,-,=,,,,,,,'5;4;=;5;0;-;4','5;4;-;5;0;=;4'
1075,'79+51=18','79-61=18',op_and_digit_balance,2,+,-,3,5,6,,,,,,,'7;9;+;5;1;=;1;8','7;9;-;6;1;=;1;8'
1076,'59+52=721','69+52=121',digit_to_digit,6,7,1,0,5,6,,,,,,,'5;9;+;5;2;=;7;2;1','6;9;+;5;2;=;1;2;1'
1077,'33+35=4','39-35=4',op_and_digit_balance,2,+,-,1,3,9,,,,,,,'3;3;+;3;5;=;4','3;9;-;3;5;=;4'
1078,'78-48=118','70+48=118',op_and_digit_balance,1,8,0,2,-,+,,,,,,,'7;8;-;4;8;=;11;8','7;0;+;4;8;=;11;8'
1079,'20-23=-2','20-23=-3',within_digit,7,2,3,,,,,,,,,,'2;0;-;2;3;=;-;2','2;0;-;2;3;=;-;3'
1080,'39-71=22','39-17=22',digit_to_digit,3,7,1,4,1,7,,,,,,,'3;9;-;7;1;=;2;2','3;9;-;1;7;=;2;2'
1081,'35+60=56','35+60=95',digit_to_digit,7,6,5,6,5,9,,,,,,,'3;5;+;6;0;=;5;6','3;5;+;6;0;=;9;5'
1082,'84=95--11','84-95=-11',swap_-_and_=,2,=,-,5,-,=,,,,,,,'8;4;=;9;5;-;-;11','8;4;-;9;5;=;-;11'
1083,'27-29=52','27+25=52',op_and_digit_balance,4,9,5,2,-,+,,,,,,,'2;7;-;2;9;=;5;2','2;7;+;2;5;=;5;2'
1084,'10-70=-69','10-70=-60',within_digit,8,9,0,,,,,,,,,,'1;0;-;7;0;=;-;6;9','1;0;-;7;0;=;-;6;0'
1085,'20-78=-42','28-70=-42',digit_to_digit,4,8,0,1,0,8,,,,,,,'2;0;-;7;8;=;-;4;2','2;8;-;7;0;=;-;4;2'
1086,'73-69=13','73-60=13',within_digit,4,9,0,,,,,,,,,,'7;3;-;6;9;=;1;3','7;3;-;6;0;=;1;3'
1087,'69+91=-28','69-97=-28',op_and_digit_balance,2,+,-,4,1,7,,,,,,,'6;9;+;9;1;=;-;2;8','6;9;-;9;7;=;-;2;8'
1088,'50+96=-45','50-96=-46',op_and_digit_balance,2,+,-,8,5,6,,,,,,,'5;0;+;9;6;=;-;4;5','5;0;-;9;6;=;-;4;6'
1089,'98-63=28','98-69=29',digit_to_digit,7,8,9,4,3,9,,,,,,,'9;8;-;6;3;=;2;8','9;8;-;6;9;=;2;9'
1090,'88-78=0','86-78=8',digit_to_digit,1,8,6,6,0,8,,,,,,,'8;8;-;7;8;=;0','8;6;-;7;8;=;8'
1091,'93-29=62','33+29=62',op_and_digit_balance,0,9,3,2,-,+,,,,,,,'9;3;-;2;9;=;6;2','3;3;+;2;9;=;6;2'
1092,'59=55-4','59-55=4',swap_-_and_=,2,=,-,5,-,=,,,,,,,'5;9;=;5;5;-;4','5;9;-;5;5;=;4'
1093,'35-18=59','35+18=53',op_and_digit_balance,7,9,3,2,-,+,,,,,,,'3;5;-;1;8;=;5;9','3;5;+;1;8;=;5;3'
1094,'13+56=58','13+56=69',digit_to_digit,7,8,9,6,5,6,,,,,,,'1;3;+;5;6;=;5;8','1;3;+;5;6;=;6;9'
1095,'92+12=124','52+72=124',digit_to_digit,0,9,5,3,1,7,,,,,,,'9;2;+;1;2;=;1;2;4','5;2;+;7;2;=;1;2;4'
1096,'37-26=77','97-26=71',digit_to_digit,7,7,1,0,3,9,,,,,,,'3;7;-;2;6;=;7;7','9;7;-;2;6;=;7;1'
1097,'40-52=-13','40-52=-12',within_digit,8,3,2,,,,,,,,,,'4;0;-;5;2;=;-;1;3','4;0;-;5;2;=;-;1;2'
1098,'98-67=-23','38-67=-29',digit_to_digit,0,9,3,8,3,9,,,,,,,'9;8;-;6;7;=;-;2;3','3;8;-;6;7;=;-;2;9'
1099,'45+17=29','46-17=29',op_and_digit_balance,2,+,-,1,5,6,,,,,,,'4;5;+;1;7;=;2;9','4;6;-;1;7;=;2;9'
1100,'85-22=117','95+22=117',op_and_digit_balance,0,8,9,2,-,+,,,,,,,'8;5;-;2;2;=;11;7','9;5;+;2;2;=;11;7'
1101,'80+56=145','90+56=146',digit_to_digit,0,8,9,8,5,6,,,,,,,'8;0;+;5;6;=;1;4;5','9;0;+;5;6;=;1;4;6'
1102,'87-87=774','87+87=174',op_and_digit_balance,6,7,1,2,-,+,,,,,,,'8;7;-;8;7;=;7;7;4','8;7;+;8;7;=;1;7;4'
1103,'88+90=718','88+90=178',digit_to_digit,6,7,1,7,1,7,,,,,,,'8;8;+;9;0;=;7;1;8','8;8;+;9;0;=;1;7;8'
1104,'98+57=125','58+67=125',digit_to_digit,0,9,5,3,5,6,,,,,,,'9;8;+;5;7;=;1;2;5','5;8;+;6;7;=;1;2;5'
1105,'88-51=119','68+51=119',op_and_digit_balance,0,8,6,2,-,+,,,,,,,'8;8;-;5;1;=;11;9','6;8;+;5;1;=;11;9'
1106,'32-36=88','32+36=68',op_and_digit_balance,6,8,6,2,-,+,,,,,,,'3;2;-;3;6;=;8;8','3;2;+;3;6;=;6;8'
1107,'81=18-63','81-18=63',swap_-_and_=,2,=,-,5,-,=,,,,,,,'8;1;=;1;8;-;6;3','8;1;-;1;8;=;6;3'
1108,'12-95=37','72-35=37',digit_to_digit,3,9,3,0,1,7,,,,,,,'1;2;-;9;5;=;3;7','7;2;-;3;5;=;3;7'
1109,'10+27=47','10+37=47',within_digit,3,2,3,,,,,,,,,,'1;0;+;2;7;=;4;7','1;0;+;3;7;=;4;7'
1110,'88+55=23','88-65=23',op_and_digit_balance,2,+,-,3,5,6,,,,,,,'8;8;+;5;5;=;2;3','8;8;-;6;5;=;2;3'
1111,'48-36=13','48-36=12',within_digit,7,3,2,,,,,,,,,,'4;8;-;3;6;=;1;3','4;8;-;3;6;=;1;2'
1112,'61-83=154','61+93=154',op_and_digit_balance,3,8,9,2,-,+,,,,,,,'6;1;-;8;3;=;1;5;4','6;1;+;9;3;=;1;5;4'
1113,'15+71=80','19+71=90',digit_to_digit,6,8,9,1,5,9,,,,,,,'1;5;+;7;1;=;8;0','1;9;+;7;1;=;9;0'
1114,'97-74=33','97-74=23',within_digit,6,3,2,,,,,,,,,,'9;7;-;7;4;=;3;3','9;7;-;7;4;=;2;3'
1115,'34-82=-29','34-62=-28',digit_to_digit,3,8,6,8,9,8,,,,,,,'3;4;-;8;2;=;-;2;9','3;4;-;6;2;=;-;2;8'
1116,'37-87=134','37+97=134',op_and_digit_balance,3,8,9,2,-,+,,,,,,,'3;7;-;8;7;=;1;3;4','3;7;+;9;7;=;1;3;4'
1117,'89-28=118','89+29=118',op_and_digit_balance,4,8,9,2,-,+,,,,,,,'8;9;-;2;8;=;11;8','8;9;+;2;9;=;11;8'
1118,'87=88--1','87-88=-1',swap_-_and_=,2,=,-,5,-,=,,,,,,,'8;7;=;8;8;-;-;1','8;7;-;8;8;=;-;1'
1119,'27-58=-47','21-68=-47',digit_to_digit,1,7,1,3,5,6,,,,,,,'2;7;-;5;8;=;-;4;7','2;1;-;6;8;=;-;4;7'
1120,'85+88=154','66+88=154',digit_to_digit,0,8,6,1,5,6,,,,,,,'8;5;+;8;8;=;1;5;4','6;6;+;8;8;=;1;5;4'
1121,'15+56=-51','15-66=-51',op_and_digit_balance,2,+,-,3,5,6,,,,,,,'1;5;+;5;6;=;-;5;1','1;5;-;6;6;=;-;5;1'
1122,'85=31-54','85-31=54',swap_-_and_=,2,=,-,5,-,=,,,,,,,'8;5;=;3;1;-;5;4','8;5;-;3;1;=;5;4'
1123,'88-49=135','86+49=135',op_and_digit_balance,1,8,6,2,-,+,,,,,,,'8;8;-;4;9;=;1;3;5','8;6;+;4;9;=;1;3;5'
1124,'26-56=81','25+56=81',op_and_digit_balance,1,6,5,2,-,+,,,,,,,'2;6;-;5;6;=;8;1','2;5;+;5;6;=;8;1'
1125,'69+47=42','89-47=42',op_and_digit_balance,2,+,-,0,6,8,,,,,,,'6;9;+;4;7;=;4;2','8;9;-;4;7;=;4;2'
1126,'58+15=83','98-15=83',op_and_digit_balance,2,+,-,0,5,9,,,,,,,'5;8;+;1;5;=;8;3','9;8;-;1;5;=;8;3'
1127,'76+78=1511','76+78=154',four_eleven,8,11,4,,,,,,,,,,'7;6;+;7;8;=;1;5;11','7;6;+;7;8;=;1;5;4'
1128,'48-13=81','48+13=61',op_and_digit_balance,6,8,6,2,-,+,,,,,,,'4;8;-;1;3;=;8;1','4;8;+;1;3;=;6;1'
1129,'56-21=25','56-21=35',within_digit,6,2,3,,,,,,,,,,'5;6;-;2;1;=;2;5','5;6;-;2;1;=;3;5'
1130,'84+95=-12','84-96=-12',op_and_digit_balance,2,+,-,4,5,6,,,,,,,'8;4;+;9;5;=;-;1;2','8;4;-;9;6;=;-;1;2'
1131,'59+45=54','99-45=54',op_and_digit_balance,2,+,-,0,5,9,,,,,,,'5;9;+;4;5;=;5;4','9;9;-;4;5;=;5;4'
1132,'98=99--1','98-99=-1',swap_-_and_=,2,=,-,5,-,=,,,,,,,'9;8;=;9;9;-;-;1','9;8;-;9;9;=;-;1'
1133,'20-13=17','30-13=17',within_digit,0,2,3,,,,,,,,,,'2;0;-;1;3;=;1;7','3;0;-;1;3;=;1;7'
1134,'36+16=111','96+15=111',digit_to_digit,4,6,5,0,3,9,,,,,,,'3;6;+;1;6;=;1;11','9;6;+;1;5;=;1;11'
1135,'61+61=6','67-61=6',op_and_digit_balance,2,+,-,1,1,7,,,,,,,'6;1;+;6;1;=;6','6;7;-;6;1;=;6'
1136,'52+79=-21','52-79=-27',op_and_digit_balance,2,+,-,8,1,7,,,,,,,'5;2;+;7;9;=;-;2;1','5;2;-;7;9;=;-;2;7'
1137,'37+87=10','97-87=10',op_and_digit_balance,2,+,-,0,3,9,,,,,,,'3;7;+;8;7;=;1;0','9;7;-;8;7;=;1;0'
1138,'45-45=7','46-45=1',digit_to_digit,6,7,1,1,5,6,,,,,,,'4;5;-;4;5;=;7','4;6;-;4;5;=;1'
1139,'70-37=32','70-37=33',within_digit,7,2,3,,,,,,,,,,'7;0;-;3;7;=;3;2','7;0;-;3;7;=;3;3'
1140,'39-87=120','39+81=120',op_and_digit_balance,4,7,1,2,-,+,,,,,,,'3;9;-;8;7;=;1;2;0','3;9;+;8;1;=;1;2;0'
1141,'72+62=-10','72-82=-10',op_and_digit_balance,2,+,-,3,6,8,,,,,,,'7;2;+;6;2;=;-;1;0','7;2;-;8;2;=;-;1;0'
1142,'22+50=-20','22-50=-28',op_and_digit_balance,2,+,-,8,0,8,,,,,,,'2;2;+;5;0;=;-;2;0','2;2;-;5;0;=;-;2;8'
1143,'29-68=98','29+69=98',op_and_digit_balance,4,8,9,2,-,+,,,,,,,'2;9;-;6;8;=;9;8','2;9;+;6;9;=;9;8'
1144,'77-24=52','77-24=53',within_digit,7,2,3,,,,,,,,,,'7;7;-;2;4;=;5;2','7;7;-;2;4;=;5;3'
1145,'23+41=-16','23-41=-18',op_and_digit_balance,2,+,-,8,6,8,,,,,,,'2;3;+;4;1;=;-;1;6','2;3;-;4;1;=;-;1;8'
1146,'18=53--35','18-53=-35',swap_-_and_=,2,=,-,5,-,=,,,,,,,'1;8;=;5;3;-;-;3;5','1;8;-;5;3;=;-;3;5'
1147,'33+65=-52','33-85=-52',op_and_digit_balance,2,+,-,3,6,8,,,,,,,'3;3;+;6;5;=;-;5;2','3;3;-;8;5;=;-;5;2'
1148,'43+13=-30','43-73=-30',op_and_digit_balance,2,+,-,3,1,7,,,,,,,'4;3;+;1;3;=;-;3;0','4;3;-;7;3;=;-;3;0'
1149,'86-65=161','86+65=151',op_and_digit_balance,7,6,5,2,-,+,,,,,,,'8;6;-;6;5;=;1;6;1','8;6;+;6;5;=;1;5;1'
1150,'89-70=10','89-70=19',within_digit,7,0,9,,,,,,,,,,'8;9;-;7;0;=;1;0','8;9;-;7;0;=;1;9'
1151,'59-33=62','95-33=62',digit_to_digit,1,9,5,0,5,9,,,,,,,'5;9;-;3;3;=;6;2','9;5;-;3;3;=;6;2'
1152,'61+24=81','57+24=81',digit_to_digit,0,6,5,1,1,7,,,,,,,'6;1;+;2;4;=;8;1','5;7;+;2;4;=;8;1'
1153,'68-62=122','60+62=122',op_and_digit_balance,1,8,0,2,-,+,,,,,,,'6;8;-;6;2;=;1;2;2','6;0;+;6;2;=;1;2;2'
1154,'79=43-36','79-43=36',swap_-_and_=,2,=,-,5,-,=,,,,,,,'7;9;=;4;3;-;3;6','7;9;-;4;3;=;3;6'
1155,'83+29=114','89+25=114',digit_to_digit,4,9,5,1,3,9,,,,,,,'8;3;+;2;9;=;11;4','8;9;+;2;5;=;11;4'
1156,'14=57--43','14-57=-43',swap_-_and_=,2,=,-,5,-,=,,,,,,,'1;4;=;5;7;-;-;4;3','1;4;-;5;7;=;-;4;3'
1157,'17+74=-51','17-74=-57',op_and_digit_balance,2,+,-,8,1,7,,,,,,,'1;7;+;7;4;=;-;5;1','1;7;-;7;4;=;-;5;7'
1158,'55=56--1','55-56=-1',swap_-_and_=,2,=,-,5,-,=,,,,,,,'5;5;=;5;6;-;-;1','5;5;-;5;6;=;-;1'
1159,'96+80=115','36+80=116',digit_to_digit,0,9,3,7,5,6,,,,,,,'9;6;+;8;0;=;11;5','3;6;+;8;0;=;11;6'
1160,'84-27=91','84-27=57',digit_to_digit,6,9,5,7,1,7,,,,,,,'8;4;-;2;7;=;9;1','8;4;-;2;7;=;5;7'
1161,'87+86=172','87+86=173',within_digit,8,2,3,,,,,,,,,,'8;7;+;8;6;=;1;7;2','8;7;+;8;6;=;1;7;3'
1162,'87-90=51','87-30=57',digit_to_digit,3,9,3,7,1,7,,,,,,,'8;7;-;9;0;=;5;1','8;7;-;3;0;=;5;7'
1163,'76+53=59','16+53=69',digit_to_digit,0,7,1,6,5,6,,,,,,,'7;6;+;5;3;=;5;9','1;6;+;5;3;=;6;9'
1164,'20-69=85','20+65=85',op_and_digit_balance,4,9,5,2,-,+,,,,,,,'2;0;-;6;9;=;8;5','2;0;+;6;5;=;8;5'
1165,'46+48=0','48-48=0',op_and_digit_balance,2,+,-,1,6,8,,,,,,,'4;6;+;4;8;=;0','4;8;-;4;8;=;0'
1166,'61-14=79','61+14=75',op_and_digit_balance,7,9,5,2,-,+,,,,,,,'6;1;-;1;4;=;7;9','6;1;+;1;4;=;7;5'
1167,'69-86=1','69-68=1',digit_to_digit,3,8,6,4,6,8,,,,,,,'6;9;-;8;6;=;1','6;9;-;6;8;=;1'
1168,'89-72=171','99+72=171',op_and_digit_balance,0,8,9,2,-,+,,,,,,,'8;9;-;7;2;=;1;7;1','9;9;+;7;2;=;1;7;1'
1169,'79-61=130','79+51=130',op_and_digit_balance,3,6,5,2,-,+,,,,,,,'7;9;-;6;1;=;1;3;0','7;9;+;5;1;=;1;3;0'
1170,'30+27=11','38-27=11',op_and_digit_balance,2,+,-,1,0,8,,,,,,,'3;0;+;2;7;=;11','3;8;-;2;7;=;11'
1171,'97-32=53','91-32=59',digit_to_digit,1,7,1,7,3,9,,,,,,,'9;7;-;3;2;=;5;3','9;1;-;3;2;=;5;9'
1172,'90-19=49','30+19=49',op_and_digit_balance,0,9,3,2,-,+,,,,,,,'9;0;-;1;9;=;4;9','3;0;+;1;9;=;4;9'
1173,'73+90=-7','73-80=-7',op_and_digit_balance,2,+,-,3,9,8,,,,,,,'7;3;+;9;0;=;-;7','7;3;-;8;0;=;-;7'
1174,'57-45=16','61-45=16',digit_to_digit,1,7,1,0,5,6,,,,,,,'5;7;-;4;5;=;1;6','6;1;-;4;5;=;1;6'
1175,'97-88=183','97+86=183',op_and_digit_balance,4,8,6,2,-,+,,,,,,,'9;7;-;8;8;=;1;8;3','9;7;+;8;6;=;1;8;3'
1176,'52+60=192','92+60=152',digit_to_digit,7,9,5,0,5,9,,,,,,,'5;2;+;6;0;=;1;9;2','9;2;+;6;0;=;1;5;2'
1177,'80-58=20','80-60=20',digit_to_digit,4,8,0,3,5,6,,,,,,,'8;0;-;5;8;=;2;0','8;0;-;6;0;=;2;0'
1178,'83+92=-3','89-92=-3',op_and_digit_balance,2,+,-,1,3,9,,,,,,,'8;3;+;9;2;=;-;3','8;9;-;9;2;=;-;3'
1179,'19+46=33','79-46=33',op_and_digit_balance,2,+,-,0,1,7,,,,,,,'1;9;+;4;6;=;3;3','7;9;-;4;6;=;3;3'
1180,'46+79=67','48+19=67',digit_to_digit,3,7,1,1,6,8,,,,,,,'4;6;+;7;9;=;6;7','4;8;+;1;9;=;6;7'
1181,'32+50=83','32+50=82',within_digit,7,3,2,,,,,,,,,,'3;2;+;5;0;=;8;3','3;2;+;5;0;=;8;2'
1182,'59=69--10','59-69=-10',swap_-_and_=,2,=,-,5,-,=,,,,,,,'5;9;=;6;9;-;-;1;0','5;9;-;6;9;=;-;1;0'
1183,'89-97=-18','69-87=-18',digit_to_digit,0,8,6,3,9,8,,,,,,,'8;9;-;9;7;=;-;1;8','6;9;-;8;7;=;-;1;8'
1184,'55+47=192','55+47=102',within_digit,7,9,0,,,,,,,,,,'5;5;+;4;7;=;1;9;2','5;5;+;4;7;=;1;0;2'
1185,'57-16=75','91-16=75',digit_to_digit,1,7,1,0,5,9,,,,,,,'5;7;-;1;6;=;7;5','9;1;-;1;6;=;7;5'
1186,'83-35=94','89-35=54',digit_to_digit,6,9,5,1,3,9,,,,,,,'8;3;-;3;5;=;9;4','8;9;-;3;5;=;5;4'
1187,'44-21=85','44+21=65',op_and_digit_balance,6,8,6,2,-,+,,,,,,,'4;4;-;2;1;=;8;5','4;4;+;2;1;=;6;5'
1188,'61+45=196','61+45=106',within_digit,7,9,0,,,,,,,,,,'6;1;+;4;5;=;1;9;6','6;1;+;4;5;=;1;0;6'
1189,'43-87=-32','49-81=-32',digit_to_digit,4,7,1,1,3,9,,,,,,,'4;3;-;8;7;=;-;3;2','4;9;-;8;1;=;-;3;2'
1190,'99+83=772','89+83=172',digit_to_digit,6,7,1,0,9,8,,,,,,,'9;9;+;8;3;=;7;7;2','8;9;+;8;3;=;1;7;2'
1191,'83-82=-3','89-92=-3',digit_to_digit,3,8,9,1,3,9,,,,,,,'8;3;-;8;2;=;-;3','8;9;-;9;2;=;-;3'
1192,'85-98=184','85+99=184',op_and_digit_balance,4,8,9,2,-,+,,,,,,,'8;5;-;9;8;=;1;8;4','8;5;+;9;9;=;1;8;4'
1193,'45-82=-43','49-92=-43',digit_to_digit,3,8,9,1,5,9,,,,,,,'4;5;-;8;2;=;-;4;3','4;9;-;9;2;=;-;4;3'
1194,'12-29=37','12+25=37',op_and_digit_balance,4,9,5,2,-,+,,,,,,,'1;2;-;2;9;=;3;7','1;2;+;2;5;=;3;7'
1195,'32=70--38','32-70=-38',swap_-_and_=,2,=,-,5,-,=,,,,,,,'3;2;=;7;0;-;-;3;8','3;2;-;7;0;=;-;3;8'
1196,'18-60=-112','18-60=-42',four_eleven,7,11,4,,,,,,,,,,'1;8;-;6;0;=;-;11;2','1;8;-;6;0;=;-;4;2'
1197,'93+28=112','83+29=112',digit_to_digit,4,8,9,0,9,8,,,,,,,'9;3;+;2;8;=;11;2','8;3;+;2;9;=;11;2'
1198,'18+13=-55','18-73=-55',op_and_digit_balance,2,+,-,3,1,7,,,,,,,'1;8;+;1;3;=;-;5;5','1;8;-;7;3;=;-;5;5'
1199,'37-88=123','37+86=123',op_and_digit_balance,4,8,6,2,-,+,,,,,,,'3;7;-;8;8;=;1;2;3','3;7;+;8;6;=;1;2;3'
1200,'96+31=61','36+31=67',digit_to_digit,0,9,3,7,1,7,,,,,,,'9;6;+;3;1;=;6;1','3;6;+;3;1;=;6;7'
1201,'15+21=54','75-21=54',op_and_digit_balance,2,+,-,0,1,7,,,,,,,'1;5;+;2;1;=;5;4','7;5;-;2;1;=;5;4'
1202,'62-77=129','52+77=129',op_and_digit_balance,0,6,5,2,-,+,,,,,,,'6;2;-;7;7;=;1;2;9','5;2;+;7;7;=;1;2;9'
1203,'38-28=58','38+20=58',op_and_digit_balance,4,8,0,2,-,+,,,,,,,'3;8;-;2;8;=;5;8','3;8;+;2;0;=;5;8'
1204,'44-19=-95','44-79=-35',digit_to_digit,7,9,3,3,1,7,,,,,,,'4;4;-;1;9;=;-;9;5','4;4;-;7;9;=;-;3;5'
1205,'22-70=82','22+70=92',op_and_digit_balance,6,8,9,2,-,+,,,,,,,'2;2;-;7;0;=;8;2','2;2;+;7;0;=;9;2'
1206,'27+37=-70','27-97=-70',op_and_digit_balance,2,+,-,3,3,9,,,,,,,'2;7;+;3;7;=;-;7;0','2;7;-;9;7;=;-;7;0'
1207,'28+45=78','29+49=78',digit_to_digit,1,8,9,4,5,9,,,,,,,'2;8;+;4;5;=;7;8','2;9;+;4;9;=;7;8'
1208,'19+94=112','19+94=113',within_digit,7,2,3,,,,,,,,,,'1;9;+;9;4;=;11;2','1;9;+;9;4;=;11;3'
1209,'87-52=25','81-52=29',digit_to_digit,1,7,1,7,5,9,,,,,,,'8;7;-;5;2;=;2;5','8;1;-;5;2;=;2;9'
1210,'42-28=78','42+28=70',op_and_digit_balance,7,8,0,2,-,+,,,,,,,'4;2;-;2;8;=;7;8','4;2;+;2;8;=;7;0'
1211,'41-52=-9','47-52=-5',digit_to_digit,7,9,5,1,1,7,,,,,,,'4;1;-;5;2;=;-;9','4;7;-;5;2;=;-;5'
1212,'24+97=131','34+97=131',within_digit,0,2,3,,,,,,,,,,'2;4;+;9;7;=;1;3;1','3;4;+;9;7;=;1;3;1'
1213,'27-75=702','27+75=102',op_and_digit_balance,6,7,1,2,-,+,,,,,,,'2;7;-;7;5;=;7;0;2','2;7;+;7;5;=;1;0;2'
1214,'64-39=-36','64-99=-35',digit_to_digit,8,6,5,3,3,9,,,,,,,'6;4;-;3;9;=;-;3;6','6;4;-;9;9;=;-;3;5'
1215,'77-13=-2','17-19=-2',digit_to_digit,0,7,1,4,3,9,,,,,,,'7;7;-;1;3;=;-;2','1;7;-;1;9;=;-;2'
1216,'76+80=163','75+88=163',digit_to_digit,1,6,5,4,0,8,,,,,,,'7;6;+;8;0;=;1;6;3','7;5;+;8;8;=;1;6;3'
1217,'40+67=116','49+67=116',within_digit,1,0,9,,,,,,,,,,'4;0;+;6;7;=;11;6','4;9;+;6;7;=;11;6'
1218,'44+29=64','44+20=64',within_digit,4,9,0,,,,,,,,,,'4;4;+;2;9;=;6;4','4;4;+;2;0;=;6;4'
1219,'93+16=67','83-16=67',op_and_digit_balance,2,+,-,0,9,8,,,,,,,'9;3;+;1;6;=;6;7','8;3;-;1;6;=;6;7'
1220,'21=53--32','21-53=-32',swap_-_and_=,2,=,-,5,-,=,,,,,,,'2;1;=;5;3;-;-;3;2','2;1;-;5;3;=;-;3;2'
1221,'95+47=83','36+47=83',digit_to_digit,0,9,3,1,5,6,,,,,,,'9;5;+;4;7;=;8;3','3;6;+;4;7;=;8;3'
1222,'44-63=187','44+63=107',op_and_digit_balance,7,8,0,2,-,+,,,,,,,'4;4;-;6;3;=;1;8;7','4;4;+;6;3;=;1;0;7'
1223,'79+78=148','70+78=148',within_digit,1,9,0,,,,,,,,,,'7;9;+;7;8;=;1;4;8','7;0;+;7;8;=;1;4;8'
1224,'80+92=-2','80-82=-2',op_and_digit_balance,2,+,-,3,9,8,,,,,,,'8;0;+;9;2;=;-;2','8;0;-;8;2;=;-;2'
1225,'72-89=181','72+89=161',op_and_digit_balance,7,8,6,2,-,+,,,,,,,'7;2;-;8;9;=;1;8;1','7;2;+;8;9;=;1;6;1'
1226,'27+61=-54','27-81=-54',op_and_digit_balance,2,+,-,3,6,8,,,,,,,'2;7;+;6;1;=;-;5;4','2;7;-;8;1;=;-;5;4'
1227,'90+28=70','98-28=70',op_and_digit_balance,2,+,-,1,0,8,,,,,,,'9;0;+;2;8;=;7;0','9;8;-;2;8;=;7;0'
1228,'77+91=114','77+37=114',digit_to_digit,3,9,3,4,1,7,,,,,,,'7;7;+;9;1;=;11;4','7;7;+;3;7;=;11;4'
1229,'47+48=99','41+48=89',digit_to_digit,1,7,1,6,9,8,,,,,,,'4;7;+;4;8;=;9;9','4;1;+;4;8;=;8;9'
1230,'71-39=106','71+35=106',op_and_digit_balance,4,9,5,2,-,+,,,,,,,'7;1;-;3;9;=;1;0;6','7;1;+;3;5;=;1;0;6'
1231,'72-95=33','72-39=33',digit_to_digit,3,9,3,4,5,9,,,,,,,'7;2;-;9;5;=;3;3','7;2;-;3;9;=;3;3'
1232,'19-82=701','19+82=101',op_and_digit_balance,6,7,1,2,-,+,,,,,,,'1;9;-;8;2;=;7;0;1','1;9;+;8;2;=;1;0;1'
1233,'22+59=-31','22-59=-37',op_and_digit_balance,2,+,-,8,1,7,,,,,,,'2;2;+;5;9;=;-;3;1','2;2;-;5;9;=;-;3;7'
1234,'37-23=2','31-29=2',digit_to_digit,1,7,1,4,3,9,,,,,,,'3;7;-;2;3;=;2','3;1;-;2;9;=;2'
1235,'35+97=-58','39-97=-58',op_and_digit_balance,2,+,-,1,5,9,,,,,,,'3;5;+;9;7;=;-;5;8','3;9;-;9;7;=;-;5;8'
1236,'64+27=31','64-27=37',op_and_digit_balance,2,+,-,7,1,7,,,,,,,'6;4;+;2;7;=;3;1','6;4;-;2;7;=;3;7'
1237,'96-59=38','98-59=39',within_digit,7,8,9,1,6,8,,,,,,,'9;6;-;5;9;=;3;8','9;8;-;5;9;=;3;9'
1238,'40+49=-8','40-48=-8',op_and_digit_balance,2,+,-,4,9,8,,,,,,,'4;0;+;4;9;=;-;8','4;0;-;4;8;=;-;8'
1239,'46+66=42','46+66=112',four_eleven,6,4,11,,,,,,,,,,'4;6;+;6;6;=;4;2','4;6;+;6;6;=;11;2'
1240,'12+45=27','72-45=27',op_and_digit_balance,2,+,-,0,1,7,,,,,,,'1;2;+;4;5;=;2;7','7;2;-;4;5;=;2;7'
1241,'65+34=35','69-34=35',op_and_digit_balance,2,+,-,1,5,9,,,,,,,'6;5;+;3;4;=;3;5','6;9;-;3;4;=;3;5'
1242,'47+89=127','47+80=127',within_digit,4,9,0,,,,,,,,,,'4;7;+;8;9;=;1;2;7','4;7;+;8;0;=;1;2;7'
1243,'56+24=42','66-24=42',op_and_digit_balance,2,+,-,0,5,6,,,,,,,'5;6;+;2;4;=;4;2','6;6;-;2;4;=;4;2'
1244,'66+52=127','65+62=127',digit_to_digit,1,6,5,3,5,6,,,,,,,'6;6;+;5;2;=;1;2;7','6;5;+;6;2;=;1;2;7'
1245,'36-98=94','36+58=94',op_and_digit_balance,3,9,5,2,-,+,,,,,,,'3;6;-;9;8;=;9;4','3;6;+;5;8;=;9;4'
1246,'78-61=140','79+61=140',op_and_digit_balance,1,8,9,2,-,+,,,,,,,'7;8;-;6;1;=;1;4;0','7;9;+;6;1;=;1;4;0'
1247,'15+38=55','19+36=55',digit_to_digit,4,8,6,1,5,9,,,,,,,'1;5;+;3;8;=;5;5','1;9;+;3;6;=;5;5'
1248,'45+61=-12','49-61=-12',op_and_digit_balance,2,+,-,1,5,9,,,,,,,'4;5;+;6;1;=;-;1;2','4;9;-;6;1;=;-;1;2'
1249,'34+89=113','24+89=113',within_digit,0,3,2,,,,,,,,,,'3;4;+;8;9;=;11;3','2;4;+;8;9;=;11;3'
1250,'36-63=98','35+63=98',op_and_digit_balance,1,6,5,2,-,+,,,,,,,'3;6;-;6;3;=;9;8','3;5;+;6;3;=;9;8'
1251,'53+41=22','63-41=22',op_and_digit_balance,2,+,-,0,5,6,,,,,,,'5;3;+;4;1;=;2;2','6;3;-;4;1;=;2;2'
1252,'61-68=23','81-58=23',digit_to_digit,3,6,5,0,6,8,,,,,,,'6;1;-;6;8;=;2;3','8;1;-;5;8;=;2;3'
1253,'32-97=1','92-91=1',digit_to_digit,4,7,1,0,3,9,,,,,,,'3;2;-;9;7;=;1','9;2;-;9;1;=;1'
1254,'50-28=40','60-20=40',digit_to_digit,4,8,0,0,5,6,,,,,,,'5;0;-;2;8;=;4;0','6;0;-;2;0;=;4;0'
1255,'85-46=29','85-46=39',within_digit,6,2,3,,,,,,,,,,'8;5;-;4;6;=;2;9','8;5;-;4;6;=;3;9'
1256,'28+40=78','28+48=76',digit_to_digit,7,8,6,4,0,8,,,,,,,'2;8;+;4;0;=;7;8','2;8;+;4;8;=;7;6'
1257,'38-59=-28','38-58=-20',digit_to_digit,8,8,0,4,9,8,,,,,,,'3;8;-;5;9;=;-;2;8','3;8;-;5;8;=;-;2;0'
1258,'94-15=-41','34-75=-41',digit_to_digit,0,9,3,3,1,7,,,,,,,'9;4;-;1;5;=;-;4;1','3;4;-;7;5;=;-;4;1'
1259,'81-38=-18','81-99=-18',digit_to_digit,4,8,9,3,3,9,,,,,,,'8;1;-;3;8;=;-;1;8','8;1;-;9;9;=;-;1;8'
1260,'84=24-60','84-24=60',swap_-_and_=,2,=,-,5,-,=,,,,,,,'8;4;=;2;4;-;6;0','8;4;-;2;4;=;6;0'
1261,'62+69=141','82+59=141',digit_to_digit,3,6,5,0,6,8,,,,,,,'6;2;+;6;9;=;1;4;1','8;2;+;5;9;=;1;4;1'
1262,'32+50=-28','32-60=-28',op_and_digit_balance,2,+,-,3,5,6,,,,,,,'3;2;+;5;0;=;-;2;8','3;2;-;6;0;=;-;2;8'
1263,'43+81=190','49+81=130',digit_to_digit,7,9,3,1,3,9,,,,,,,'4;3;+;8;1;=;1;9;0','4;9;+;8;1;=;1;3;0'
1264,'25-85=-44','25-69=-44',digit_to_digit,3,8,6,4,5,9,,,,,,,'2;5;-;8;5;=;-;4;4','2;5;-;6;9;=;-;4;4'
1265,'98=29-69','98-29=69',swap_-_and_=,2,=,-,5,-,=,,,,,,,'9;8;=;2;9;-;6;9','9;8;-;2;9;=;6;9'
1266,'31+62=98','37+62=99',digit_to_digit,7,8,9,1,1,7,,,,,,,'3;1;+;6;2;=;9;8','3;7;+;6;2;=;9;9'
1267,'51+18=71','61+10=71',digit_to_digit,4,8,0,0,5,6,,,,,,,'5;1;+;1;8;=;7;1','6;1;+;1;0;=;7;1'
1268,'54+21=43','64-21=43',op_and_digit_balance,2,+,-,0,5,6,,,,,,,'5;4;+;2;1;=;4;3','6;4;-;2;1;=;4;3'
1269,'94-70=34','94-70=24',within_digit,6,3,2,,,,,,,,,,'9;4;-;7;0;=;3;4','9;4;-;7;0;=;2;4'
1270,'29+75=-45','29-75=-46',op_and_digit_balance,2,+,-,8,5,6,,,,,,,'2;9;+;7;5;=;-;4;5','2;9;-;7;5;=;-;4;6'
1271,'56-74=-76','58-74=-16',digit_to_digit,7,7,1,1,6,8,,,,,,,'5;6;-;7;4;=;-;7;6','5;8;-;7;4;=;-;1;6'
1272,'64+82=125','64+62=126',digit_to_digit,3,8,6,8,5,6,,,,,,,'6;4;+;8;2;=;1;2;5','6;4;+;6;2;=;1;2;6'
1273,'82-10=73','83-10=73',within_digit,1,2,3,,,,,,,,,,'8;2;-;1;0;=;7;3','8;3;-;1;0;=;7;3'
1274,'45+29=711','45+29=74',four_eleven,7,11,4,,,,,,,,,,'4;5;+;2;9;=;7;11','4;5;+;2;9;=;7;4'
1275,'63-69=4','69-65=4',digit_to_digit,4,9,5,1,3,9,,,,,,,'6;3;-;6;9;=;4','6;9;-;6;5;=;4'
1276,'87-32=118','87+32=119',op_and_digit_balance,7,8,9,2,-,+,,,,,,,'8;7;-;3;2;=;11;8','8;7;+;3;2;=;11;9'
1277,'85+24=62','86-24=62',op_and_digit_balance,2,+,-,1,5,6,,,,,,,'8;5;+;2;4;=;6;2','8;6;-;2;4;=;6;2'
1278,'78-34=113','79+34=113',op_and_digit_balance,1,8,9,2,-,+,,,,,,,'7;8;-;3;4;=;11;3','7;9;+;3;4;=;11;3'
1279,'20-48=88','20+48=68',op_and_digit_balance,6,8,6,2,-,+,,,,,,,'2;0;-;4;8;=;8;8','2;0;+;4;8;=;6;8'
1280,'63+31=52','83-31=52',op_and_digit_balance,2,+,-,0,6,8,,,,,,,'6;3;+;3;1;=;5;2','8;3;-;3;1;=;5;2'
1281,'11+17=82','11+71=82',digit_to_digit,3,7,1,2,1,7,,,,,,,'11;+;1;7;=;8;2','11;+;7;1;=;8;2'
1282,'23-85=-63','22-85=-63',within_digit,1,3,2,,,,,,,,,,'2;3;-;8;5;=;-;6;3','2;2;-;8;5;=;-;6;3'
1283,'69-12=75','63+12=75',op_and_digit_balance,1,9,3,2,-,+,,,,,,,'6;9;-;1;2;=;7;5','6;3;+;1;2;=;7;5'
1284,'63-68=191','63+68=131',op_and_digit_balance,7,9,3,2,-,+,,,,,,,'6;3;-;6;8;=;1;9;1','6;3;+;6;8;=;1;3;1'
1285,'10+84=754','70+84=154',digit_to_digit,6,7,1,0,1,7,,,,,,,'1;0;+;8;4;=;7;5;4','7;0;+;8;4;=;1;5;4'
1286,'39+13=54','35+19=54',digit_to_digit,1,9,5,4,3,9,,,,,,,'3;9;+;1;3;=;5;4','3;5;+;1;9;=;5;4'
1287,'61+21=34','61-27=34',op_and_digit_balance,2,+,-,4,1,7,,,,,,,'6;1;+;2;1;=;3;4','6;1;-;2;7;=;3;4'
1288,'88-17=17','88-71=17',digit_to_digit,4,7,1,3,1,7,,,,,,,'8;8;-;1;7;=;1;7','8;8;-;7;1;=;1;7'
1289,'58-40=70','58-48=10',digit_to_digit,6,7,1,4,0,8,,,,,,,'5;8;-;4;0;=;7;0','5;8;-;4;8;=;1;0'
1290,'29-27=66','29+27=56',op_and_digit_balance,6,6,5,2,-,+,,,,,,,'2;9;-;2;7;=;6;6','2;9;+;2;7;=;5;6'
1291,'91+95=2','97-95=2',op_and_digit_balance,2,+,-,1,1,7,,,,,,,'9;1;+;9;5;=;2','9;7;-;9;5;=;2'
1292,'28+93=131','38+93=131',within_digit,0,2,3,,,,,,,,,,'2;8;+;9;3;=;1;3;1','3;8;+;9;3;=;1;3;1'
1293,'20+73=92','20+72=92',within_digit,4,3,2,,,,,,,,,,'2;0;+;7;3;=;9;2','2;0;+;7;2;=;9;2'
1294,'44-39=89','44+39=83',op_and_digit_balance,7,9,3,2,-,+,,,,,,,'4;4;-;3;9;=;8;9','4;4;+;3;9;=;8;3'
1295,'12=41--29','12-41=-29',swap_-_and_=,2,=,-,5,-,=,,,,,,,'1;2;=;4;1;-;-;2;9','1;2;-;4;1;=;-;2;9'
1296,'41-88=-40','41-89=-48',digit_to_digit,4,8,9,8,0,8,,,,,,,'4;1;-;8;8;=;-;4;0','4;1;-;8;9;=;-;4;8'
1297,'56-40=78','58-40=18',digit_to_digit,6,7,1,1,6,8,,,,,,,'5;6;-;4;0;=;7;8','5;8;-;4;0;=;1;8'
1298,'81-24=83','87-24=63',digit_to_digit,6,8,6,1,1,7,,,,,,,'8;1;-;2;4;=;8;3','8;7;-;2;4;=;6;3'
1299,'48+14=50','46+14=60',digit_to_digit,1,8,6,6,5,6,,,,,,,'4;8;+;1;4;=;5;0','4;6;+;1;4;=;6;0'
1300,'77=60-17','77-60=17',swap_-_and_=,2,=,-,5,-,=,,,,,,,'7;7;=;6;0;-;1;7','7;7;-;6;0;=;1;7'
1301,'91+35=136','91+35=126',within_digit,7,3,2,,,,,,,,,,'9;1;+;3;5;=;1;3;6','9;1;+;3;5;=;1;2;6'
1302,'56-73=-19','55-73=-18',digit_to_digit,1,6,5,8,9,8,,,,,,,'5;6;-;7;3;=;-;1;9','5;5;-;7;3;=;-;1;8'
1303,'14-70=24','14+10=24',op_and_digit_balance,3,7,1,2,-,+,,,,,,,'1;4;-;7;0;=;2;4','1;4;+;1;0;=;2;4'
1304,'19-65=8','73-65=8',digit_to_digit,1,9,3,0,1,7,,,,,,,'1;9;-;6;5;=;8','7;3;-;6;5;=;8'
1305,'28+49=74','26+48=74',digit_to_digit,1,8,6,4,9,8,,,,,,,'2;8;+;4;9;=;7;4','2;6;+;4;8;=;7;4'
1306,'10-14=96','70-14=56',digit_to_digit,6,9,5,0,1,7,,,,,,,'1;0;-;1;4;=;9;6','7;0;-;1;4;=;5;6'
1307,'59-63=5','58-53=5',digit_to_digit,3,6,5,1,9,8,,,,,,,'5;9;-;6;3;=;5','5;8;-;5;3;=;5'
1308,'59-41=54','95-41=54',digit_to_digit,1,9,5,0,5,9,,,,,,,'5;9;-;4;1;=;5;4','9;5;-;4;1;=;5;4'
1309,'37-37=68','37+31=68',op_and_digit_balance,4,7,1,2,-,+,,,,,,,'3;7;-;3;7;=;6;8','3;7;+;3;1;=;6;8'
1310,'80+23=51','80-23=57',op_and_digit_balance,2,+,-,7,1,7,,,,,,,'8;0;+;2;3;=;5;1','8;0;-;2;3;=;5;7'
1311,'12+31=41','72-31=41',op_and_digit_balance,2,+,-,0,1,7,,,,,,,'1;2;+;3;1;=;4;1','7;2;-;3;1;=;4;1'
1312,'86-57=743','86+57=143',op_and_digit_balance,6,7,1,2,-,+,,,,,,,'8;6;-;5;7;=;7;4;3','8;6;+;5;7;=;1;4;3'
1313,'29+44=-16','28-44=-16',op_and_digit_balance,2,+,-,1,9,8,,,,,,,'2;9;+;4;4;=;-;1;6','2;8;-;4;4;=;-;1;6'
1314,'16=91--75','16-91=-75',swap_-_and_=,2,=,-,5,-,=,,,,,,,'1;6;=;9;1;-;-;7;5','1;6;-;9;1;=;-;7;5'
1315,'78+48=121','78+49=127',digit_to_digit,4,8,9,8,1,7,,,,,,,'7;8;+;4;8;=;1;2;1','7;8;+;4;9;=;1;2;7'
1316,'94-95=-51','34-95=-61',digit_to_digit,0,9,3,7,5,6,,,,,,,'9;4;-;9;5;=;-;5;1','3;4;-;9;5;=;-;6;1'
1317,'76-36=111','76+35=111',op_and_digit_balance,4,6,5,2,-,+,,,,,,,'7;6;-;3;6;=;1;11','7;6;+;3;5;=;1;11'
1318,'74-43=-35','14-49=-35',digit_to_digit,0,7,1,4,3,9,,,,,,,'7;4;-;4;3;=;-;3;5','1;4;-;4;9;=;-;3;5'
1319,'33+53=82','39+53=92',digit_to_digit,6,8,9,1,3,9,,,,,,,'3;3;+;5;3;=;8;2','3;9;+;5;3;=;9;2'
1320,'66+97=753','66+97=163',digit_to_digit,6,7,1,7,5,6,,,,,,,'6;6;+;9;7;=;7;5;3','6;6;+;9;7;=;1;6;3'
1321,'98-95=2','98-95=3',within_digit,6,2,3,,,,,,,,,,'9;8;-;9;5;=;2','9;8;-;9;5;=;3'
1322,'13-47=-35','12-47=-35',within_digit,1,3,2,,,,,,,,,,'1;3;-;4;7;=;-;3;5','1;2;-;4;7;=;-;3;5'
1323,'15-86=-79','15-88=-73',digit_to_digit,8,9,3,4,6,8,,,,,,,'1;5;-;8;6;=;-;7;9','1;5;-;8;8;=;-;7;3'
1324,'55+57=722','65+57=122',digit_to_digit,6,7,1,0,5,6,,,,,,,'5;5;+;5;7;=;7;2;2','6;5;+;5;7;=;1;2;2'
1325,'26+36=51','25+36=61',digit_to_digit,1,6,5,6,5,6,,,,,,,'2;6;+;3;6;=;5;1','2;5;+;3;6;=;6;1'
1326,'27-49=-27','27-48=-21',digit_to_digit,8,7,1,4,9,8,,,,,,,'2;7;-;4;9;=;-;2;7','2;7;-;4;8;=;-;2;1'
1327,'81+51=118','61+57=118',digit_to_digit,0,8,6,4,1,7,,,,,,,'8;1;+;5;1;=;11;8','6;1;+;5;7;=;11;8'
1328,'10=32--22','10-32=-22',swap_-_and_=,2,=,-,5,-,=,,,,,,,'1;0;=;3;2;-;-;2;2','1;0;-;3;2;=;-;2;2'
1329,'78+22=52','70+22=92',digit_to_digit,1,8,0,6,5,9,,,,,,,'7;8;+;2;2;=;5;2','7;0;+;2;2;=;9;2'
1330,'67-66=123','57+66=123',op_and_digit_balance,0,6,5,2,-,+,,,,,,,'6;7;-;6;6;=;1;2;3','5;7;+;6;6;=;1;2;3'
1331,'31+13=24','37-13=24',op_and_digit_balance,2,+,-,1,1,7,,,,,,,'3;1;+;1;3;=;2;4','3;7;-;1;3;=;2;4'
1332,'69+60=-11','69-80=-11',op_and_digit_balance,2,+,-,3,6,8,,,,,,,'6;9;+;6;0;=;-;11','6;9;-;8;0;=;-;11'
1333,'37+73=40','37+73=110',four_eleven,6,4,11,,,,,,,,,,'3;7;+;7;3;=;4;0','3;7;+;7;3;=;11;0'
1334,'98-90=788','98+90=188',op_and_digit_balance,6,7,1,2,-,+,,,,,,,'9;8;-;9;0;=;7;8;8','9;8;+;9;0;=;1;8;8'
1335,'38+22=112','90+22=112',digit_to_digit,1,8,0,0,3,9,,,,,,,'3;8;+;2;2;=;11;2','9;0;+;2;2;=;11;2'
1336,'18+79=151','78+73=151',digit_to_digit,4,9,3,0,1,7,,,,,,,'1;8;+;7;9;=;1;5;1','7;8;+;7;3;=;1;5;1'
1337,'50+99=-9','90-99=-9',op_and_digit_balance,2,+,-,0,5,9,,,,,,,'5;0;+;9;9;=;-;9','9;0;-;9;9;=;-;9'
1338,'84-35=53','94-35=59',digit_to_digit,0,8,9,7,3,9,,,,,,,'8;4;-;3;5;=;5;3','9;4;-;3;5;=;5;9'
1339,'29=90--61','29-90=-61',swap_-_and_=,2,=,-,5,-,=,,,,,,,'2;9;=;9;0;-;-;6;1','2;9;-;9;0;=;-;6;1'
1340,'47-76=117','41+76=117',op_and_digit_balance,1,7,1,2,-,+,,,,,,,'4;7;-;7;6;=;11;7','4;1;+;7;6;=;11;7'
1341,'81+14=61','81-14=67',op_and_digit_balance,2,+,-,7,1,7,,,,,,,'8;1;+;1;4;=;6;1','8;1;-;1;4;=;6;7'
1342,'27-28=59','27+28=55',op_and_digit_balance,7,9,5,2,-,+,,,,,,,'2;7;-;2;8;=;5;9','2;7;+;2;8;=;5;5'
1343,'41-49=84','41+43=84',op_and_digit_balance,4,9,3,2,-,+,,,,,,,'4;1;-;4;9;=;8;4','4;1;+;4;3;=;8;4'
1344,'89+94=763','89+94=183',digit_to_digit,6,7,1,7,6,8,,,,,,,'8;9;+;9;4;=;7;6;3','8;9;+;9;4;=;1;8;3'
1345,'49+22=21','49-22=27',op_and_digit_balance,2,+,-,7,1,7,,,,,,,'4;9;+;2;2;=;2;1','4;9;-;2;2;=;2;7'
1346,'14+29=34','14+20=34',within_digit,4,9,0,,,,,,,,,,'1;4;+;2;9;=;3;4','1;4;+;2;0;=;3;4'
1347,'69-52=71','69-52=17',digit_to_digit,6,7,1,7,1,7,,,,,,,'6;9;-;5;2;=;7;1','6;9;-;5;2;=;1;7'
1348,'34+45=49','94-45=49',op_and_digit_balance,2,+,-,0,3,9,,,,,,,'3;4;+;4;5;=;4;9','9;4;-;4;5;=;4;9'
1349,'30-21=91','30+21=51',op_and_digit_balance,6,9,5,2,-,+,,,,,,,'3;0;-;2;1;=;9;1','3;0;+;2;1;=;5;1'
1350,'13=74--61','13-74=-61',swap_-_and_=,2,=,-,5,-,=,,,,,,,'1;3;=;7;4;-;-;6;1','1;3;-;7;4;=;-;6;1'
1351,'43-87=124','43+81=124',op_and_digit_balance,4,7,1,2,-,+,,,,,,,'4;3;-;8;7;=;1;2;4','4;3;+;8;1;=;1;2;4'
1352,'75-20=-1','19-20=-1',digit_to_digit,0,7,1,1,5,9,,,,,,,'7;5;-;2;0;=;-;1','1;9;-;2;0;=;-;1'
1353,'26+70=58','26+70=96',digit_to_digit,7,8,6,6,5,9,,,,,,,'2;6;+;7;0;=;5;8','2;6;+;7;0;=;9;6'
1354,'22-70=82','22+70=92',op_and_digit_balance,6,8,9,2,-,+,,,,,,,'2;2;-;7;0;=;8;2','2;2;+;7;0;=;9;2'
1355,'54+86=149','54+86=140',within_digit,8,9,0,,,,,,,,,,'5;4;+;8;6;=;1;4;9','5;4;+;8;6;=;1;4;0'
1356,'19+93=-14','79-93=-14',op_and_digit_balance,2,+,-,0,1,7,,,,,,,'1;9;+;9;3;=;-;1;4','7;9;-;9;3;=;-;1;4'
1357,'35+46=140','95+45=140',digit_to_digit,4,6,5,0,3,9,,,,,,,'3;5;+;4;6;=;1;4;0','9;5;+;4;5;=;1;4;0'
1358,'44-82=-46','44-92=-48',digit_to_digit,3,8,9,8,6,8,,,,,,,'4;4;-;8;2;=;-;4;6','4;4;-;9;2;=;-;4;8'
1359,'32-88=3','92-89=3',digit_to_digit,4,8,9,0,3,9,,,,,,,'3;2;-;8;8;=;3','9;2;-;8;9;=;3'
1360,'75-78=159','75+78=153',op_and_digit_balance,8,9,3,2,-,+,,,,,,,'7;5;-;7;8;=;1;5;9','7;5;+;7;8;=;1;5;3'
1361,'97=13-84','97-13=84',swap_-_and_=,2,=,-,5,-,=,,,,,,,'9;7;=;1;3;-;8;4','9;7;-;1;3;=;8;4'
1362,'50+23=21','50-23=27',op_and_digit_balance,2,+,-,7,1,7,,,,,,,'5;0;+;2;3;=;2;1','5;0;-;2;3;=;2;7'
1363,'65+98=-29','69-98=-29',op_and_digit_balance,2,+,-,1,5,9,,,,,,,'6;5;+;9;8;=;-;2;9','6;9;-;9;8;=;-;2;9'
1364,'88-32=720','88+32=120',op_and_digit_balance,6,7,1,2,-,+,,,,,,,'8;8;-;3;2;=;7;2;0','8;8;+;3;2;=;1;2;0'
1365,'24=78--54','24-78=-54',swap_-_and_=,2,=,-,5,-,=,,,,,,,'2;4;=;7;8;-;-;5;4','2;4;-;7;8;=;-;5;4'
1366,'12=81--69','12-81=-69',swap_-_and_=,2,=,-,5,-,=,,,,,,,'1;2;=;8;1;-;-;6;9','1;2;-;8;1;=;-;6;9'
1367,'60-90=750','60+90=150',op_and_digit_balance,6,7,1,2,-,+,,,,,,,'6;0;-;9;0;=;7;5;0','6;0;+;9;0;=;1;5;0'
1368,'79+75=95','19+76=95',digit_to_digit,0,7,1,4,5,6,,,,,,,'7;9;+;7;5;=;9;5','1;9;+;7;6;=;9;5'
1369,'50+75=55','50+15=65',digit_to_digit,3,7,1,6,5,6,,,,,,,'5;0;+;7;5;=;5;5','5;0;+;1;5;=;6;5'
1370,'56-93=-39','55-93=-38',digit_to_digit,1,6,5,8,9,8,,,,,,,'5;6;-;9;3;=;-;3;9','5;5;-;9;3;=;-;3;8'
1371,'33+93=92','39+53=92',digit_to_digit,3,9,5,1,3,9,,,,,,,'3;3;+;9;3;=;9;2','3;9;+;5;3;=;9;2'
1372,'31+83=-58','31-89=-58',op_and_digit_balance,2,+,-,4,3,9,,,,,,,'3;1;+;8;3;=;-;5;8','3;1;-;8;9;=;-;5;8'
1373,'30-81=29','90-61=29',digit_to_digit,3,8,6,0,3,9,,,,,,,'3;0;-;8;1;=;2;9','9;0;-;6;1;=;2;9'
1374,'79-36=113','79-36=43',four_eleven,6,11,4,,,,,,,,,,'7;9;-;3;6;=;11;3','7;9;-;3;6;=;4;3'
1375,'93+59=35','93-58=35',op_and_digit_balance,2,+,-,4,9,8,,,,,,,'9;3;+;5;9;=;3;5','9;3;-;5;8;=;3;5'
1376,'13+42=31','73-42=31',op_and_digit_balance,2,+,-,0,1,7,,,,,,,'1;3;+;4;2;=;3;1','7;3;-;4;2;=;3;1'
1377,'48+78=116','48+70=118',digit_to_digit,4,8,0,7,6,8,,,,,,,'4;8;+;7;8;=;11;6','4;8;+;7;0;=;11;8'
1378,'99+42=132','90+42=132',within_digit,1,9,0,,,,,,,,,,'9;9;+;4;2;=;1;3;2','9;0;+;4;2;=;1;3;2'
1379,'14+48=114','74+40=114',digit_to_digit,4,8,0,0,1,7,,,,,,,'1;4;+;4;8;=;11;4','7;4;+;4;0;=;11;4'
1380,'57+16=77','61+16=77',digit_to_digit,1,7,1,0,5,6,,,,,,,'5;7;+;1;6;=;7;7','6;1;+;1;6;=;7;7'
1381,'15+32=43','75-32=43',op_and_digit_balance,2,+,-,0,1,7,,,,,,,'1;5;+;3;2;=;4;3','7;5;-;3;2;=;4;3'
1382,'79-19=51','70-19=51',within_digit,1,9,0,,,,,,,,,,'7;9;-;1;9;=;5;1','7;0;-;1;9;=;5;1'
1383,'89-10=15','85-70=15',digit_to_digit,1,9,5,3,1,7,,,,,,,'8;9;-;1;0;=;1;5','8;5;-;7;0;=;1;5'
1384,'78-97=167','70+97=167',op_and_digit_balance,1,8,0,2,-,+,,,,,,,'7;8;-;9;7;=;1;6;7','7;0;+;9;7;=;1;6;7'
1385,'22-48=78','22+48=70',op_and_digit_balance,7,8,0,2,-,+,,,,,,,'2;2;-;4;8;=;7;8','2;2;+;4;8;=;7;0'
1386,'29=31--2','29-31=-2',swap_-_and_=,2,=,-,5,-,=,,,,,,,'2;9;=;3;1;-;-;2','2;9;-;3;1;=;-;2'
1387,'38+58=-30','38-68=-30',op_and_digit_balance,2,+,-,3,5,6,,,,,,,'3;8;+;5;8;=;-;3;0','3;8;-;6;8;=;-;3;0'
1388,'25+59=-33','25-58=-33',op_and_digit_balance,2,+,-,4,9,8,,,,,,,'2;5;+;5;9;=;-;3;3','2;5;-;5;8;=;-;3;3'
1389,'80+66=12','80-68=12',op_and_digit_balance,2,+,-,4,6,8,,,,,,,'8;0;+;6;6;=;1;2','8;0;-;6;8;=;1;2'
1390,'98-75=19','88-75=13',digit_to_digit,7,9,3,0,9,8,,,,,,,'9;8;-;7;5;=;1;9','8;8;-;7;5;=;1;3'
1391,'92+41=13','32+41=73',digit_to_digit,0,9,3,6,1,7,,,,,,,'9;2;+;4;1;=;1;3','3;2;+;4;1;=;7;3'
1392,'41-43=-1','41-42=-1',within_digit,4,3,2,,,,,,,,,,'4;1;-;4;3;=;-;1','4;1;-;4;2;=;-;1'
1393,'54+32=32','64-32=32',op_and_digit_balance,2,+,-,0,5,6,,,,,,,'5;4;+;3;2;=;3;2','6;4;-;3;2;=;3;2'
1394,'31+61=30','91-61=30',op_and_digit_balance,2,+,-,0,3,9,,,,,,,'3;1;+;6;1;=;3;0','9;1;-;6;1;=;3;0'
1395,'45-92=-48','46-92=-46',digit_to_digit,8,8,6,1,5,6,,,,,,,'4;5;-;9;2;=;-;4;8','4;6;-;9;2;=;-;4;6'
1396,'99-95=134','39+95=134',op_and_digit_balance,0,9,3,2,-,+,,,,,,,'9;9;-;9;5;=;1;3;4','3;9;+;9;5;=;1;3;4'
1397,'83+45=44','89-45=44',op_and_digit_balance,2,+,-,1,3,9,,,,,,,'8;3;+;4;5;=;4;4','8;9;-;4;5;=;4;4'
1398,'37-72=-25','37-72=-35',within_digit,7,2,3,,,,,,,,,,'3;7;-;7;2;=;-;2;5','3;7;-;7;2;=;-;3;5'
1399,'58+51=107','50+57=107',digit_to_digit,1,8,0,4,1,7,,,,,,,'5;8;+;5;1;=;1;0;7','5;0;+;5;7;=;1;0;7'
1400,'77-47=118','71+47=118',op_and_digit_balance,1,7,1,2,-,+,,,,,,,'7;7;-;4;7;=;11;8','7;1;+;4;7;=;11;8'
1401,'82+65=131','82+55=137',digit_to_digit,3,6,5,8,1,7,,,,,,,'8;2;+;6;5;=;1;3;1','8;2;+;5;5;=;1;3;7'
1402,'43=42-1','43-42=1',swap_-_and_=,2,=,-,5,-,=,,,,,,,'4;3;=;4;2;-;1','4;3;-;4;2;=;1'
1403,'16-84=-46','18-64=-46',digit_to_digit,3,8,6,1,6,8,,,,,,,'1;6;-;8;4;=;-;4;6','1;8;-;6;4;=;-;4;6'
1404,'41+53=704','41+63=104',digit_to_digit,6,7,1,3,5,6,,,,,,,'4;1;+;5;3;=;7;0;4','4;1;+;6;3;=;1;0;4'
1405,'90-81=0','90-81=9',within_digit,6,0,9,,,,,,,,,,'9;0;-;8;1;=;0','9;0;-;8;1;=;9'
1406,'49+37=77','40+37=77',within_digit,1,9,0,,,,,,,,,,'4;9;+;3;7;=;7;7','4;0;+;3;7;=;7;7'
1407,'42+35=1','42-35=7',op_and_digit_balance,2,+,-,6,1,7,,,,,,,'4;2;+;3;5;=;1','4;2;-;3;5;=;7'
1408,'87+38=-11','87-98=-11',op_and_digit_balance,2,+,-,3,3,9,,,,,,,'8;7;+;3;8;=;-;11','8;7;-;9;8;=;-;11'
1409,'20-76=86','20+76=96',op_and_digit_balance,6,8,9,2,-,+,,,,,,,'2;0;-;7;6;=;8;6','2;0;+;7;6;=;9;6'
1410,'55-22=97','59-22=37',digit_to_digit,6,9,3,1,5,9,,,,,,,'5;5;-;2;2;=;9;7','5;9;-;2;2;=;3;7'
1411,'22=99--77','22-99=-77',swap_-_and_=,2,=,-,5,-,=,,,,,,,'2;2;=;9;9;-;-;7;7','2;2;-;9;9;=;-;7;7'
1412,'41+81=-34','47-81=-34',op_and_digit_balance,2,+,-,1,1,7,,,,,,,'4;1;+;8;1;=;-;3;4','4;7;-;8;1;=;-;3;4'
1413,'10+25=-16','10-26=-16',op_and_digit_balance,2,+,-,4,5,6,,,,,,,'1;0;+;2;5;=;-;1;6','1;0;-;2;6;=;-;1;6'
1414,'84+35=130','94+36=130',digit_to_digit,0,8,9,4,5,6,,,,,,,'8;4;+;3;5;=;1;3;0','9;4;+;3;6;=;1;3;0'
1415,'70-36=311','70-36=34',four_eleven,7,11,4,,,,,,,,,,'7;0;-;3;6;=;3;11','7;0;-;3;6;=;3;4'
1416,'32-13=73','32-13=19',digit_to_digit,6,7,1,7,3,9,,,,,,,'3;2;-;1;3;=;7;3','3;2;-;1;3;=;1;9'
1417,'37+32=59','27+32=59',within_digit,0,3,2,,,,,,,,,,'3;7;+;3;2;=;5;9','2;7;+;3;2;=;5;9'
1418,'78+69=187','78+89=167',digit_to_digit,7,8,6,3,6,8,,,,,,,'7;8;+;6;9;=;1;8;7','7;8;+;8;9;=;1;6;7'
1419,'95+71=112','35+77=112',digit_to_digit,0,9,3,4,1,7,,,,,,,'9;5;+;7;1;=;11;2','3;5;+;7;7;=;11;2'
1420,'90+17=13','90-17=73',op_and_digit_balance,2,+,-,6,1,7,,,,,,,'9;0;+;1;7;=;1;3','9;0;-;1;7;=;7;3'
1421,'26-37=-4','26-37=-11',four_eleven,7,4,11,,,,,,,,,,'2;6;-;3;7;=;-;4','2;6;-;3;7;=;-;11'
1422,'26+88=117','28+89=117',digit_to_digit,4,8,9,1,6,8,,,,,,,'2;6;+;8;8;=;11;7','2;8;+;8;9;=;11;7'
1423,'91+55=-4','91-95=-4',op_and_digit_balance,2,+,-,3,5,9,,,,,,,'9;1;+;5;5;=;-;4','9;1;-;9;5;=;-;4'
1424,'16-98=74','16+58=74',op_and_digit_balance,3,9,5,2,-,+,,,,,,,'1;6;-;9;8;=;7;4','1;6;+;5;8;=;7;4'
1425,'99-78=71','89-18=71',digit_to_digit,3,7,1,0,9,8,,,,,,,'9;9;-;7;8;=;7;1','8;9;-;1;8;=;7;1'
1426,'11-28=31','11+20=31',op_and_digit_balance,3,8,0,1,-,+,,,,,,,'11;-;2;8;=;3;1','11;+;2;0;=;3;1'
1427,'61+62=5','67-62=5',op_and_digit_balance,2,+,-,1,1,7,,,,,,,'6;1;+;6;2;=;5','6;7;-;6;2;=;5'
1428,'21-12=0','21-12=9',within_digit,6,0,9,,,,,,,,,,'2;1;-;1;2;=;0','2;1;-;1;2;=;9'
1429,'88+73=9','88-79=9',op_and_digit_balance,2,+,-,4,3,9,,,,,,,'8;8;+;7;3;=;9','8;8;-;7;9;=;9'
1430,'20+83=-69','20-89=-69',op_and_digit_balance,2,+,-,4,3,9,,,,,,,'2;0;+;8;3;=;-;6;9','2;0;-;8;9;=;-;6;9'
1431,'56=92--36','56-92=-36',swap_-_and_=,2,=,-,5,-,=,,,,,,,'5;6;=;9;2;-;-;3;6','5;6;-;9;2;=;-;3;6'
1432,'98+50=40','98-58=40',op_and_digit_balance,2,+,-,4,0,8,,,,,,,'9;8;+;5;0;=;4;0','9;8;-;5;8;=;4;0'
1433,'21=11-10','21-11=10',swap_-_and_=,2,=,-,4,-,=,,,,,,,'2;1;=;11;-;1;0','2;1;-;11;=;1;0'
1434,'83=39-44','83-39=44',swap_-_and_=,2,=,-,5,-,=,,,,,,,'8;3;=;3;9;-;4;4','8;3;-;3;9;=;4;4'
1435,'67-73=80','67+13=80',op_and_digit_balance,3,7,1,2,-,+,,,,,,,'6;7;-;7;3;=;8;0','6;7;+;1;3;=;8;0'
1436,'95-38=125','95+30=125',op_and_digit_balance,4,8,0,2,-,+,,,,,,,'9;5;-;3;8;=;1;2;5','9;5;+;3;0;=;1;2;5'
1437,'53=66--13','53-66=-13',swap_-_and_=,2,=,-,5,-,=,,,,,,,'5;3;=;6;6;-;-;1;3','5;3;-;6;6;=;-;1;3'
1438,'54-11=93','64-11=53',digit_to_digit,5,9,5,0,5,6,,,,,,,'5;4;-;11;=;9;3','6;4;-;11;=;5;3'
1439,'31+69=-39','31-69=-38',op_and_digit_balance,2,+,-,8,9,8,,,,,,,'3;1;+;6;9;=;-;3;9','3;1;-;6;9;=;-;3;8'
1440,'19-25=-13','13-26=-13',digit_to_digit,1,9,3,4,5,6,,,,,,,'1;9;-;2;5;=;-;1;3','1;3;-;2;6;=;-;1;3'
1441,'35-20=65','35+20=55',op_and_digit_balance,6,6,5,2,-,+,,,,,,,'3;5;-;2;0;=;6;5','3;5;+;2;0;=;5;5'
1442,'70+61=17','78-61=17',op_and_digit_balance,2,+,-,1,0,8,,,,,,,'7;0;+;6;1;=;1;7','7;8;-;6;1;=;1;7'
1443,'52+12=611','52+12=64',four_eleven,7,11,4,,,,,,,,,,'5;2;+;1;2;=;6;11','5;2;+;1;2;=;6;4'
1444,'91-57=30','91-61=30',digit_to_digit,4,7,1,3,5,6,,,,,,,'9;1;-;5;7;=;3;0','9;1;-;6;1;=;3;0'
1445,'91+99=2','91-89=2',op_and_digit_balance,2,+,-,3,9,8,,,,,,,'9;1;+;9;9;=;2','9;1;-;8;9;=;2'
1446,'14+80=112','14+98=112',digit_to_digit,3,8,9,4,0,8,,,,,,,'1;4;+;8;0;=;11;2','1;4;+;9;8;=;11;2'
1447,'87+93=189','87+93=180',within_digit,8,9,0,,,,,,,,,,'8;7;+;9;3;=;1;8;9','8;7;+;9;3;=;1;8;0'
1448,'25+90=63','25+38=63',digit_to_digit,3,9,3,4,0,8,,,,,,,'2;5;+;9;0;=;6;3','2;5;+;3;8;=;6;3'
1449,'14-31=-29','14-37=-23',digit_to_digit,8,9,3,4,1,7,,,,,,,'1;4;-;3;1;=;-;2;9','1;4;-;3;7;=;-;2;3'
1450,'75+48=727','79+48=127',digit_to_digit,6,7,1,1,5,9,,,,,,,'7;5;+;4;8;=;7;2;7','7;9;+;4;8;=;1;2;7'
1451,'99+85=1811','99+85=184',four_eleven,8,11,4,,,,,,,,,,'9;9;+;8;5;=;1;8;11','9;9;+;8;5;=;1;8;4'
1452,'94-34=68','34+34=68',op_and_digit_balance,0,9,3,2,-,+,,,,,,,'9;4;-;3;4;=;6;8','3;4;+;3;4;=;6;8'
1453,'21+57=112','21+91=112',digit_to_digit,4,7,1,3,5,9,,,,,,,'2;1;+;5;7;=;11;2','2;1;+;9;1;=;11;2'
1454,'84-16=180','84+16=100',op_and_digit_balance,7,8,0,2,-,+,,,,,,,'8;4;-;1;6;=;1;8;0','8;4;+;1;6;=;1;0;0'
1455,'10=11--1','10-11=-1',swap_-_and_=,2,=,-,4,-,=,,,,,,,'1;0;=;11;-;-;1','1;0;-;11;=;-;1'
1456,'20+70=100','30+70=100',within_digit,0,2,3,,,,,,,,,,'2;0;+;7;0;=;1;0;0','3;0;+;7;0;=;1;0;0'
1457,'23=86--63','23-86=-63',swap_-_and_=,2,=,-,5,-,=,,,,,,,'2;3;=;8;6;-;-;6;3','2;3;-;8;6;=;-;6;3'
1458,'97=64-33','97-64=33',swap_-_and_=,2,=,-,5,-,=,,,,,,,'9;7;=;6;4;-;3;3','9;7;-;6;4;=;3;3'
1459,'57+69=-2','67-69=-2',op_and_digit_balance,2,+,-,0,5,6,,,,,,,'5;7;+;6;9;=;-;2','6;7;-;6;9;=;-;2'
1460,'91+58=23','91-68=23',op_and_digit_balance,2,+,-,3,5,6,,,,,,,'9;1;+;5;8;=;2;3','9;1;-;6;8;=;2;3'
1461,'27-18=37','27+10=37',op_and_digit_balance,4,8,0,2,-,+,,,,,,,'2;7;-;1;8;=;3;7','2;7;+;1;0;=;3;7'
1462,'29-74=183','29+74=103',op_and_digit_balance,7,8,0,2,-,+,,,,,,,'2;9;-;7;4;=;1;8;3','2;9;+;7;4;=;1;0;3'
1463,'33=47--14','33-47=-14',swap_-_and_=,2,=,-,5,-,=,,,,,,,'3;3;=;4;7;-;-;1;4','3;3;-;4;7;=;-;1;4'
1464,'45+51=-2','49-51=-2',op_and_digit_balance,2,+,-,1,5,9,,,,,,,'4;5;+;5;1;=;-;2','4;9;-;5;1;=;-;2'
1465,'21+22=5','27-22=5',op_and_digit_balance,2,+,-,1,1,7,,,,,,,'2;1;+;2;2;=;5','2;7;-;2;2;=;5'
1466,'57+11=52','51+11=62',digit_to_digit,1,7,1,5,5,6,,,,,,,'5;7;+;11;=;5;2','5;1;+;11;=;6;2'
1467,'67-95=102','67+35=102',op_and_digit_balance,3,9,3,2,-,+,,,,,,,'6;7;-;9;5;=;1;0;2','6;7;+;3;5;=;1;0;2'
1468,'50+66=-15','50-66=-16',op_and_digit_balance,2,+,-,8,5,6,,,,,,,'5;0;+;6;6;=;-;1;5','5;0;-;6;6;=;-;1;6'
1469,'39+22=80','38+22=60',digit_to_digit,6,8,6,1,9,8,,,,,,,'3;9;+;2;2;=;8;0','3;8;+;2;2;=;6;0'
1470,'65+55=127','66+55=121',digit_to_digit,8,7,1,1,5,6,,,,,,,'6;5;+;5;5;=;1;2;7','6;6;+;5;5;=;1;2;1'
1471,'94-97=-53','34-87=-53',digit_to_digit,0,9,3,3,9,8,,,,,,,'9;4;-;9;7;=;-;5;3','3;4;-;8;7;=;-;5;3'
1472,'18-20=39','19+20=39',op_and_digit_balance,1,8,9,2,-,+,,,,,,,'1;8;-;2;0;=;3;9','1;9;+;2;0;=;3;9'
1473,'48+49=38','49+49=98',digit_to_digit,1,8,9,6,3,9,,,,,,,'4;8;+;4;9;=;3;8','4;9;+;4;9;=;9;8'
1474,'86+92=188','88+92=180',digit_to_digit,8,8,0,1,6,8,,,,,,,'8;6;+;9;2;=;1;8;8','8;8;+;9;2;=;1;8;0'
1475,'79+24=57','73+24=97',digit_to_digit,1,9,3,6,5,9,,,,,,,'7;9;+;2;4;=;5;7','7;3;+;2;4;=;9;7'
1476,'10+13=5','18-13=5',op_and_digit_balance,2,+,-,1,0,8,,,,,,,'1;0;+;1;3;=;5','1;8;-;1;3;=;5'
1477,'54+52=12','64-52=12',op_and_digit_balance,2,+,-,0,5,6,,,,,,,'5;4;+;5;2;=;1;2','6;4;-;5;2;=;1;2'
1478,'49+14=34','48-14=34',op_and_digit_balance,2,+,-,1,9,8,,,,,,,'4;9;+;1;4;=;3;4','4;8;-;1;4;=;3;4'
1479,'15+76=-63','15-78=-63',op_and_digit_balance,2,+,-,4,6,8,,,,,,,'1;5;+;7;6;=;-;6;3','1;5;-;7;8;=;-;6;3'
1480,'44+54=-20','44-64=-20',op_and_digit_balance,2,+,-,3,5,6,,,,,,,'4;4;+;5;4;=;-;2;0','4;4;-;6;4;=;-;2;0'
1481,'76+83=-1','76-83=-7',op_and_digit_balance,2,+,-,7,1,7,,,,,,,'7;6;+;8;3;=;-;1','7;6;-;8;3;=;-;7'
1482,'23+41=-24','23-47=-24',op_and_digit_balance,2,+,-,4,1,7,,,,,,,'2;3;+;4;1;=;-;2;4','2;3;-;4;7;=;-;2;4'
1483,'71+69=149','71+69=140',within_digit,8,9,0,,,,,,,,,,'7;1;+;6;9;=;1;4;9','7;1;+;6;9;=;1;4;0'
1484,'38+13=85','98-13=85',op_and_digit_balance,2,+,-,0,3,9,,,,,,,'3;8;+;1;3;=;8;5','9;8;-;1;3;=;8;5'
1485,'35-63=-14','39-53=-14',digit_to_digit,3,6,5,1,5,9,,,,,,,'3;5;-;6;3;=;-;1;4','3;9;-;5;3;=;-;1;4'
1486,'56-17=79','56+17=73',op_and_digit_balance,7,9,3,2,-,+,,,,,,,'5;6;-;1;7;=;7;9','5;6;+;1;7;=;7;3'
1487,'53+57=-44','53-97=-44',op_and_digit_balance,2,+,-,3,5,9,,,,,,,'5;3;+;5;7;=;-;4;4','5;3;-;9;7;=;-;4;4'
1488,'95-46=5','55-46=9',digit_to_digit,0,9,5,6,5,9,,,,,,,'9;5;-;4;6;=;5','5;5;-;4;6;=;9'
1489,'92+72=1611','92+72=164',four_eleven,8,11,4,,,,,,,,,,'9;2;+;7;2;=;1;6;11','9;2;+;7;2;=;1;6;4'
1490,'49-96=85','49+36=85',op_and_digit_balance,3,9,3,2,-,+,,,,,,,'4;9;-;9;6;=;8;5','4;9;+;3;6;=;8;5'
1491,'94=26-68','94-26=68',swap_-_and_=,2,=,-,5,-,=,,,,,,,'9;4;=;2;6;-;6;8','9;4;-;2;6;=;6;8'
1492,'45+55=-9','46-55=-9',op_and_digit_balance,2,+,-,1,5,6,,,,,,,'4;5;+;5;5;=;-;9','4;6;-;5;5;=;-;9'
1493,'55-28=36','65-29=36',digit_to_digit,4,8,9,0,5,6,,,,,,,'5;5;-;2;8;=;3;6','6;5;-;2;9;=;3;6'
1494,'98=34-64','98-34=64',swap_-_and_=,2,=,-,5,-,=,,,,,,,'9;8;=;3;4;-;6;4','9;8;-;3;4;=;6;4'
1495,'90+54=26','90-64=26',op_and_digit_balance,2,+,-,3,5,6,,,,,,,'9;0;+;5;4;=;2;6','9;0;-;6;4;=;2;6'
1496,'53-89=152','53+99=152',op_and_digit_balance,3,8,9,2,-,+,,,,,,,'5;3;-;8;9;=;1;5;2','5;3;+;9;9;=;1;5;2'
1497,'22+25=-4','22-26=-4',op_and_digit_balance,2,+,-,4,5,6,,,,,,,'2;2;+;2;5;=;-;4','2;2;-;2;6;=;-;4'
1498,'66+27=35','66-27=39',op_and_digit_balance,2,+,-,7,5,9,,,,,,,'6;6;+;2;7;=;3;5','6;6;-;2;7;=;3;9'
1499,'98-64=311','98-64=34',four_eleven,7,11,4,,,,,,,,,,'9;8;-;6;4;=;3;11','9;8;-;6;4;=;3;4'
1500,'80-78=150','80+70=150',op_and_digit_balance,4,8,0,2,-,+,,,,,,,'8;0;-;7;8;=;1;5;0','8;0;+;7;0;=;1;5;0'
1501,'34=84--50','34-84=-50',swap_-_and_=,2,=,-,5,-,=,,,,,,,'3;4;=;8;4;-;-;5;0','3;4;-;8;4;=;-;5;0'
1502,'91-97=128','91+37=128',op_and_digit_balance,3,9,3,2,-,+,,,,,,,'9;1;-;9;7;=;1;2;8','9;1;+;3;7;=;1;2;8'
1503,'72+10=91','72+19=91',within_digit,4,0,9,,,,,,,,,,'7;2;+;1;0;=;9;1','7;2;+;1;9;=;9;1'
1504,'28-94=-85','28-94=-66',digit_to_digit,7,8,6,8,5,6,,,,,,,'2;8;-;9;4;=;-;8;5','2;8;-;9;4;=;-;6;6'
1505,'77-92=109','17+92=109',op_and_digit_balance,0,7,1,2,-,+,,,,,,,'7;7;-;9;2;=;1;0;9','1;7;+;9;2;=;1;0;9'
1506,'56-64=1','65-64=1',digit_to_digit,1,6,5,0,5,6,,,,,,,'5;6;-;6;4;=;1','6;5;-;6;4;=;1'
1507,'28+88=-50','28-88=-60',op_and_digit_balance,2,+,-,7,5,6,,,,,,,'2;8;+;8;8;=;-;5;0','2;8;-;8;8;=;-;6;0'
1508,'41+93=-46','47-93=-46',op_and_digit_balance,2,+,-,1,1,7,,,,,,,'4;1;+;9;3;=;-;4;6','4;7;-;9;3;=;-;4;6'
1509,'41+66=112','47+65=112',digit_to_digit,4,6,5,1,1,7,,,,,,,'4;1;+;6;6;=;11;2','4;7;+;6;5;=;11;2'
1510,'53-99=15','53-38=15',digit_to_digit,3,9,3,4,9,8,,,,,,,'5;3;-;9;9;=;1;5','5;3;-;3;8;=;1;5'
1511,'68-70=10','80-70=10',digit_to_digit,1,8,0,0,6,8,,,,,,,'6;8;-;7;0;=;1;0','8;0;-;7;0;=;1;0'
1512,'54+14=-20','54-74=-20',op_and_digit_balance,2,+,-,3,1,7,,,,,,,'5;4;+;1;4;=;-;2;0','5;4;-;7;4;=;-;2;0'
1513,'71+57=734','77+57=134',digit_to_digit,6,7,1,1,1,7,,,,,,,'7;1;+;5;7;=;7;3;4','7;7;+;5;7;=;1;3;4'
1514,'40+24=24','48-24=24',op_and_digit_balance,2,+,-,1,0,8,,,,,,,'4;0;+;2;4;=;2;4','4;8;-;2;4;=;2;4'
1515,'26+61=71','26+51=77',digit_to_digit,3,6,5,7,1,7,,,,,,,'2;6;+;6;1;=;7;1','2;6;+;5;1;=;7;7'
1516,'56+32=-36','56-92=-36',op_and_digit_balance,2,+,-,3,3,9,,,,,,,'5;6;+;3;2;=;-;3;6','5;6;-;9;2;=;-;3;6'
1517,'90-89=119','30+89=119',op_and_digit_balance,0,9,3,2,-,+,,,,,,,'9;0;-;8;9;=;11;9','3;0;+;8;9;=;11;9'
1518,'65-83=-8','85-93=-8',digit_to_digit,3,8,9,0,6,8,,,,,,,'6;5;-;8;3;=;-;8','8;5;-;9;3;=;-;8'
1519,'27-48=-11','37-48=-11',within_digit,0,2,3,,,,,,,,,,'2;7;-;4;8;=;-;11','3;7;-;4;8;=;-;11'
1520,'40-48=2','48-46=2',digit_to_digit,4,8,6,1,0,8,,,,,,,'4;0;-;4;8;=;2','4;8;-;4;6;=;2'
1521,'61-18=-77','61-78=-17',digit_to_digit,7,7,1,3,1,7,,,,,,,'6;1;-;1;8;=;-;7;7','6;1;-;7;8;=;-;1;7'
1522,'23+51=73','22+51=73',within_digit,1,3,2,,,,,,,,,,'2;3;+;5;1;=;7;3','2;2;+;5;1;=;7;3'
1523,'75+60=16','76-60=16',op_and_digit_balance,2,+,-,1,5,6,,,,,,,'7;5;+;6;0;=;1;6','7;6;-;6;0;=;1;6'
1524,'85-58=37','89-58=31',digit_to_digit,7,7,1,1,5,9,,,,,,,'8;5;-;5;8;=;3;7','8;9;-;5;8;=;3;1'
1525,'30+12=-42','30-72=-42',op_and_digit_balance,2,+,-,3,1,7,,,,,,,'3;0;+;1;2;=;-;4;2','3;0;-;7;2;=;-;4;2'
1526,'88-97=183','86+97=183',op_and_digit_balance,1,8,6,2,-,+,,,,,,,'8;8;-;9;7;=;1;8;3','8;6;+;9;7;=;1;8;3'
1527,'54+51=-3','54-57=-3',op_and_digit_balance,2,+,-,4,1,7,,,,,,,'5;4;+;5;1;=;-;3','5;4;-;5;7;=;-;3'
1528,'24-40=-75','24-40=-16',digit_to_digit,7,7,1,8,5,6,,,,,,,'2;4;-;4;0;=;-;7;5','2;4;-;4;0;=;-;1;6'
1529,'42-94=9','42-34=8',digit_to_digit,3,9,3,6,9,8,,,,,,,'4;2;-;9;4;=;9','4;2;-;3;4;=;8'
1530,'42-15=-93','42-75=-33',digit_to_digit,7,9,3,3,1,7,,,,,,,'4;2;-;1;5;=;-;9;3','4;2;-;7;5;=;-;3;3'
1531,'96+48=746','98+48=146',digit_to_digit,6,7,1,1,6,8,,,,,,,'9;6;+;4;8;=;7;4;6','9;8;+;4;8;=;1;4;6'
1532,'59+23=30','59-29=30',op_and_digit_balance,2,+,-,4,3,9,,,,,,,'5;9;+;2;3;=;3;0','5;9;-;2;9;=;3;0'
1533,'46-26=71','46+25=71',op_and_digit_balance,4,6,5,2,-,+,,,,,,,'4;6;-;2;6;=;7;1','4;6;+;2;5;=;7;1'
1534,'14-19=4','14-10=4',within_digit,4,9,0,,,,,,,,,,'1;4;-;1;9;=;4','1;4;-;1;0;=;4'
1535,'58=74--16','58-74=-16',swap_-_and_=,2,=,-,5,-,=,,,,,,,'5;8;=;7;4;-;-;1;6','5;8;-;7;4;=;-;1;6'
1536,'10+12=90','18+12=30',digit_to_digit,6,9,3,1,0,8,,,,,,,'1;0;+;1;2;=;9;0','1;8;+;1;2;=;3;0'
1537,'10-78=-6','10-18=-8',digit_to_digit,3,7,1,7,6,8,,,,,,,'1;0;-;7;8;=;-;6','1;0;-;1;8;=;-;8'
1538,'58=93--35','58-93=-35',swap_-_and_=,2,=,-,5,-,=,,,,,,,'5;8;=;9;3;-;-;3;5','5;8;-;9;3;=;-;3;5'
1539,'12+91=193','12+91=103',within_digit,7,9,0,,,,,,,,,,'1;2;+;9;1;=;1;9;3','1;2;+;9;1;=;1;0;3'
1540,'31-51=48','91-51=40',digit_to_digit,7,8,0,0,3,9,,,,,,,'3;1;-;5;1;=;4;8','9;1;-;5;1;=;4;0'
1541,'55+82=148','56+92=148',digit_to_digit,3,8,9,1,5,6,,,,,,,'5;5;+;8;2;=;1;4;8','5;6;+;9;2;=;1;4;8'
1542,'99+29=71','99-28=71',op_and_digit_balance,2,+,-,4,9,8,,,,,,,'9;9;+;2;9;=;7;1','9;9;-;2;8;=;7;1'
1543,'82-31=119','82+31=113',op_and_digit_balance,7,9,3,2,-,+,,,,,,,'8;2;-;3;1;=;11;9','8;2;+;3;1;=;11;3'
1544,'98-82=160','98+62=160',op_and_digit_balance,3,8,6,2,-,+,,,,,,,'9;8;-;8;2;=;1;6;0','9;8;+;6;2;=;1;6;0'
1545,'28-52=78','26+52=78',op_and_digit_balance,1,8,6,2,-,+,,,,,,,'2;8;-;5;2;=;7;8','2;6;+;5;2;=;7;8'
1546,'75=95--20','75-95=-20',swap_-_and_=,2,=,-,5,-,=,,,,,,,'7;5;=;9;5;-;-;2;0','7;5;-;9;5;=;-;2;0'
1547,'19+87=97','10+87=97',within_digit,1,9,0,,,,,,,,,,'1;9;+;8;7;=;9;7','1;0;+;8;7;=;9;7'
1548,'29-52=87','29+52=81',op_and_digit_balance,7,7,1,2,-,+,,,,,,,'2;9;-;5;2;=;8;7','2;9;+;5;2;=;8;1'
1549,'60+93=773','80+93=173',digit_to_digit,6,7,1,0,6,8,,,,,,,'6;0;+;9;3;=;7;7;3','8;0;+;9;3;=;1;7;3'
1550,'66-49=43','86-43=43',digit_to_digit,4,9,3,0,6,8,,,,,,,'6;6;-;4;9;=;4;3','8;6;-;4;3;=;4;3'
1551,'50+42=0','50-42=8',op_and_digit_balance,2,+,-,6,0,8,,,,,,,'5;0;+;4;2;=;0','5;0;-;4;2;=;8'
1552,'62-68=120','52+68=120',op_and_digit_balance,0,6,5,2,-,+,,,,,,,'6;2;-;6;8;=;1;2;0','5;2;+;6;8;=;1;2;0'
1553,'34=65--31','34-65=-31',swap_-_and_=,2,=,-,5,-,=,,,,,,,'3;4;=;6;5;-;-;3;1','3;4;-;6;5;=;-;3;1'
1554,'77-16=53','71-18=53',digit_to_digit,1,7,1,4,6,8,,,,,,,'7;7;-;1;6;=;5;3','7;1;-;1;8;=;5;3'
1555,'30+65=-36','30-66=-36',op_and_digit_balance,2,+,-,4,5,6,,,,,,,'3;0;+;6;5;=;-;3;6','3;0;-;6;6;=;-;3;6'
1556,'84+55=74','84-5-5=74',,2,+,-,,,,,,,,,,8;4;+;5;5;=;7;4',8;4;-;5;-;5;=;7;4'
1557,'70+19=98','79+19=98',within_digit,1,0,9,,,,,,,,,,'7;0;+;1;9;=;9;8','7;9;+;1;9;=;9;8'
1558,'79-37=118','79+37=116',op_and_digit_balance,7,8,6,2,-,+,,,,,,,'7;9;-;3;7;=;11;8','7;9;+;3;7;=;11;6'
1559,'91-78=109','91+18=109',op_and_digit_balance,3,7,1,2,-,+,,,,,,,'9;1;-;7;8;=;1;0;9','9;1;+;1;8;=;1;0;9'
1560,'63-64=117','63+54=117',op_and_digit_balance,3,6,5,2,-,+,,,,,,,'6;3;-;6;4;=;11;7','6;3;+;5;4;=;11;7'
1561,'26+61=187','26+81=107',digit_to_digit,7,8,0,3,6,8,,,,,,,'2;6;+;6;1;=;1;8;7','2;6;+;8;1;=;1;0;7'
1562,'11+18=88','11+78=89',digit_to_digit,6,8,9,2,1,7,,,,,,,'11;+;1;8;=;8;8','11;+;7;8;=;8;9'
1563,'41-88=109','41+68=109',op_and_digit_balance,3,8,6,2,-,+,,,,,,,'4;1;-;8;8;=;1;0;9','4;1;+;6;8;=;1;0;9'
1564,'10=43--33','10-43=-33',swap_-_and_=,2,=,-,5,-,=,,,,,,,'1;0;=;4;3;-;-;3;3','1;0;-;4;3;=;-;3;3'
1565,'14-89=109','14+89=103',op_and_digit_balance,8,9,3,2,-,+,,,,,,,'1;4;-;8;9;=;1;0;9','1;4;+;8;9;=;1;0;3'
1566,'69-24=99','69+24=93',op_and_digit_balance,7,9,3,2,-,+,,,,,,,'6;9;-;2;4;=;9;9','6;9;+;2;4;=;9;3'
1567,'85-89=15','85-69=16',digit_to_digit,3,8,6,7,5,6,,,,,,,'8;5;-;8;9;=;1;5','8;5;-;6;9;=;1;6'
1568,'14+58=104','14+90=104',digit_to_digit,4,8,0,3,5,9,,,,,,,'1;4;+;5;8;=;1;0;4','1;4;+;9;0;=;1;0;4'
1569,'71+58=120','71+58=129',within_digit,8,0,9,,,,,,,,,,'7;1;+;5;8;=;1;2;0','7;1;+;5;8;=;1;2;9'
1570,'74=15-59','74-15=59',swap_-_and_=,2,=,-,5,-,=,,,,,,,'7;4;=;1;5;-;5;9','7;4;-;1;5;=;5;9'
1571,'42+36=88','42+38=80',digit_to_digit,7,8,0,4,6,8,,,,,,,'4;2;+;3;6;=;8;8','4;2;+;3;8;=;8;0'
1572,'75+34=45','79-34=45',op_and_digit_balance,2,+,-,1,5,9,,,,,,,'7;5;+;3;4;=;4;5','7;9;-;3;4;=;4;5'
1573,'85+37=129','86+37=123',digit_to_digit,8,9,3,1,5,6,,,,,,,'8;5;+;3;7;=;1;2;9','8;6;+;3;7;=;1;2;3'
1574,'95-91=146','55+91=146',op_and_digit_balance,0,9,5,2,-,+,,,,,,,'9;5;-;9;1;=;1;4;6','5;5;+;9;1;=;1;4;6'
1575,'99-71=110','39+71=110',op_and_digit_balance,0,9,3,2,-,+,,,,,,,'9;9;-;7;1;=;11;0','3;9;+;7;1;=;11;0'
1576,'70-31=701','70+31=101',op_and_digit_balance,6,7,1,2,-,+,,,,,,,'7;0;-;3;1;=;7;0;1','7;0;+;3;1;=;1;0;1'
1577,'99+97=199','98+97=195',digit_to_digit,8,9,5,1,9,8,,,,,,,'9;9;+;9;7;=;1;9;9','9;8;+;9;7;=;1;9;5'
1578,'27-90=-72','27-99=-72',within_digit,4,0,9,,,,,,,,,,'2;7;-;9;0;=;-;7;2','2;7;-;9;9;=;-;7;2'
1579,'82+10=192','82+70=152',digit_to_digit,7,9,5,3,1,7,,,,,,,'8;2;+;1;0;=;1;9;2','8;2;+;7;0;=;1;5;2'
1580,'90+25=64','90-26=64',op_and_digit_balance,2,+,-,4,5,6,,,,,,,'9;0;+;2;5;=;6;4','9;0;-;2;6;=;6;4'
1581,'47=19-28','47-19=28',swap_-_and_=,2,=,-,5,-,=,,,,,,,'4;7;=;1;9;-;2;8','4;7;-;1;9;=;2;8'
1582,'20-38=50','20+30=50',op_and_digit_balance,4,8,0,2,-,+,,,,,,,'2;0;-;3;8;=;5;0','2;0;+;3;0;=;5;0'
1583,'99-50=119','99-50=49',four_eleven,6,11,4,,,,,,,,,,'9;9;-;5;0;=;11;9','9;9;-;5;0;=;4;9'
1584,'81-62=133','81+52=133',op_and_digit_balance,3,6,5,2,-,+,,,,,,,'8;1;-;6;2;=;1;3;3','8;1;+;5;2;=;1;3;3'
1585,'56-50=186','56+50=106',op_and_digit_balance,7,8,0,2,-,+,,,,,,,'5;6;-;5;0;=;1;8;6','5;6;+;5;0;=;1;0;6'
1586,'77-54=191','77+54=131',op_and_digit_balance,7,9,3,2,-,+,,,,,,,'7;7;-;5;4;=;1;9;1','7;7;+;5;4;=;1;3;1'
1587,'64-57=3','64-61=3',digit_to_digit,4,7,1,3,5,6,,,,,,,'6;4;-;5;7;=;3','6;4;-;6;1;=;3'
1588,'49-84=127','43+84=127',op_and_digit_balance,1,9,3,2,-,+,,,,,,,'4;9;-;8;4;=;1;2;7','4;3;+;8;4;=;1;2;7'
1589,'99+94=103','99+94=193',within_digit,7,0,9,,,,,,,,,,'9;9;+;9;4;=;1;0;3','9;9;+;9;4;=;1;9;3'
1590,'32-76=48','32+16=48',op_and_digit_balance,3,7,1,2,-,+,,,,,,,'3;2;-;7;6;=;4;8','3;2;+;1;6;=;4;8'
1591,'33+56=128','33+96=129',digit_to_digit,8,8,9,3,5,9,,,,,,,'3;3;+;5;6;=;1;2;8','3;3;+;9;6;=;1;2;9'
1592,'95+49=734','85+49=134',digit_to_digit,6,7,1,0,9,8,,,,,,,'9;5;+;4;9;=;7;3;4','8;5;+;4;9;=;1;3;4'
1593,'10+50=-50','10-60=-50',op_and_digit_balance,2,+,-,3,5,6,,,,,,,'1;0;+;5;0;=;-;5;0','1;0;-;6;0;=;-;5;0'
1594,'93-57=158','93+57=150',op_and_digit_balance,8,8,0,2,-,+,,,,,,,'9;3;-;5;7;=;1;5;8','9;3;+;5;7;=;1;5;0'
1595,'93+93=10','93-83=10',op_and_digit_balance,2,+,-,3,9,8,,,,,,,'9;3;+;9;3;=;1;0','9;3;-;8;3;=;1;0'
1596,'98-36=52','90-38=52',digit_to_digit,1,8,0,4,6,8,,,,,,,'9;8;-;3;6;=;5;2','9;0;-;3;8;=;5;2'
1597,'45+59=108','45+63=108',digit_to_digit,4,9,3,3,5,6,,,,,,,'4;5;+;5;9;=;1;0;8','4;5;+;6;3;=;1;0;8'
1598,'28-60=-42','26-68=-42',digit_to_digit,1,8,6,4,0,8,,,,,,,'2;8;-;6;0;=;-;4;2','2;6;-;6;8;=;-;4;2'
1599,'87-59=126','67+59=126',op_and_digit_balance,0,8,6,2,-,+,,,,,,,'8;7;-;5;9;=;1;2;6','6;7;+;5;9;=;1;2;6'
1600,'61-69=730','61+69=130',op_and_digit_balance,6,7,1,2,-,+,,,,,,,'6;1;-;6;9;=;7;3;0','6;1;+;6;9;=;1;3;0'
1601,'30+76=96','20+76=96',within_digit,0,3,2,,,,,,,,,,'3;0;+;7;6;=;9;6','2;0;+;7;6;=;9;6'
1602,'18-13=32','19+13=32',op_and_digit_balance,1,8,9,2,-,+,,,,,,,'1;8;-;1;3;=;3;2','1;9;+;1;3;=;3;2'
1603,'25+47=82','35+47=82',within_digit,0,2,3,,,,,,,,,,'2;5;+;4;7;=;8;2','3;5;+;4;7;=;8;2'
1604,'83+55=29','83-55=28',op_and_digit_balance,2,+,-,7,9,8,,,,,,,'8;3;+;5;5;=;2;9','8;3;-;5;5;=;2;8'
1605,'62+96=100','62+38=100',digit_to_digit,3,9,3,4,6,8,,,,,,,'6;2;+;9;6;=;1;0;0','6;2;+;3;8;=;1;0;0'
1606,'53+16=189','93+16=109',digit_to_digit,7,8,0,0,5,9,,,,,,,'5;3;+;1;6;=;1;8;9','9;3;+;1;6;=;1;0;9'
1607,'55-87=-25','55-81=-26',digit_to_digit,4,7,1,8,5,6,,,,,,,'5;5;-;8;7;=;-;2;5','5;5;-;8;1;=;-;2;6'
1608,'50+12=722','50+72=122',digit_to_digit,6,7,1,3,1,7,,,,,,,'5;0;+;1;2;=;7;2;2','5;0;+;7;2;=;1;2;2'
1609,'37-63=-38','31-69=-38',digit_to_digit,1,7,1,4,3,9,,,,,,,'3;7;-;6;3;=;-;3;8','3;1;-;6;9;=;-;3;8'
1610,'55+30=745','55+90=145',digit_to_digit,6,7,1,3,3,9,,,,,,,'5;5;+;3;0;=;7;4;5','5;5;+;9;0;=;1;4;5'
1611,'99=34-65','99-34=65',swap_-_and_=,2,=,-,5,-,=,,,,,,,'9;9;=;3;4;-;6;5','9;9;-;3;4;=;6;5'
1612,'73-91=48','79-31=48',digit_to_digit,3,9,3,1,3,9,,,,,,,'7;3;-;9;1;=;4;8','7;9;-;3;1;=;4;8'
1613,'71+69=180','71+89=160',digit_to_digit,7,8,6,3,6,8,,,,,,,'7;1;+;6;9;=;1;8;0','7;1;+;8;9;=;1;6;0'
1614,'67-80=1','81-80=1',digit_to_digit,1,7,1,0,6,8,,,,,,,'6;7;-;8;0;=;1','8;1;-;8;0;=;1'
1615,'85-58=-19','85-98=-13',digit_to_digit,8,9,3,3,5,9,,,,,,,'8;5;-;5;8;=;-;1;9','8;5;-;9;8;=;-;1;3'
1616,'55+79=-20','59-79=-20',op_and_digit_balance,2,+,-,1,5,9,,,,,,,'5;5;+;7;9;=;-;2;0','5;9;-;7;9;=;-;2;0'
1617,'51+58=148','51+98=149',digit_to_digit,8,8,9,3,5,9,,,,,,,'5;1;+;5;8;=;1;4;8','5;1;+;9;8;=;1;4;9'
1618,'86=50-36','86-50=36',swap_-_and_=,2,=,-,5,-,=,,,,,,,'8;6;=;5;0;-;3;6','8;6;-;5;0;=;3;6'
1619,'88-91=159','68+91=159',op_and_digit_balance,0,8,6,2,-,+,,,,,,,'8;8;-;9;1;=;1;5;9','6;8;+;9;1;=;1;5;9'
1620,'73+75=-3','73-76=-3',op_and_digit_balance,2,+,-,4,5,6,,,,,,,'7;3;+;7;5;=;-;3','7;3;-;7;6;=;-;3'
1621,'44+17=115','44+71=115',digit_to_digit,4,7,1,3,1,7,,,,,,,'4;4;+;1;7;=;11;5','4;4;+;7;1;=;11;5'
1622,'38-21=69','90-21=69',digit_to_digit,1,8,0,0,3,9,,,,,,,'3;8;-;2;1;=;6;9','9;0;-;2;1;=;6;9'
1623,'92-43=735','92+43=135',op_and_digit_balance,6,7,1,2,-,+,,,,,,,'9;2;-;4;3;=;7;3;5','9;2;+;4;3;=;1;3;5'
1624,'65=78--13','65-78=-13',swap_-_and_=,2,=,-,5,-,=,,,,,,,'6;5;=;7;8;-;-;1;3','6;5;-;7;8;=;-;1;3'
1625,'43-70=53','43+10=53',op_and_digit_balance,3,7,1,2,-,+,,,,,,,'4;3;-;7;0;=;5;3','4;3;+;1;0;=;5;3'
1626,'22-80=112','22+90=112',op_and_digit_balance,3,8,9,2,-,+,,,,,,,'2;2;-;8;0;=;11;2','2;2;+;9;0;=;11;2'
1627,'93=57-36','93-57=36',swap_-_and_=,2,=,-,5,-,=,,,,,,,'9;3;=;5;7;-;3;6','9;3;-;5;7;=;3;6'
1628,'34+92=65','34+32=66',digit_to_digit,3,9,3,7,5,6,,,,,,,'3;4;+;9;2;=;6;5','3;4;+;3;2;=;6;6'
1629,'21+70=-43','27-70=-43',op_and_digit_balance,2,+,-,1,1,7,,,,,,,'2;1;+;7;0;=;-;4;3','2;7;-;7;0;=;-;4;3'
1630,'29=37--8','29-37=-8',swap_-_and_=,2,=,-,5,-,=,,,,,,,'2;9;=;3;7;-;-;8','2;9;-;3;7;=;-;8'
1631,'88-14=65','80-14=66',digit_to_digit,1,8,0,7,5,6,,,,,,,'8;8;-;1;4;=;6;5','8;0;-;1;4;=;6;6'
1632,'53-47=48','93-47=46',digit_to_digit,7,8,6,0,5,9,,,,,,,'5;3;-;4;7;=;4;8','9;3;-;4;7;=;4;6'
1633,'40+76=724','48+76=124',digit_to_digit,6,7,1,1,0,8,,,,,,,'4;0;+;7;6;=;7;2;4','4;8;+;7;6;=;1;2;4'
1634,'73+96=168','72+96=168',within_digit,1,3,2,,,,,,,,,,'7;3;+;9;6;=;1;6;8','7;2;+;9;6;=;1;6;8'
1635,'79-24=97','73+24=97',op_and_digit_balance,1,9,3,2,-,+,,,,,,,'7;9;-;2;4;=;9;7','7;3;+;2;4;=;9;7'
1636,'96-42=198','96+42=138',op_and_digit_balance,7,9,3,2,-,+,,,,,,,'9;6;-;4;2;=;1;9;8','9;6;+;4;2;=;1;3;8'
1637,'55-15=47','56-15=41',digit_to_digit,7,7,1,1,5,6,,,,,,,'5;5;-;1;5;=;4;7','5;6;-;1;5;=;4;1'
1638,'74-69=743','74+69=143',op_and_digit_balance,6,7,1,2,-,+,,,,,,,'7;4;-;6;9;=;7;4;3','7;4;+;6;9;=;1;4;3'
1639,'38-48=52','98-46=52',digit_to_digit,4,8,6,0,3,9,,,,,,,'3;8;-;4;8;=;5;2','9;8;-;4;6;=;5;2'
1640,'81+72=5','81-72=9',op_and_digit_balance,2,+,-,6,5,9,,,,,,,'8;1;+;7;2;=;5','8;1;-;7;2;=;9'
1641,'95+40=144','95+49=144',within_digit,4,0,9,,,,,,,,,,'9;5;+;4;0;=;1;4;4','9;5;+;4;9;=;1;4;4'
1642,'77-11=5','17-11=6',digit_to_digit,0,7,1,5,5,6,,,,,,,'7;7;-;11;=;5','1;7;-;11;=;6'
1643,'97-33=70','37+33=70',op_and_digit_balance,0,9,3,2,-,+,,,,,,,'9;7;-;3;3;=;7;0','3;7;+;3;3;=;7;0'
1644,'53-69=-17','52-69=-17',within_digit,1,3,2,,,,,,,,,,'5;3;-;6;9;=;-;1;7','5;2;-;6;9;=;-;1;7'
1645,'30-65=85','30+65=95',op_and_digit_balance,6,8,9,2,-,+,,,,,,,'3;0;-;6;5;=;8;5','3;0;+;6;5;=;9;5'
1646,'38-36=73','38+35=73',op_and_digit_balance,4,6,5,2,-,+,,,,,,,'3;8;-;3;6;=;7;3','3;8;+;3;5;=;7;3'
1647,'51-90=741','51+90=141',op_and_digit_balance,6,7,1,2,-,+,,,,,,,'5;1;-;9;0;=;7;4;1','5;1;+;9;0;=;1;4;1'
1648,'69-88=147','59+88=147',op_and_digit_balance,0,6,5,2,-,+,,,,,,,'6;9;-;8;8;=;1;4;7','5;9;+;8;8;=;1;4;7'
1649,'55=52-3','55-52=3',swap_-_and_=,2,=,-,5,-,=,,,,,,,'5;5;=;5;2;-;3','5;5;-;5;2;=;3'
1650,'42-49=87','42+45=87',op_and_digit_balance,4,9,5,2,-,+,,,,,,,'4;2;-;4;9;=;8;7','4;2;+;4;5;=;8;7'
1651,'95+88=182','95+88=183',within_digit,8,2,3,,,,,,,,,,'9;5;+;8;8;=;1;8;2','9;5;+;8;8;=;1;8;3'
1652,'37-62=29','91-62=29',digit_to_digit,1,7,1,0,3,9,,,,,,,'3;7;-;6;2;=;2;9','9;1;-;6;2;=;2;9'
1653,'82-68=-4','82-86=-4',digit_to_digit,4,8,6,3,6,8,,,,,,,'8;2;-;6;8;=;-;4','8;2;-;8;6;=;-;4'
1654,'99-13=78','89-13=76',digit_to_digit,7,8,6,0,9,8,,,,,,,'9;9;-;1;3;=;7;8','8;9;-;1;3;=;7;6'
1655,'92+28=54','92-28=64',op_and_digit_balance,2,+,-,6,5,6,,,,,,,'9;2;+;2;8;=;5;4','9;2;-;2;8;=;6;4'
1656,'82+36=45','82-36=46',op_and_digit_balance,2,+,-,7,5,6,,,,,,,'8;2;+;3;6;=;4;5','8;2;-;3;6;=;4;6'
1657,'12-56=-43','13-56=-43',within_digit,1,2,3,,,,,,,,,,'1;2;-;5;6;=;-;4;3','1;3;-;5;6;=;-;4;3'
1658,'67-89=158','67+89=156',op_and_digit_balance,8,8,6,2,-,+,,,,,,,'6;7;-;8;9;=;1;5;8','6;7;+;8;9;=;1;5;6'
1659,'33+85=48','33+85=118',four_eleven,6,4,11,,,,,,,,,,'3;3;+;8;5;=;4;8','3;3;+;8;5;=;11;8'
1660,'74-74=9','74-74=0',within_digit,6,9,0,,,,,,,,,,'7;4;-;7;4;=;9','7;4;-;7;4;=;0'
1661,'59-69=728','59+69=128',op_and_digit_balance,6,7,1,2,-,+,,,,,,,'5;9;-;6;9;=;7;2;8','5;9;+;6;9;=;1;2;8'
1662,'23-65=-112','23-65=-42',four_eleven,7,11,4,,,,,,,,,,'2;3;-;6;5;=;-;11;2','2;3;-;6;5;=;-;4;2'
1663,'35+19=20','39-19=20',op_and_digit_balance,2,+,-,1,5,9,,,,,,,'3;5;+;1;9;=;2;0','3;9;-;1;9;=;2;0'
1664,'50+72=72','60+12=72',digit_to_digit,3,7,1,0,5,6,,,,,,,'5;0;+;7;2;=;7;2','6;0;+;1;2;=;7;2'
1665,'12+40=-26','12-40=-28',op_and_digit_balance,2,+,-,8,6,8,,,,,,,'1;2;+;4;0;=;-;2;6','1;2;-;4;0;=;-;2;8'
1666,'14=69--55','14-69=-55',swap_-_and_=,2,=,-,5,-,=,,,,,,,'1;4;=;6;9;-;-;5;5','1;4;-;6;9;=;-;5;5'
1667,'46+71=-31','46-77=-31',op_and_digit_balance,2,+,-,4,1,7,,,,,,,'4;6;+;7;1;=;-;3;1','4;6;-;7;7;=;-;3;1'
1668,'89=99--10','89-99=-10',swap_-_and_=,2,=,-,5,-,=,,,,,,,'8;9;=;9;9;-;-;1;0','8;9;-;9;9;=;-;1;0'
1669,'79-23=58','79-29=50',digit_to_digit,7,8,0,4,3,9,,,,,,,'7;9;-;2;3;=;5;8','7;9;-;2;9;=;5;0'
1670,'13-17=-5','12-17=-5',within_digit,1,3,2,,,,,,,,,,'1;3;-;1;7;=;-;5','1;2;-;1;7;=;-;5'
1671,'98-32=122','90+32=122',op_and_digit_balance,1,8,0,2,-,+,,,,,,,'9;8;-;3;2;=;1;2;2','9;0;+;3;2;=;1;2;2'
1672,'73-89=-18','79-89=-10',digit_to_digit,8,8,0,1,3,9,,,,,,,'7;3;-;8;9;=;-;1;8','7;9;-;8;9;=;-;1;0'
1673,'22-19=5','22-13=9',digit_to_digit,4,9,3,6,5,9,,,,,,,'2;2;-;1;9;=;5','2;2;-;1;3;=;9'
1674,'77-58=-27','77-98=-21',digit_to_digit,8,7,1,3,5,9,,,,,,,'7;7;-;5;8;=;-;2;7','7;7;-;9;8;=;-;2;1'
1675,'49-69=114','45+69=114',op_and_digit_balance,1,9,5,2,-,+,,,,,,,'4;9;-;6;9;=;11;4','4;5;+;6;9;=;11;4'
1676,'97-84=175','91+84=175',op_and_digit_balance,1,7,1,2,-,+,,,,,,,'9;7;-;8;4;=;1;7;5','9;1;+;8;4;=;1;7;5'
1677,'64+79=131','64+73=137',digit_to_digit,4,9,3,8,1,7,,,,,,,'6;4;+;7;9;=;1;3;1','6;4;+;7;3;=;1;3;7'
1678,'74+59=83','14+69=83',digit_to_digit,0,7,1,3,5,6,,,,,,,'7;4;+;5;9;=;8;3','1;4;+;6;9;=;8;3'
1679,'77-32=55','77-22=55',within_digit,3,3,2,,,,,,,,,,'7;7;-;3;2;=;5;5','7;7;-;2;2;=;5;5'
1680,'12+28=-15','12-28=-16',op_and_digit_balance,2,+,-,8,5,6,,,,,,,'1;2;+;2;8;=;-;1;5','1;2;-;2;8;=;-;1;6'
1681,'21-76=87','21+76=97',op_and_digit_balance,6,8,9,2,-,+,,,,,,,'2;1;-;7;6;=;8;7','2;1;+;7;6;=;9;7'
1682,'74-29=703','74+29=103',op_and_digit_balance,6,7,1,2,-,+,,,,,,,'7;4;-;2;9;=;7;0;3','7;4;+;2;9;=;1;0;3'
1683,'37=63--26','37-63=-26',swap_-_and_=,2,=,-,5,-,=,,,,,,,'3;7;=;6;3;-;-;2;6','3;7;-;6;3;=;-;2;6'
1684,'13=35--22','13-35=-22',swap_-_and_=,2,=,-,5,-,=,,,,,,,'1;3;=;3;5;-;-;2;2','1;3;-;3;5;=;-;2;2'
1685,'69+85=753','68+85=153',digit_to_digit,6,7,1,1,9,8,,,,,,,'6;9;+;8;5;=;7;5;3','6;8;+;8;5;=;1;5;3'
1686,'59+80=749','69+80=149',digit_to_digit,6,7,1,0,5,6,,,,,,,'5;9;+;8;0;=;7;4;9','6;9;+;8;0;=;1;4;9'
1687,'56-85=-38','56-86=-30',digit_to_digit,8,8,0,4,5,6,,,,,,,'5;6;-;8;5;=;-;3;8','5;6;-;8;6;=;-;3;0'
1688,'82-98=172','82+90=172',op_and_digit_balance,4,8,0,2,-,+,,,,,,,'8;2;-;9;8;=;1;7;2','8;2;+;9;0;=;1;7;2'
1689,'39+91=-42','39-81=-42',op_and_digit_balance,2,+,-,3,9,8,,,,,,,'3;9;+;9;1;=;-;4;2','3;9;-;8;1;=;-;4;2'
1690,'89-56=-6','89-95=-6',digit_to_digit,4,6,5,3,5,9,,,,,,,'8;9;-;5;6;=;-;6','8;9;-;9;5;=;-;6'
1691,'85+58=157','99+58=157',digit_to_digit,0,8,9,1,5,9,,,,,,,'8;5;+;5;8;=;1;5;7','9;9;+;5;8;=;1;5;7'
1692,'68-71=199','68+71=139',op_and_digit_balance,7,9,3,2,-,+,,,,,,,'6;8;-;7;1;=;1;9;9','6;8;+;7;1;=;1;3;9'
1693,'52+15=36','52-16=36',op_and_digit_balance,2,+,-,4,5,6,,,,,,,'5;2;+;1;5;=;3;6','5;2;-;1;6;=;3;6'
1694,'63+37=25','63-37=26',op_and_digit_balance,2,+,-,7,5,6,,,,,,,'6;3;+;3;7;=;2;5','6;3;-;3;7;=;2;6'
1695,'13+55=80','13+55=68',digit_to_digit,6,8,6,7,0,8,,,,,,,'1;3;+;5;5;=;8;0','1;3;+;5;5;=;6;8'
1696,'69-18=-1','69-70=-1',digit_to_digit,4,8,0,3,1,7,,,,,,,'6;9;-;1;8;=;-;1','6;9;-;7;0;=;-;1'
1697,'41-24=71','41-24=17',digit_to_digit,6,7,1,7,1,7,,,,,,,'4;1;-;2;4;=;7;1','4;1;-;2;4;=;1;7'
1698,'61+76=17','61+16=77',digit_to_digit,3,7,1,6,1,7,,,,,,,'6;1;+;7;6;=;1;7','6;1;+;1;6;=;7;7'
1699,'73+22=57','79-22=57',op_and_digit_balance,2,+,-,1,3,9,,,,,,,'7;3;+;2;2;=;5;7','7;9;-;2;2;=;5;7'
1700,'58+81=-13','68-81=-13',op_and_digit_balance,2,+,-,0,5,6,,,,,,,'5;8;+;8;1;=;-;1;3','6;8;-;8;1;=;-;1;3'
1701,'29-93=-60','23-83=-60',digit_to_digit,1,9,3,3,9,8,,,,,,,'2;9;-;9;3;=;-;6;0','2;3;-;8;3;=;-;6;0'
1702,'24=17-7','24-17=7',swap_-_and_=,2,=,-,5,-,=,,,,,,,'2;4;=;1;7;-;7','2;4;-;1;7;=;7'
1703,'27+35=-68','27-95=-68',op_and_digit_balance,2,+,-,3,3,9,,,,,,,'2;7;+;3;5;=;-;6;8','2;7;-;9;5;=;-;6;8'
1704,'34-36=-12','24-36=-12',within_digit,0,3,2,,,,,,,,,,'3;4;-;3;6;=;-;1;2','2;4;-;3;6;=;-;1;2'
1705,'28+58=88','28+60=88',digit_to_digit,4,8,0,3,5,6,,,,,,,'2;8;+;5;8;=;8;8','2;8;+;6;0;=;8;8'
1706,'43+77=130','43+77=120',within_digit,7,3,2,,,,,,,,,,'4;3;+;7;7;=;1;3;0','4;3;+;7;7;=;1;2;0'
1707,'81=84--3','81-84=-3',swap_-_and_=,2,=,-,5,-,=,,,,,,,'8;1;=;8;4;-;-;3','8;1;-;8;4;=;-;3'
1708,'54+21=19','54+21=75',digit_to_digit,7,9,5,6,1,7,,,,,,,'5;4;+;2;1;=;1;9','5;4;+;2;1;=;7;5'
1709,'48+21=51','40+21=61',digit_to_digit,1,8,0,6,5,6,,,,,,,'4;8;+;2;1;=;5;1','4;0;+;2;1;=;6;1'
1710,'84+12=12','84-72=12',op_and_digit_balance,2,+,-,3,1,7,,,,,,,'8;4;+;1;2;=;1;2','8;4;-;7;2;=;1;2'
1711,'48-81=128','48+81=129',op_and_digit_balance,8,8,9,2,-,+,,,,,,,'4;8;-;8;1;=;1;2;8','4;8;+;8;1;=;1;2;9'
1712,'59+25=90','55+25=80',digit_to_digit,1,9,5,6,9,8,,,,,,,'5;9;+;2;5;=;9;0','5;5;+;2;5;=;8;0'
1713,'31+37=728','91+37=128',digit_to_digit,6,7,1,0,3,9,,,,,,,'3;1;+;3;7;=;7;2;8','9;1;+;3;7;=;1;2;8'
1714,'95+70=26','96-70=26',op_and_digit_balance,2,+,-,1,5,6,,,,,,,'9;5;+;7;0;=;2;6','9;6;-;7;0;=;2;6'
1715,'95+35=50','95-35=60',op_and_digit_balance,2,+,-,6,5,6,,,,,,,'9;5;+;3;5;=;5;0','9;5;-;3;5;=;6;0'
1716,'33-99=0','39-39=0',digit_to_digit,3,9,3,1,3,9,,,,,,,'3;3;-;9;9;=;0','3;9;-;3;9;=;0'
1717,'81+32=-11','81-92=-11',op_and_digit_balance,2,+,-,3,3,9,,,,,,,'8;1;+;3;2;=;-;11','8;1;-;9;2;=;-;11'
1718,'93+34=117','93+24=117',within_digit,3,3,2,,,,,,,,,,'9;3;+;3;4;=;11;7','9;3;+;2;4;=;11;7'
1719,'19-73=-511','19-73=-54',four_eleven,8,11,4,,,,,,,,,,'1;9;-;7;3;=;-;5;11','1;9;-;7;3;=;-;5;4'
1720,'34=90--56','34-90=-56',swap_-_and_=,2,=,-,5,-,=,,,,,,,'3;4;=;9;0;-;-;5;6','3;4;-;9;0;=;-;5;6'
1721,'14-98=-16','74-90=-16',digit_to_digit,4,8,0,0,1,7,,,,,,,'1;4;-;9;8;=;-;1;6','7;4;-;9;0;=;-;1;6'
1722,'95+42=43','85-42=43',op_and_digit_balance,2,+,-,0,9,8,,,,,,,'9;5;+;4;2;=;4;3','8;5;-;4;2;=;4;3'
1723,'28-28=54','28+26=54',op_and_digit_balance,4,8,6,2,-,+,,,,,,,'2;8;-;2;8;=;5;4','2;8;+;2;6;=;5;4'
1724,'85+39=723','85+38=123',digit_to_digit,6,7,1,4,9,8,,,,,,,'8;5;+;3;9;=;7;2;3','8;5;+;3;8;=;1;2;3'
1725,'54-48=103','54+49=103',op_and_digit_balance,4,8,9,2,-,+,,,,,,,'5;4;-;4;8;=;1;0;3','5;4;+;4;9;=;1;0;3'
1726,'49+60=123','43+80=123',digit_to_digit,1,9,3,3,6,8,,,,,,,'4;9;+;6;0;=;1;2;3','4;3;+;8;0;=;1;2;3'
1727,'38-88=2','90-88=2',digit_to_digit,1,8,0,0,3,9,,,,,,,'3;8;-;8;8;=;2','9;0;-;8;8;=;2'
1728,'72-18=-4','72-76=-4',digit_to_digit,4,8,6,3,1,7,,,,,,,'7;2;-;1;8;=;-;4','7;2;-;7;6;=;-;4'
1729,'84+10=14','84-70=14',op_and_digit_balance,2,+,-,3,1,7,,,,,,,'8;4;+;1;0;=;1;4','8;4;-;7;0;=;1;4'
1730,'75+65=131','76+55=131',digit_to_digit,3,6,5,1,5,6,,,,,,,'7;5;+;6;5;=;1;3;1','7;6;+;5;5;=;1;3;1'
1731,'38+49=65','36+49=85',digit_to_digit,1,8,6,6,6,8,,,,,,,'3;8;+;4;9;=;6;5','3;6;+;4;9;=;8;5'
1732,'79+15=92','73+19=92',digit_to_digit,1,9,3,4,5,9,,,,,,,'7;9;+;1;5;=;9;2','7;3;+;1;9;=;9;2'
1733,'72-74=86','72+14=86',op_and_digit_balance,3,7,1,2,-,+,,,,,,,'7;2;-;7;4;=;8;6','7;2;+;1;4;=;8;6'
1734,'71-88=151','71+80=151',op_and_digit_balance,4,8,0,2,-,+,,,,,,,'7;1;-;8;8;=;1;5;1','7;1;+;8;0;=;1;5;1'
1735,'21-74=85','21+74=95',op_and_digit_balance,6,8,9,2,-,+,,,,,,,'2;1;-;7;4;=;8;5','2;1;+;7;4;=;9;5'
1736,'85+61=18','85-67=18',op_and_digit_balance,2,+,-,4,1,7,,,,,,,'8;5;+;6;1;=;1;8','8;5;-;6;7;=;1;8'
1737,'52+40=52','92-40=52',op_and_digit_balance,2,+,-,0,5,9,,,,,,,'5;2;+;4;0;=;5;2','9;2;-;4;0;=;5;2'
1738,'75-63=198','75+63=138',op_and_digit_balance,7,9,3,2,-,+,,,,,,,'7;5;-;6;3;=;1;9;8','7;5;+;6;3;=;1;3;8'
1739,'34-84=128','34+94=128',op_and_digit_balance,3,8,9,2,-,+,,,,,,,'3;4;-;8;4;=;1;2;8','3;4;+;9;4;=;1;2;8'
1740,'18-28=47','19+28=47',op_and_digit_balance,1,8,9,2,-,+,,,,,,,'1;8;-;2;8;=;4;7','1;9;+;2;8;=;4;7'
1741,'33-44=-21','23-44=-21',within_digit,0,3,2,,,,,,,,,,'3;3;-;4;4;=;-;2;1','2;3;-;4;4;=;-;2;1'
1742,'20-44=84','20+44=64',op_and_digit_balance,6,8,6,2,-,+,,,,,,,'2;0;-;4;4;=;8;4','2;0;+;4;4;=;6;4'
1743,'60+39=22','60-38=22',op_and_digit_balance,2,+,-,4,9,8,,,,,,,'6;0;+;3;9;=;2;2','6;0;-;3;8;=;2;2'
1744,'76-32=48','16+32=48',op_and_digit_balance,0,7,1,2,-,+,,,,,,,'7;6;-;3;2;=;4;8','1;6;+;3;2;=;4;8'
1745,'22-69=85','22+63=85',op_and_digit_balance,4,9,3,2,-,+,,,,,,,'2;2;-;6;9;=;8;5','2;2;+;6;3;=;8;5'
1746,'61=99--38','61-99=-38',swap_-_and_=,2,=,-,5,-,=,,,,,,,'6;1;=;9;9;-;-;3;8','6;1;-;9;9;=;-;3;8'
1747,'15=29--14','15-29=-14',swap_-_and_=,2,=,-,5,-,=,,,,,,,'1;5;=;2;9;-;-;1;4','1;5;-;2;9;=;-;1;4'
1748,'64=76--12','64-76=-12',swap_-_and_=,2,=,-,5,-,=,,,,,,,'6;4;=;7;6;-;-;1;2','6;4;-;7;6;=;-;1;2'
1749,'19-37=52','15+37=52',op_and_digit_balance,1,9,5,2,-,+,,,,,,,'1;9;-;3;7;=;5;2','1;5;+;3;7;=;5;2'
1750,'53-37=15','52-37=15',within_digit,1,3,2,,,,,,,,,,'5;3;-;3;7;=;1;5','5;2;-;3;7;=;1;5'
1751,'54+81=121','54+67=121',digit_to_digit,3,8,6,4,1,7,,,,,,,'5;4;+;8;1;=;1;2;1','5;4;+;6;7;=;1;2;1'
1752,'56-47=109','56+47=103',op_and_digit_balance,8,9,3,2,-,+,,,,,,,'5;6;-;4;7;=;1;0;9','5;6;+;4;7;=;1;0;3'
1753,'92+32=0','92-92=0',op_and_digit_balance,2,+,-,3,3,9,,,,,,,'9;2;+;3;2;=;0','9;2;-;9;2;=;0'
1754,'69-31=90','59+31=90',op_and_digit_balance,0,6,5,2,-,+,,,,,,,'6;9;-;3;1;=;9;0','5;9;+;3;1;=;9;0'
1755,'43+51=93','42+51=93',within_digit,1,3,2,,,,,,,,,,'4;3;+;5;1;=;9;3','4;2;+;5;1;=;9;3'
1756,'99+71=179','99+71=170',within_digit,8,9,0,,,,,,,,,,'9;9;+;7;1;=;1;7;9','9;9;+;7;1;=;1;7;0'
1757,'14-88=-711','14-88=-74',four_eleven,8,11,4,,,,,,,,,,'1;4;-;8;8;=;-;7;11','1;4;-;8;8;=;-;7;4'
1758,'15-50=29','75-50=25',digit_to_digit,7,9,5,0,1,7,,,,,,,'1;5;-;5;0;=;2;9','7;5;-;5;0;=;2;5'
1759,'61-20=87','61+20=81',op_and_digit_balance,7,7,1,2,-,+,,,,,,,'6;1;-;2;0;=;8;7','6;1;+;2;0;=;8;1'
1760,'47-89=146','47+99=146',op_and_digit_balance,3,8,9,2,-,+,,,,,,,'4;7;-;8;9;=;1;4;6','4;7;+;9;9;=;1;4;6'
1761,'22+61=-45','22-67=-45',op_and_digit_balance,2,+,-,4,1,7,,,,,,,'2;2;+;6;1;=;-;4;5','2;2;-;6;7;=;-;4;5'
1762,'20+61=-61','20-81=-61',op_and_digit_balance,2,+,-,3,6,8,,,,,,,'2;0;+;6;1;=;-;6;1','2;0;-;8;1;=;-;6;1'
1763,'20=66--46','20-66=-46',swap_-_and_=,2,=,-,5,-,=,,,,,,,'2;0;=;6;6;-;-;4;6','2;0;-;6;6;=;-;4;6'
1764,'50+49=2','50-48=2',op_and_digit_balance,2,+,-,4,9,8,,,,,,,'5;0;+;4;9;=;2','5;0;-;4;8;=;2'
1765,'50+98=746','50+98=148',digit_to_digit,6,7,1,8,6,8,,,,,,,'5;0;+;9;8;=;7;4;6','5;0;+;9;8;=;1;4;8'
1766,'81+32=179','81+92=173',digit_to_digit,8,9,3,3,3,9,,,,,,,'8;1;+;3;2;=;1;7;9','8;1;+;9;2;=;1;7;3'
1767,'95-94=65','99-34=65',digit_to_digit,3,9,3,1,5,9,,,,,,,'9;5;-;9;4;=;6;5','9;9;-;3;4;=;6;5'
1768,'29+46=14','29+45=74',digit_to_digit,4,6,5,6,1,7,,,,,,,'2;9;+;4;6;=;1;4','2;9;+;4;5;=;7;4'
1769,'81=17-64','81-17=64',swap_-_and_=,2,=,-,5,-,=,,,,,,,'8;1;=;1;7;-;6;4','8;1;-;1;7;=;6;4'
1770,'72-72=744','72+72=144',op_and_digit_balance,6,7,1,2,-,+,,,,,,,'7;2;-;7;2;=;7;4;4','7;2;+;7;2;=;1;4;4'
1771,'16=14-2','16-14=2',swap_-_and_=,2,=,-,5,-,=,,,,,,,'1;6;=;1;4;-;2','1;6;-;1;4;=;2'
1772,'45+72=-26','46-72=-26',op_and_digit_balance,2,+,-,1,5,6,,,,,,,'4;5;+;7;2;=;-;2;6','4;6;-;7;2;=;-;2;6'
1773,'54+98=-34','64-98=-34',op_and_digit_balance,2,+,-,0,5,6,,,,,,,'5;4;+;9;8;=;-;3;4','6;4;-;9;8;=;-;3;4'
1774,'30+55=745','90+55=145',digit_to_digit,6,7,1,0,3,9,,,,,,,'3;0;+;5;5;=;7;4;5','9;0;+;5;5;=;1;4;5'
1775,'92+48=128','82+46=128',digit_to_digit,4,8,6,0,9,8,,,,,,,'9;2;+;4;8;=;1;2;8','8;2;+;4;6;=;1;2;8'
1776,'14-79=-55','14-73=-59',digit_to_digit,4,9,3,8,5,9,,,,,,,'1;4;-;7;9;=;-;5;5','1;4;-;7;3;=;-;5;9'
1777,'59+48=39','59+40=99',digit_to_digit,4,8,0,6,3,9,,,,,,,'5;9;+;4;8;=;3;9','5;9;+;4;0;=;9;9'
1778,'99=45-54','99-45=54',swap_-_and_=,2,=,-,5,-,=,,,,,,,'9;9;=;4;5;-;5;4','9;9;-;4;5;=;5;4'
1779,'40=71--31','40-71=-31',swap_-_and_=,2,=,-,5,-,=,,,,,,,'4;0;=;7;1;-;-;3;1','4;0;-;7;1;=;-;3;1'
1780,'14-91=705','14+91=105',op_and_digit_balance,6,7,1,2,-,+,,,,,,,'1;4;-;9;1;=;7;0;5','1;4;+;9;1;=;1;0;5'
1781,'95-35=4','39-35=4',digit_to_digit,0,9,3,1,5,9,,,,,,,'9;5;-;3;5;=;4','3;9;-;3;5;=;4'
1782,'25+34=-5','29-34=-5',op_and_digit_balance,2,+,-,1,5,9,,,,,,,'2;5;+;3;4;=;-;5','2;9;-;3;4;=;-;5'
1783,'42-93=-47','42-83=-41',digit_to_digit,8,7,1,3,9,8,,,,,,,'4;2;-;9;3;=;-;4;7','4;2;-;8;3;=;-;4;1'
1784,'59-56=109','53+56=109',op_and_digit_balance,1,9,3,2,-,+,,,,,,,'5;9;-;5;6;=;1;0;9','5;3;+;5;6;=;1;0;9'
1785,'96-36=8','96-96=0',digit_to_digit,6,8,0,3,3,9,,,,,,,'9;6;-;3;6;=;8','9;6;-;9;6;=;0'
1786,'51+22=35','57-22=35',op_and_digit_balance,2,+,-,1,1,7,,,,,,,'5;1;+;2;2;=;3;5','5;7;-;2;2;=;3;5'
1787,'72+75=97','12+75=87',digit_to_digit,0,7,1,6,9,8,,,,,,,'7;2;+;7;5;=;9;7','1;2;+;7;5;=;8;7'
1788,'55-97=-112','55-97=-42',four_eleven,7,11,4,,,,,,,,,,'5;5;-;9;7;=;-;11;2','5;5;-;9;7;=;-;4;2'
1789,'61+53=44','61+53=114',four_eleven,6,4,11,,,,,,,,,,'6;1;+;5;3;=;4;4','6;1;+;5;3;=;11;4'
1790,'44+75=110','44+75=119',within_digit,7,0,9,,,,,,,,,,'4;4;+;7;5;=;11;0','4;4;+;7;5;=;11;9'
1791,'53-59=-40','53-93=-40',digit_to_digit,4,9,3,3,5,9,,,,,,,'5;3;-;5;9;=;-;4;0','5;3;-;9;3;=;-;4;0'
1792,'31-97=0','91-91=0',digit_to_digit,4,7,1,0,3,9,,,,,,,'3;1;-;9;7;=;0','9;1;-;9;1;=;0'
1793,'75+96=775','79+96=175',digit_to_digit,6,7,1,1,5,9,,,,,,,'7;5;+;9;6;=;7;7;5','7;9;+;9;6;=;1;7;5'
1794,'19=45--26','19-45=-26',swap_-_and_=,2,=,-,5,-,=,,,,,,,'1;9;=;4;5;-;-;2;6','1;9;-;4;5;=;-;2;6'
1795,'14+53=21','74-53=21',op_and_digit_balance,2,+,-,0,1,7,,,,,,,'1;4;+;5;3;=;2;1','7;4;-;5;3;=;2;1'
1796,'62-73=-10','62-72=-10',within_digit,4,3,2,,,,,,,,,,'6;2;-;7;3;=;-;1;0','6;2;-;7;2;=;-;1;0'
1797,'93-15=-42','33-75=-42',digit_to_digit,0,9,3,3,1,7,,,,,,,'9;3;-;1;5;=;-;4;2','3;3;-;7;5;=;-;4;2'
1798,'15-78=33','15+18=33',op_and_digit_balance,3,7,1,2,-,+,,,,,,,'1;5;-;7;8;=;3;3','1;5;+;1;8;=;3;3'
1799,'12=78--66','12-78=-66',swap_-_and_=,2,=,-,5,-,=,,,,,,,'1;2;=;7;8;-;-;6;6','1;2;-;7;8;=;-;6;6'
1800,'78-65=83','18+65=83',op_and_digit_balance,0,7,1,2,-,+,,,,,,,'7;8;-;6;5;=;8;3','1;8;+;6;5;=;8;3'
1801,'55+74=-15','55-74=-19',op_and_digit_balance,2,+,-,8,5,9,,,,,,,'5;5;+;7;4;=;-;1;5','5;5;-;7;4;=;-;1;9'
1802,'58+72=-4','68-72=-4',op_and_digit_balance,2,+,-,0,5,6,,,,,,,'5;8;+;7;2;=;-;4','6;8;-;7;2;=;-;4'
1803,'51+23=22','51-29=22',op_and_digit_balance,2,+,-,4,3,9,,,,,,,'5;1;+;2;3;=;2;2','5;1;-;2;9;=;2;2'
1804,'35+70=46','36+10=46',digit_to_digit,3,7,1,1,5,6,,,,,,,'3;5;+;7;0;=;4;6','3;6;+;1;0;=;4;6'
1805,'22-92=54','22+32=54',op_and_digit_balance,3,9,3,2,-,+,,,,,,,'2;2;-;9;2;=;5;4','2;2;+;3;2;=;5;4'
1806,'75+21=55','76-21=55',op_and_digit_balance,2,+,-,1,5,6,,,,,,,'7;5;+;2;1;=;5;5','7;6;-;2;1;=;5;5'
1807,'18-82=-14','18-92=-74',digit_to_digit,3,8,9,7,1,7,,,,,,,'1;8;-;8;2;=;-;1;4','1;8;-;9;2;=;-;7;4'
1808,'76-19=-2','16-18=-2',digit_to_digit,0,7,1,4,9,8,,,,,,,'7;6;-;1;9;=;-;2','1;6;-;1;8;=;-;2'
1809,'23=95--72','23-95=-72',swap_-_and_=,2,=,-,5,-,=,,,,,,,'2;3;=;9;5;-;-;7;2','2;3;-;9;5;=;-;7;2'
1810,'17=82--65','17-82=-65',swap_-_and_=,2,=,-,5,-,=,,,,,,,'1;7;=;8;2;-;-;6;5','1;7;-;8;2;=;-;6;5'
1811,'57-28=89','57+28=85',op_and_digit_balance,7,9,5,2,-,+,,,,,,,'5;7;-;2;8;=;8;9','5;7;+;2;8;=;8;5'
1812,'49-80=123','43+80=123',op_and_digit_balance,1,9,3,2,-,+,,,,,,,'4;9;-;8;0;=;1;2;3','4;3;+;8;0;=;1;2;3'
1813,'19+16=99','79+16=95',digit_to_digit,7,9,5,0,1,7,,,,,,,'1;9;+;1;6;=;9;9','7;9;+;1;6;=;9;5'
1814,'59=26-33','59-26=33',swap_-_and_=,2,=,-,5,-,=,,,,,,,'5;9;=;2;6;-;3;3','5;9;-;2;6;=;3;3'
1815,'98+93=157','98+93=191',digit_to_digit,8,7,1,7,5,9,,,,,,,'9;8;+;9;3;=;1;5;7','9;8;+;9;3;=;1;9;1'
1816,'37+85=117','31+86=117',digit_to_digit,1,7,1,4,5,6,,,,,,,'3;7;+;8;5;=;11;7','3;1;+;8;6;=;11;7'
1817,'91+86=3','91-88=3',op_and_digit_balance,2,+,-,4,6,8,,,,,,,'9;1;+;8;6;=;3','9;1;-;8;8;=;3'
1818,'55+51=14','65-51=14',op_and_digit_balance,2,+,-,0,5,6,,,,,,,'5;5;+;5;1;=;1;4','6;5;-;5;1;=;1;4'
1819,'49+52=-13','49-62=-13',op_and_digit_balance,2,+,-,3,5,6,,,,,,,'4;9;+;5;2;=;-;1;3','4;9;-;6;2;=;-;1;3'
1820,'42-65=187','42+65=107',op_and_digit_balance,7,8,0,2,-,+,,,,,,,'4;2;-;6;5;=;1;8;7','4;2;+;6;5;=;1;0;7'
1821,'25+49=-23','26-49=-23',op_and_digit_balance,2,+,-,1,5,6,,,,,,,'2;5;+;4;9;=;-;2;3','2;6;-;4;9;=;-;2;3'
1822,'45+97=-51','46-97=-51',op_and_digit_balance,2,+,-,1,5,6,,,,,,,'4;5;+;9;7;=;-;5;1','4;6;-;9;7;=;-;5;1'
1823,'52+12=80','92-12=80',op_and_digit_balance,2,+,-,0,5,9,,,,,,,'5;2;+;1;2;=;8;0','9;2;-;1;2;=;8;0'
1824,'99-98=189','99+90=189',op_and_digit_balance,4,8,0,2,-,+,,,,,,,'9;9;-;9;8;=;1;8;9','9;9;+;9;0;=;1;8;9'
1825,'68-94=-8','88-94=-6',digit_to_digit,7,8,6,0,6,8,,,,,,,'6;8;-;9;4;=;-;8','8;8;-;9;4;=;-;6'
1826,'22=66--44','22-66=-44',swap_-_and_=,2,=,-,5,-,=,,,,,,,'2;2;=;6;6;-;-;4;4','2;2;-;6;6;=;-;4;4'
1827,'81+50=21','81-60=21',op_and_digit_balance,2,+,-,3,5,6,,,,,,,'8;1;+;5;0;=;2;1','8;1;-;6;0;=;2;1'
1828,'91-81=112','31+81=112',op_and_digit_balance,0,9,3,2,-,+,,,,,,,'9;1;-;8;1;=;11;2','3;1;+;8;1;=;11;2'
1829,'52+75=-24','52-76=-24',op_and_digit_balance,2,+,-,4,5,6,,,,,,,'5;2;+;7;5;=;-;2;4','5;2;-;7;6;=;-;2;4'
1830,'51+15=35','51-16=35',op_and_digit_balance,2,+,-,4,5,6,,,,,,,'5;1;+;1;5;=;3;5','5;1;-;1;6;=;3;5'
1831,'20+29=51','28+23=51',digit_to_digit,4,9,3,1,0,8,,,,,,,'2;0;+;2;9;=;5;1','2;8;+;2;3;=;5;1'
1832,'61+46=119','67+46=113',digit_to_digit,7,9,3,1,1,7,,,,,,,'6;1;+;4;6;=;11;9','6;7;+;4;6;=;11;3'
1833,'53-70=63','53+10=63',op_and_digit_balance,3,7,1,2,-,+,,,,,,,'5;3;-;7;0;=;6;3','5;3;+;1;0;=;6;3'
1834,'14-81=85','14+81=95',op_and_digit_balance,6,8,9,2,-,+,,,,,,,'1;4;-;8;1;=;8;5','1;4;+;8;1;=;9;5'
1835,'56+60=-24','56-80=-24',op_and_digit_balance,2,+,-,3,6,8,,,,,,,'5;6;+;6;0;=;-;2;4','5;6;-;8;0;=;-;2;4'
1836,'22+95=51','22+35=57',digit_to_digit,3,9,3,7,1,7,,,,,,,'2;2;+;9;5;=;5;1','2;2;+;3;5;=;5;7'
1837,'25=57--32','25-57=-32',swap_-_and_=,2,=,-,5,-,=,,,,,,,'2;5;=;5;7;-;-;3;2','2;5;-;5;7;=;-;3;2'
1838,'14+53=-45','14-59=-45',op_and_digit_balance,2,+,-,4,3,9,,,,,,,'1;4;+;5;3;=;-;4;5','1;4;-;5;9;=;-;4;5'
1839,'65-83=128','65+63=128',op_and_digit_balance,3,8,6,2,-,+,,,,,,,'6;5;-;8;3;=;1;2;8','6;5;+;6;3;=;1;2;8'
1840,'26=98--72','26-98=-72',swap_-_and_=,2,=,-,5,-,=,,,,,,,'2;6;=;9;8;-;-;7;2','2;6;-;9;8;=;-;7;2'
1841,'35-94=41','95-54=41',digit_to_digit,3,9,5,0,3,9,,,,,,,'3;5;-;9;4;=;4;1','9;5;-;5;4;=;4;1'
1842,'39+94=123','29+94=123',within_digit,0,3,2,,,,,,,,,,'3;9;+;9;4;=;1;2;3','2;9;+;9;4;=;1;2;3'
1843,'71+25=42','71-29=42',op_and_digit_balance,2,+,-,4,5,9,,,,,,,'7;1;+;2;5;=;4;2','7;1;-;2;9;=;4;2'
1844,'35+73=40','35+13=48',digit_to_digit,3,7,1,7,0,8,,,,,,,'3;5;+;7;3;=;4;0','3;5;+;1;3;=;4;8'
1845,'49-87=-96','49-87=-38',digit_to_digit,7,9,3,8,6,8,,,,,,,'4;9;-;8;7;=;-;9;6','4;9;-;8;7;=;-;3;8'
1846,'32+83=105','22+83=105',within_digit,0,3,2,,,,,,,,,,'3;2;+;8;3;=;1;0;5','2;2;+;8;3;=;1;0;5'
1847,'18+65=77','18+59=77',digit_to_digit,3,6,5,4,5,9,,,,,,,'1;8;+;6;5;=;7;7','1;8;+;5;9;=;7;7'
1848,'52-57=-9','52-61=-9',digit_to_digit,4,7,1,3,5,6,,,,,,,'5;2;-;5;7;=;-;9','5;2;-;6;1;=;-;9'
1849,'59+58=47','59+58=117',four_eleven,6,4,11,,,,,,,,,,'5;9;+;5;8;=;4;7','5;9;+;5;8;=;11;7'
1850,'54-28=74','54+20=74',op_and_digit_balance,4,8,0,2,-,+,,,,,,,'5;4;-;2;8;=;7;4','5;4;+;2;0;=;7;4'
1851,'30+59=-23','30-59=-29',op_and_digit_balance,2,+,-,8,3,9,,,,,,,'3;0;+;5;9;=;-;2;3','3;0;-;5;9;=;-;2;9'
1852,'58+51=199','58+51=109',within_digit,7,9,0,,,,,,,,,,'5;8;+;5;1;=;1;9;9','5;8;+;5;1;=;1;0;9'
1853,'11+95=-74','11-85=-74',op_and_digit_balance,1,+,-,2,9,8,,,,,,,'11;+;9;5;=;-;7;4','11;-;8;5;=;-;7;4'
1854,'67-78=11','87-76=11',digit_to_digit,4,8,6,0,6,8,,,,,,,'6;7;-;7;8;=;11','8;7;-;7;6;=;11'
1855,'57-22=49','67-22=45',digit_to_digit,7,9,5,0,5,6,,,,,,,'5;7;-;2;2;=;4;9','6;7;-;2;2;=;4;5'
1856,'93+81=18','99-81=18',op_and_digit_balance,2,+,-,1,3,9,,,,,,,'9;3;+;8;1;=;1;8','9;9;-;8;1;=;1;8'
1857,'78-38=114','76+38=114',op_and_digit_balance,1,8,6,2,-,+,,,,,,,'7;8;-;3;8;=;11;4','7;6;+;3;8;=;11;4'
1858,'19=95--76','19-95=-76',swap_-_and_=,2,=,-,5,-,=,,,,,,,'1;9;=;9;5;-;-;7;6','1;9;-;9;5;=;-;7;6'
1859,'30-23=93','30+23=53',op_and_digit_balance,6,9,5,2,-,+,,,,,,,'3;0;-;2;3;=;9;3','3;0;+;2;3;=;5;3'
1860,'52+51=743','92+51=143',digit_to_digit,6,7,1,0,5,9,,,,,,,'5;2;+;5;1;=;7;4;3','9;2;+;5;1;=;1;4;3'
1861,'97+32=55','87-32=55',op_and_digit_balance,2,+,-,0,9,8,,,,,,,'9;7;+;3;2;=;5;5','8;7;-;3;2;=;5;5'
1862,'89-89=174','89+85=174',op_and_digit_balance,4,9,5,2,-,+,,,,,,,'8;9;-;8;9;=;1;7;4','8;9;+;8;5;=;1;7;4'
1863,'56-26=48','66-26=40',digit_to_digit,7,8,0,0,5,6,,,,,,,'5;6;-;2;6;=;4;8','6;6;-;2;6;=;4;0'
1864,'90+80=82','90-8-0=82',,2,+,-,,,,,,,,,,9;0;+;8;0;=;8;2',9;0;-;8;-;0;=;8;2'
1865,'71+63=124','71+63=134',within_digit,7,2,3,,,,,,,,,,'7;1;+;6;3;=;1;2;4','7;1;+;6;3;=;1;3;4'
1866,'50-87=-21','60-81=-21',digit_to_digit,4,7,1,0,5,6,,,,,,,'5;0;-;8;7;=;-;2;1','6;0;-;8;1;=;-;2;1'
1867,'19+89=98','19+69=88',digit_to_digit,3,8,6,6,9,8,,,,,,,'1;9;+;8;9;=;9;8','1;9;+;6;9;=;8;8'
1868,'90+65=759','90+69=159',digit_to_digit,6,7,1,4,5,9,,,,,,,'9;0;+;6;5;=;7;5;9','9;0;+;6;9;=;1;5;9'
1869,'21+22=48','27+22=49',digit_to_digit,7,8,9,1,1,7,,,,,,,'2;1;+;2;2;=;4;8','2;7;+;2;2;=;4;9'
1870,'41+59=109','41+59=100',within_digit,8,9,0,,,,,,,,,,'4;1;+;5;9;=;1;0;9','4;1;+;5;9;=;1;0;0'
1871,'54+77=-13','64-77=-13',op_and_digit_balance,2,+,-,0,5,6,,,,,,,'5;4;+;7;7;=;-;1;3','6;4;-;7;7;=;-;1;3'
1872,'59+52=721','69+52=121',digit_to_digit,6,7,1,0,5,6,,,,,,,'5;9;+;5;2;=;7;2;1','6;9;+;5;2;=;1;2;1'
1873,'25+35=720','25+95=120',digit_to_digit,6,7,1,3,3,9,,,,,,,'2;5;+;3;5;=;7;2;0','2;5;+;9;5;=;1;2;0'
1874,'82=71-11','82-71=11',swap_-_and_=,2,=,-,5,-,=,,,,,,,'8;2;=;7;1;-;11','8;2;-;7;1;=;11'
1875,'58+39=53','58+35=93',digit_to_digit,4,9,5,6,5,9,,,,,,,'5;8;+;3;9;=;5;3','5;8;+;3;5;=;9;3'
1876,'69-88=-5','83-88=-5',digit_to_digit,1,9,3,0,6,8,,,,,,,'6;9;-;8;8;=;-;5','8;3;-;8;8;=;-;5'
1877,'20+26=94','28+26=54',digit_to_digit,6,9,5,1,0,8,,,,,,,'2;0;+;2;6;=;9;4','2;8;+;2;6;=;5;4'
1878,'48+55=114','49+65=114',digit_to_digit,1,8,9,3,5,6,,,,,,,'4;8;+;5;5;=;11;4','4;9;+;6;5;=;11;4'
1879,'93+30=53','93-30=63',op_and_digit_balance,2,+,-,6,5,6,,,,,,,'9;3;+;3;0;=;5;3','9;3;-;3;0;=;6;3'
1880,'98+35=53','88-35=53',op_and_digit_balance,2,+,-,0,9,8,,,,,,,'9;8;+;3;5;=;5;3','8;8;-;3;5;=;5;3'
1881,'61+12=69','81-12=69',op_and_digit_balance,2,+,-,0,6,8,,,,,,,'6;1;+;1;2;=;6;9','8;1;-;1;2;=;6;9'
1882,'81+45=32','81-49=32',op_and_digit_balance,2,+,-,4,5,9,,,,,,,'8;1;+;4;5;=;3;2','8;1;-;4;9;=;3;2'
1883,'20+40=58','20+40=60',digit_to_digit,7,8,0,6,5,6,,,,,,,'2;0;+;4;0;=;5;8','2;0;+;4;0;=;6;0'
1884,'33+50=-11','39-50=-11',op_and_digit_balance,2,+,-,1,3,9,,,,,,,'3;3;+;5;0;=;-;11','3;9;-;5;0;=;-;11'
1885,'43+25=24','49-25=24',op_and_digit_balance,2,+,-,1,3,9,,,,,,,'4;3;+;2;5;=;2;4','4;9;-;2;5;=;2;4'
1886,'79-54=73','19+54=73',op_and_digit_balance,0,7,1,2,-,+,,,,,,,'7;9;-;5;4;=;7;3','1;9;+;5;4;=;7;3'
1887,'89+56=785','89+96=185',digit_to_digit,6,7,1,3,5,9,,,,,,,'8;9;+;5;6;=;7;8;5','8;9;+;9;6;=;1;8;5'
1888,'31+24=119','91+24=115',digit_to_digit,7,9,5,0,3,9,,,,,,,'3;1;+;2;4;=;11;9','9;1;+;2;4;=;11;5'
1889,'84-68=752','84+68=152',op_and_digit_balance,6,7,1,2,-,+,,,,,,,'8;4;-;6;8;=;7;5;2','8;4;+;6;8;=;1;5;2'
1890,'98-84=162','98+64=162',op_and_digit_balance,3,8,6,2,-,+,,,,,,,'9;8;-;8;4;=;1;6;2','9;8;+;6;4;=;1;6;2'
1891,'37+55=-19','37-55=-18',op_and_digit_balance,2,+,-,8,9,8,,,,,,,'3;7;+;5;5;=;-;1;9','3;7;-;5;5;=;-;1;8'
1892,'57-45=2','51-49=2',digit_to_digit,1,7,1,4,5,9,,,,,,,'5;7;-;4;5;=;2','5;1;-;4;9;=;2'
1893,'39-53=-75','38-53=-15',digit_to_digit,7,7,1,1,9,8,,,,,,,'3;9;-;5;3;=;-;7;5','3;8;-;5;3;=;-;1;5'
1894,'46-31=76','45+31=76',op_and_digit_balance,1,6,5,2,-,+,,,,,,,'4;6;-;3;1;=;7;6','4;5;+;3;1;=;7;6'
1895,'33-31=82','93-31=62',digit_to_digit,6,8,6,0,3,9,,,,,,,'3;3;-;3;1;=;8;2','9;3;-;3;1;=;6;2'
1896,'72-65=8','73-65=8',within_digit,1,2,3,,,,,,,,,,'7;2;-;6;5;=;8','7;3;-;6;5;=;8'
1897,'24+50=-34','24-58=-34',op_and_digit_balance,2,+,-,4,0,8,,,,,,,'2;4;+;5;0;=;-;3;4','2;4;-;5;8;=;-;3;4'
1898,'26+15=49','28+15=43',digit_to_digit,7,9,3,1,6,8,,,,,,,'2;6;+;1;5;=;4;9','2;8;+;1;5;=;4;3'
1899,'49+43=5','49-43=6',op_and_digit_balance,2,+,-,6,5,6,,,,,,,'4;9;+;4;3;=;5','4;9;-;4;3;=;6'
1900,'14-47=-21','14-41=-27',digit_to_digit,4,7,1,8,1,7,,,,,,,'1;4;-;4;7;=;-;2;1','1;4;-;4;1;=;-;2;7'
1901,'38-84=132','38+94=132',op_and_digit_balance,3,8,9,2,-,+,,,,,,,'3;8;-;8;4;=;1;3;2','3;8;+;9;4;=;1;3;2'
1902,'73+54=-21','73-94=-21',op_and_digit_balance,2,+,-,3,5,9,,,,,,,'7;3;+;5;4;=;-;2;1','7;3;-;9;4;=;-;2;1'
1903,'20-21=47','20+21=41',op_and_digit_balance,7,7,1,2,-,+,,,,,,,'2;0;-;2;1;=;4;7','2;0;+;2;1;=;4;1'
1904,'66+16=12','56+16=72',digit_to_digit,0,6,5,6,1,7,,,,,,,'6;6;+;1;6;=;1;2','5;6;+;1;6;=;7;2'
1905,'12-54=86','12+54=66',op_and_digit_balance,6,8,6,2,-,+,,,,,,,'1;2;-;5;4;=;8;6','1;2;+;5;4;=;6;6'
1906,'70+32=-22','70-92=-22',op_and_digit_balance,2,+,-,3,3,9,,,,,,,'7;0;+;3;2;=;-;2;2','7;0;-;9;2;=;-;2;2'
1907,'65+37=100','69+31=100',digit_to_digit,4,7,1,1,5,9,,,,,,,'6;5;+;3;7;=;1;0;0','6;9;+;3;1;=;1;0;0'
1908,'59-61=0','59-51=8',digit_to_digit,3,6,5,6,0,8,,,,,,,'5;9;-;6;1;=;0','5;9;-;5;1;=;8'
1909,'44-84=-110','44-84=-40',four_eleven,7,11,4,,,,,,,,,,'4;4;-;8;4;=;-;11;0','4;4;-;8;4;=;-;4;0'
1910,'45+51=-5','45-51=-6',op_and_digit_balance,2,+,-,7,5,6,,,,,,,'4;5;+;5;1;=;-;5','4;5;-;5;1;=;-;6'
1911,'50+66=24','90-66=24',op_and_digit_balance,2,+,-,0,5,9,,,,,,,'5;0;+;6;6;=;2;4','9;0;-;6;6;=;2;4'
1912,'85+78=162','85+78=163',within_digit,8,2,3,,,,,,,,,,'8;5;+;7;8;=;1;6;2','8;5;+;7;8;=;1;6;3'
1913,'34=36--2','34-36=-2',swap_-_and_=,2,=,-,5,-,=,,,,,,,'3;4;=;3;6;-;-;2','3;4;-;3;6;=;-;2'
1914,'91=40-51','91-40=51',swap_-_and_=,2,=,-,5,-,=,,,,,,,'9;1;=;4;0;-;5;1','9;1;-;4;0;=;5;1'
1915,'97+23=14','97-23=74',op_and_digit_balance,2,+,-,6,1,7,,,,,,,'9;7;+;2;3;=;1;4','9;7;-;2;3;=;7;4'
1916,'78-83=162','79+83=162',op_and_digit_balance,1,8,9,2,-,+,,,,,,,'7;8;-;8;3;=;1;6;2','7;9;+;8;3;=;1;6;2'
1917,'98-18=117','98+19=117',op_and_digit_balance,4,8,9,2,-,+,,,,,,,'9;8;-;1;8;=;11;7','9;8;+;1;9;=;11;7'
1918,'59+54=117','53+64=117',digit_to_digit,1,9,3,3,5,6,,,,,,,'5;9;+;5;4;=;11;7','5;3;+;6;4;=;11;7'
1919,'72-95=107','12+95=107',op_and_digit_balance,0,7,1,2,-,+,,,,,,,'7;2;-;9;5;=;1;0;7','1;2;+;9;5;=;1;0;7'
1920,'64-55=-2','54-56=-2',digit_to_digit,0,6,5,4,5,6,,,,,,,'6;4;-;5;5;=;-;2','5;4;-;5;6;=;-;2'
1921,'99+90=145','99+50=149',digit_to_digit,3,9,5,8,5,9,,,,,,,'9;9;+;9;0;=;1;4;5','9;9;+;5;0;=;1;4;9'
1922,'22+90=-58','22-90=-68',op_and_digit_balance,2,+,-,7,5,6,,,,,,,'2;2;+;9;0;=;-;5;8','2;2;-;9;0;=;-;6;8'
1923,'88-43=132','89+43=132',op_and_digit_balance,1,8,9,2,-,+,,,,,,,'8;8;-;4;3;=;1;3;2','8;9;+;4;3;=;1;3;2'
1924,'59+56=149','53+96=149',digit_to_digit,1,9,3,3,5,9,,,,,,,'5;9;+;5;6;=;1;4;9','5;3;+;9;6;=;1;4;9'
1925,'96=10-86','96-10=86',swap_-_and_=,2,=,-,5,-,=,,,,,,,'9;6;=;1;0;-;8;6','9;6;-;1;0;=;8;6'
1926,'14-44=-39','14-44=-30',within_digit,8,9,0,,,,,,,,,,'1;4;-;4;4;=;-;3;9','1;4;-;4;4;=;-;3;0'
1927,'72+37=199','72+37=109',within_digit,7,9,0,,,,,,,,,,'7;2;+;3;7;=;1;9;9','7;2;+;3;7;=;1;0;9'
1928,'20+93=43','20+93=113',four_eleven,6,4,11,,,,,,,,,,'2;0;+;9;3;=;4;3','2;0;+;9;3;=;11;3'
1929,'78-49=67','18+49=67',op_and_digit_balance,0,7,1,2,-,+,,,,,,,'7;8;-;4;9;=;6;7','1;8;+;4;9;=;6;7'
1930,'15+58=17','75-58=17',op_and_digit_balance,2,+,-,0,1,7,,,,,,,'1;5;+;5;8;=;1;7','7;5;-;5;8;=;1;7'
1931,'71+33=30','71-33=38',op_and_digit_balance,2,+,-,7,0,8,,,,,,,'7;1;+;3;3;=;3;0','7;1;-;3;3;=;3;8'
1932,'73-57=190','73+57=130',op_and_digit_balance,7,9,3,2,-,+,,,,,,,'7;3;-;5;7;=;1;9;0','7;3;+;5;7;=;1;3;0'
1933,'26-82=708','26+82=108',op_and_digit_balance,6,7,1,2,-,+,,,,,,,'2;6;-;8;2;=;7;0;8','2;6;+;8;2;=;1;0;8'
1934,'42-14=-92','42-74=-32',digit_to_digit,7,9,3,3,1,7,,,,,,,'4;2;-;1;4;=;-;9;2','4;2;-;7;4;=;-;3;2'
1935,'78-21=100','79+21=100',op_and_digit_balance,1,8,9,2,-,+,,,,,,,'7;8;-;2;1;=;1;0;0','7;9;+;2;1;=;1;0;0'
1936,'78-18=94','78+16=94',op_and_digit_balance,4,8,6,2,-,+,,,,,,,'7;8;-;1;8;=;9;4','7;8;+;1;6;=;9;4'
1937,'73-59=-40','19-59=-40',digit_to_digit,0,7,1,1,3,9,,,,,,,'7;3;-;5;9;=;-;4;0','1;9;-;5;9;=;-;4;0'
1938,'17-92=-19','17-92=-75',digit_to_digit,8,9,5,7,1,7,,,,,,,'1;7;-;9;2;=;-;1;9','1;7;-;9;2;=;-;7;5'
1939,'23-80=-91','23-80=-57',digit_to_digit,7,9,5,8,1,7,,,,,,,'2;3;-;8;0;=;-;9;1','2;3;-;8;0;=;-;5;7'
1940,'30+98=76','38+38=76',digit_to_digit,3,9,3,1,0,8,,,,,,,'3;0;+;9;8;=;7;6','3;8;+;3;8;=;7;6'
1941,'81-92=-9','87-92=-5',digit_to_digit,7,9,5,1,1,7,,,,,,,'8;1;-;9;2;=;-;9','8;7;-;9;2;=;-;5'
1942,'10-38=40','10+30=40',op_and_digit_balance,4,8,0,2,-,+,,,,,,,'1;0;-;3;8;=;4;0','1;0;+;3;0;=;4;0'
1943,'48+45=39','48+45=93',digit_to_digit,7,9,3,6,3,9,,,,,,,'4;8;+;4;5;=;3;9','4;8;+;4;5;=;9;3'
1944,'77+57=1311','77+57=134',four_eleven,8,11,4,,,,,,,,,,'7;7;+;5;7;=;1;3;11','7;7;+;5;7;=;1;3;4'
1945,'98+12=100','96+12=108',within_digit,1,8,6,8,0,8,,,,,,,'9;8;+;1;2;=;1;0;0','9;6;+;1;2;=;1;0;8'
1946,'56+18=30','56-18=38',op_and_digit_balance,2,+,-,7,0,8,,,,,,,'5;6;+;1;8;=;3;0','5;6;-;1;8;=;3;8'
1947,'58+92=-24','68-92=-24',op_and_digit_balance,2,+,-,0,5,6,,,,,,,'5;8;+;9;2;=;-;2;4','6;8;-;9;2;=;-;2;4'
1948,'54+73=137','54+73=127',within_digit,7,3,2,,,,,,,,,,'5;4;+;7;3;=;1;3;7','5;4;+;7;3;=;1;2;7'
1949,'18+19=89','10+79=89',digit_to_digit,1,8,0,3,1,7,,,,,,,'1;8;+;1;9;=;8;9','1;0;+;7;9;=;8;9'
1950,'56=96--40','56-96=-40',swap_-_and_=,2,=,-,5,-,=,,,,,,,'5;6;=;9;6;-;-;4;0','5;6;-;9;6;=;-;4;0'
1951,'17+88=91','17+80=97',digit_to_digit,4,8,0,7,1,7,,,,,,,'1;7;+;8;8;=;9;1','1;7;+;8;0;=;9;7'
1952,'36-80=118','36+80=116',op_and_digit_balance,7,8,6,2,-,+,,,,,,,'3;6;-;8;0;=;11;8','3;6;+;8;0;=;11;6'
1953,'28+40=-20','28-48=-20',op_and_digit_balance,2,+,-,4,0,8,,,,,,,'2;8;+;4;0;=;-;2;0','2;8;-;4;8;=;-;2;0'
1954,'61+98=119','81+38=119',digit_to_digit,3,9,3,0,6,8,,,,,,,'6;1;+;9;8;=;11;9','8;1;+;3;8;=;11;9'
1955,'12+18=-66','12-78=-66',op_and_digit_balance,2,+,-,3,1,7,,,,,,,'1;2;+;1;8;=;-;6;6','1;2;-;7;8;=;-;6;6'
1956,'58+85=181','96+85=181',digit_to_digit,1,8,6,0,5,9,,,,,,,'5;8;+;8;5;=;1;8;1','9;6;+;8;5;=;1;8;1'
1957,'11+16=37','11+16=27',within_digit,5,3,2,,,,,,,,,,'11;+;1;6;=;3;7','11;+;1;6;=;2;7'
1958,'31+12=113','31+12=43',four_eleven,6,11,4,,,,,,,,,,'3;1;+;1;2;=;11;3','3;1;+;1;2;=;4;3'
1959,'58-50=-40','50-90=-40',digit_to_digit,1,8,0,3,5,9,,,,,,,'5;8;-;5;0;=;-;4;0','5;0;-;9;0;=;-;4;0'
1960,'72+24=46','72-24=48',op_and_digit_balance,2,+,-,7,6,8,,,,,,,'7;2;+;2;4;=;4;6','7;2;-;2;4;=;4;8'
1961,'97-18=116','97+19=116',op_and_digit_balance,4,8,9,2,-,+,,,,,,,'9;7;-;1;8;=;11;6','9;7;+;1;9;=;11;6'
1962,'82-57=739','82+57=139',op_and_digit_balance,6,7,1,2,-,+,,,,,,,'8;2;-;5;7;=;7;3;9','8;2;+;5;7;=;1;3;9'
1963,'85+98=-12','86-98=-12',op_and_digit_balance,2,+,-,1,5,6,,,,,,,'8;5;+;9;8;=;-;1;2','8;6;-;9;8;=;-;1;2'
1964,'59+36=21','59-38=21',op_and_digit_balance,2,+,-,4,6,8,,,,,,,'5;9;+;3;6;=;2;1','5;9;-;3;8;=;2;1'
1965,'47+99=745','47+99=146',digit_to_digit,6,7,1,8,5,6,,,,,,,'4;7;+;9;9;=;7;4;5','4;7;+;9;9;=;1;4;6'
1966,'67-69=736','67+69=136',op_and_digit_balance,6,7,1,2,-,+,,,,,,,'6;7;-;6;9;=;7;3;6','6;7;+;6;9;=;1;3;6'
1967,'52-81=-28','53-81=-28',within_digit,1,2,3,,,,,,,,,,'5;2;-;8;1;=;-;2;8','5;3;-;8;1;=;-;2;8'
1968,'45+39=82','49+33=82',digit_to_digit,4,9,3,1,5,9,,,,,,,'4;5;+;3;9;=;8;2','4;9;+;3;3;=;8;2'
1969,'16+29=47','76-29=47',op_and_digit_balance,2,+,-,0,1,7,,,,,,,'1;6;+;2;9;=;4;7','7;6;-;2;9;=;4;7'
1970,'35+64=-25','35-64=-29',op_and_digit_balance,2,+,-,8,5,9,,,,,,,'3;5;+;6;4;=;-;2;5','3;5;-;6;4;=;-;2;9'
1971,'54+14=-20','54-74=-20',op_and_digit_balance,2,+,-,3,1,7,,,,,,,'5;4;+;1;4;=;-;2;0','5;4;-;7;4;=;-;2;0'
1972,'59+35=23','59-36=23',op_and_digit_balance,2,+,-,4,5,6,,,,,,,'5;9;+;3;5;=;2;3','5;9;-;3;6;=;2;3'
1973,'61+32=83','61+22=83',within_digit,3,3,2,,,,,,,,,,'6;1;+;3;2;=;8;3','6;1;+;2;2;=;8;3'
1974,'43-54=-27','43-64=-21',digit_to_digit,8,7,1,3,5,6,,,,,,,'4;3;-;5;4;=;-;2;7','4;3;-;6;4;=;-;2;1'
1975,'65-51=75','66-51=15',digit_to_digit,6,7,1,1,5,6,,,,,,,'6;5;-;5;1;=;7;5','6;6;-;5;1;=;1;5'
1976,'62-58=118','62+56=118',op_and_digit_balance,4,8,6,2,-,+,,,,,,,'6;2;-;5;8;=;11;8','6;2;+;5;6;=;11;8'
1977,'23+33=-4','29-33=-4',op_and_digit_balance,2,+,-,1,3,9,,,,,,,'2;3;+;3;3;=;-;4','2;9;-;3;3;=;-;4'
1978,'44+35=5','44-39=5',op_and_digit_balance,2,+,-,4,5,9,,,,,,,'4;4;+;3;5;=;5','4;4;-;3;9;=;5'
1979,'52=78--26','52-78=-26',swap_-_and_=,2,=,-,5,-,=,,,,,,,'5;2;=;7;8;-;-;2;6','5;2;-;7;8;=;-;2;6'
1980,'42-96=5','42-36=6',digit_to_digit,3,9,3,6,5,6,,,,,,,'4;2;-;9;6;=;5','4;2;-;3;6;=;6'
1981,'14-77=31','14+17=31',op_and_digit_balance,3,7,1,2,-,+,,,,,,,'1;4;-;7;7;=;3;1','1;4;+;1;7;=;3;1'
1982,'18-23=56','78-23=55',digit_to_digit,7,6,5,0,1,7,,,,,,,'1;8;-;2;3;=;5;6','7;8;-;2;3;=;5;5'
1983,'79+65=142','73+69=142',digit_to_digit,1,9,3,4,5,9,,,,,,,'7;9;+;6;5;=;1;4;2','7;3;+;6;9;=;1;4;2'
1984,'57+15=106','91+15=106',digit_to_digit,1,7,1,0,5,9,,,,,,,'5;7;+;1;5;=;1;0;6','9;1;+;1;5;=;1;0;6'
1985,'80-23=109','80+23=103',op_and_digit_balance,8,9,3,2,-,+,,,,,,,'8;0;-;2;3;=;1;0;9','8;0;+;2;3;=;1;0;3'
1986,'89-35=46','85-39=46',digit_to_digit,1,9,5,4,5,9,,,,,,,'8;9;-;3;5;=;4;6','8;5;-;3;9;=;4;6'
1987,'17+54=731','77+54=131',digit_to_digit,6,7,1,0,1,7,,,,,,,'1;7;+;5;4;=;7;3;1','7;7;+;5;4;=;1;3;1'
1988,'55+49=7','56-49=7',op_and_digit_balance,2,+,-,1,5,6,,,,,,,'5;5;+;4;9;=;7','5;6;-;4;9;=;7'
1989,'65-29=96','85-29=56',digit_to_digit,6,9,5,0,6,8,,,,,,,'6;5;-;2;9;=;9;6','8;5;-;2;9;=;5;6'
1990,'12-89=111','12+99=111',op_and_digit_balance,3,8,9,2,-,+,,,,,,,'1;2;-;8;9;=;1;11','1;2;+;9;9;=;1;11'
1991,'96+79=173','98+75=173',digit_to_digit,4,9,5,1,6,8,,,,,,,'9;6;+;7;9;=;1;7;3','9;8;+;7;5;=;1;7;3'
1992,'52+89=-27','62-89=-27',op_and_digit_balance,2,+,-,0,5,6,,,,,,,'5;2;+;8;9;=;-;2;7','6;2;-;8;9;=;-;2;7'
1993,'95=18-77','95-18=77',swap_-_and_=,2,=,-,5,-,=,,,,,,,'9;5;=;1;8;-;7;7','9;5;-;1;8;=;7;7'
1994,'23=42--19','23-42=-19',swap_-_and_=,2,=,-,5,-,=,,,,,,,'2;3;=;4;2;-;-;1;9','2;3;-;4;2;=;-;1;9'
1995,'61+87=-20','67-87=-20',op_and_digit_balance,2,+,-,1,1,7,,,,,,,'6;1;+;8;7;=;-;2;0','6;7;-;8;7;=;-;2;0'
1996,'39=33-6','39-33=6',swap_-_and_=,2,=,-,5,-,=,,,,,,,'3;9;=;3;3;-;6','3;9;-;3;3;=;6'
1997,'54-19=67','54+13=67',op_and_digit_balance,4,9,3,2,-,+,,,,,,,'5;4;-;1;9;=;6;7','5;4;+;1;3;=;6;7'
1998,'55+49=101','56+45=101',digit_to_digit,4,9,5,1,5,6,,,,,,,'5;5;+;4;9;=;1;0;1','5;6;+;4;5;=;1;0;1'
1999,'63-67=-34','53-87=-34',digit_to_digit,0,6,5,3,6,8,,,,,,,'6;3;-;6;7;=;-;3;4','5;3;-;8;7;=;-;3;4'
2000,'22-92=54','22+32=54',op_and_digit_balance,3,9,3,2,-,+,,,,,,,'2;2;-;9;2;=;5;4','2;2;+;3;2;=;5;4'
2001,'21+13=-52','21-73=-52',op_and_digit_balance,2,+,-,3,1,7,,,,,,,'2;1;+;1;3;=;-;5;2','2;1;-;7;3;=;-;5;2'
2002,'28-20=49','29+20=49',op_and_digit_balance,1,8,9,2,-,+,,,,,,,'2;8;-;2;0;=;4;9','2;9;+;2;0;=;4;9'
2003,'32-24=9','33-24=9',within_digit,1,2,3,,,,,,,,,,'3;2;-;2;4;=;9','3;3;-;2;4;=;9'
2004,'19=42--23','19-42=-23',swap_-_and_=,2,=,-,5,-,=,,,,,,,'1;9;=;4;2;-;-;2;3','1;9;-;4;2;=;-;2;3'
2005,'56+29=37','66-29=37',op_and_digit_balance,2,+,-,0,5,6,,,,,,,'5;6;+;2;9;=;3;7','6;6;-;2;9;=;3;7'
2006,'64-76=148','64+76=140',op_and_digit_balance,8,8,0,2,-,+,,,,,,,'6;4;-;7;6;=;1;4;8','6;4;+;7;6;=;1;4;0'
2007,'92+33=55','92-33=59',op_and_digit_balance,2,+,-,7,5,9,,,,,,,'9;2;+;3;3;=;5;5','9;2;-;3;3;=;5;9'
2008,'99=35-64','99-35=64',swap_-_and_=,2,=,-,5,-,=,,,,,,,'9;9;=;3;5;-;6;4','9;9;-;3;5;=;6;4'
2009,'32+85=-57','32-89=-57',op_and_digit_balance,2,+,-,4,5,9,,,,,,,'3;2;+;8;5;=;-;5;7','3;2;-;8;9;=;-;5;7'
2010,'43-17=80','43+17=60',op_and_digit_balance,6,8,6,2,-,+,,,,,,,'4;3;-;1;7;=;8;0','4;3;+;1;7;=;6;0'
2011,'25+66=99','29+66=95',digit_to_digit,7,9,5,1,5,9,,,,,,,'2;5;+;6;6;=;9;9','2;9;+;6;6;=;9;5'
2012,'74-15=93','74-15=59',digit_to_digit,6,9,5,7,3,9,,,,,,,'7;4;-;1;5;=;9;3','7;4;-;1;5;=;5;9'
2013,'59-69=122','53+69=122',op_and_digit_balance,1,9,3,2,-,+,,,,,,,'5;9;-;6;9;=;1;2;2','5;3;+;6;9;=;1;2;2'
2014,'65=53-12','65-53=12',swap_-_and_=,2,=,-,5,-,=,,,,,,,'6;5;=;5;3;-;1;2','6;5;-;5;3;=;1;2'
2015,'46-48=84','46+48=94',op_and_digit_balance,6,8,9,2,-,+,,,,,,,'4;6;-;4;8;=;8;4','4;6;+;4;8;=;9;4'
2016,'67-74=741','67+74=141',op_and_digit_balance,6,7,1,2,-,+,,,,,,,'6;7;-;7;4;=;7;4;1','6;7;+;7;4;=;1;4;1'
2017,'94+45=740','94+46=140',digit_to_digit,6,7,1,4,5,6,,,,,,,'9;4;+;4;5;=;7;4;0','9;4;+;4;6;=;1;4;0'
2018,'50+70=130','50+70=120',within_digit,7,3,2,,,,,,,,,,'5;0;+;7;0;=;1;3;0','5;0;+;7;0;=;1;2;0'
2019,'57-84=147','57+84=141',op_and_digit_balance,8,7,1,2,-,+,,,,,,,'5;7;-;8;4;=;1;4;7','5;7;+;8;4;=;1;4;1'
2020,'78=60-18','78-60=18',swap_-_and_=,2,=,-,5,-,=,,,,,,,'7;8;=;6;0;-;1;8','7;8;-;6;0;=;1;8'
2021,'94+95=130','94+36=130',digit_to_digit,3,9,3,4,5,6,,,,,,,'9;4;+;9;5;=;1;3;0','9;4;+;3;6;=;1;3;0'
2022,'50+88=-30','50-88=-38',op_and_digit_balance,2,+,-,8,0,8,,,,,,,'5;0;+;8;8;=;-;3;0','5;0;-;8;8;=;-;3;8'
2023,'22-19=47','22+19=41',op_and_digit_balance,7,7,1,2,-,+,,,,,,,'2;2;-;1;9;=;4;7','2;2;+;1;9;=;4;1'
2024,'38-78=-110','38-78=-40',four_eleven,7,11,4,,,,,,,,,,'3;8;-;7;8;=;-;11;0','3;8;-;7;8;=;-;4;0'
2025,'57+75=193','57+76=133',digit_to_digit,7,9,3,4,5,6,,,,,,,'5;7;+;7;5;=;1;9;3','5;7;+;7;6;=;1;3;3'
2026,'17-12=4','17-13=4',within_digit,4,2,3,,,,,,,,,,'1;7;-;1;2;=;4','1;7;-;1;3;=;4'
2027,'75-31=-22','15-37=-22',digit_to_digit,0,7,1,4,1,7,,,,,,,'7;5;-;3;1;=;-;2;2','1;5;-;3;7;=;-;2;2'
2028,'44+26=18','44+26=70',digit_to_digit,7,8,0,6,1,7,,,,,,,'4;4;+;2;6;=;1;8','4;4;+;2;6;=;7;0'
2029,'80-97=137','80+57=137',op_and_digit_balance,3,9,5,2,-,+,,,,,,,'8;0;-;9;7;=;1;3;7','8;0;+;5;7;=;1;3;7'
2030,'89+81=156','89+67=156',digit_to_digit,3,8,6,4,1,7,,,,,,,'8;9;+;8;1;=;1;5;6','8;9;+;6;7;=;1;5;6'
2031,'85-49=45','95-49=46',digit_to_digit,0,8,9,7,5,6,,,,,,,'8;5;-;4;9;=;4;5','9;5;-;4;9;=;4;6'
2032,'40+35=-55','40-95=-55',op_and_digit_balance,2,+,-,3,3,9,,,,,,,'4;0;+;3;5;=;-;5;5','4;0;-;9;5;=;-;5;5'
2033,'63-53=19','63-53=10',within_digit,7,9,0,,,,,,,,,,'6;3;-;5;3;=;1;9','6;3;-;5;3;=;1;0'
2034,'97-67=104','37+67=104',op_and_digit_balance,0,9,3,2,-,+,,,,,,,'9;7;-;6;7;=;1;0;4','3;7;+;6;7;=;1;0;4'
2035,'80+72=52','80+12=92',digit_to_digit,3,7,1,6,5,9,,,,,,,'8;0;+;7;2;=;5;2','8;0;+;1;2;=;9;2'
2036,'57=56-1','57-56=1',swap_-_and_=,2,=,-,5,-,=,,,,,,,'5;7;=;5;6;-;1','5;7;-;5;6;=;1'
2037,'60-94=754','60+94=154',op_and_digit_balance,6,7,1,2,-,+,,,,,,,'6;0;-;9;4;=;7;5;4','6;0;+;9;4;=;1;5;4'
2038,'78-12=5','18-12=6',digit_to_digit,0,7,1,6,5,6,,,,,,,'7;8;-;1;2;=;5','1;8;-;1;2;=;6'
2039,'78-37=113','76+37=113',op_and_digit_balance,1,8,6,2,-,+,,,,,,,'7;8;-;3;7;=;11;3','7;6;+;3;7;=;11;3'
2040,'85+54=32','86-54=32',op_and_digit_balance,2,+,-,1,5,6,,,,,,,'8;5;+;5;4;=;3;2','8;6;-;5;4;=;3;2'
2041,'70-15=64','79-15=64',within_digit,1,0,9,,,,,,,,,,'7;0;-;1;5;=;6;4','7;9;-;1;5;=;6;4'
2042,'90-53=-33','30-63=-33',digit_to_digit,0,9,3,3,5,6,,,,,,,'9;0;-;5;3;=;-;3;3','3;0;-;6;3;=;-;3;3'
2043,'77-97=168','71+97=168',op_and_digit_balance,1,7,1,2,-,+,,,,,,,'7;7;-;9;7;=;1;6;8','7;1;+;9;7;=;1;6;8'
2044,'70+15=51','70-19=51',op_and_digit_balance,2,+,-,4,5,9,,,,,,,'7;0;+;1;5;=;5;1','7;0;-;1;9;=;5;1'
2045,'15+88=102','15+88=103',within_digit,8,2,3,,,,,,,,,,'1;5;+;8;8;=;1;0;2','1;5;+;8;8;=;1;0;3'
2046,'82-26=95','82-26=56',digit_to_digit,6,9,5,7,5,6,,,,,,,'8;2;-;2;6;=;9;5','8;2;-;2;6;=;5;6'
2047,'97+88=5','97-88=9',op_and_digit_balance,2,+,-,6,5,9,,,,,,,'9;7;+;8;8;=;5','9;7;-;8;8;=;9'
2048,'35+62=33','95-62=33',op_and_digit_balance,2,+,-,0,3,9,,,,,,,'3;5;+;6;2;=;3;3','9;5;-;6;2;=;3;3'
2049,'55+62=33','95-62=33',op_and_digit_balance,2,+,-,0,5,9,,,,,,,'5;5;+;6;2;=;3;3','9;5;-;6;2;=;3;3'
2050,'75-38=105','75+30=105',op_and_digit_balance,4,8,0,2,-,+,,,,,,,'7;5;-;3;8;=;1;0;5','7;5;+;3;0;=;1;0;5'
2051,'82-89=181','82+99=181',op_and_digit_balance,3,8,9,2,-,+,,,,,,,'8;2;-;8;9;=;1;8;1','8;2;+;9;9;=;1;8;1'
2052,'17-33=60','17+33=50',op_and_digit_balance,6,6,5,2,-,+,,,,,,,'1;7;-;3;3;=;6;0','1;7;+;3;3;=;5;0'
2053,'61+74=165','81+74=155',digit_to_digit,7,6,5,0,6,8,,,,,,,'6;1;+;7;4;=;1;6;5','8;1;+;7;4;=;1;5;5'
2054,'82-80=182','82+80=162',op_and_digit_balance,7,8,6,2,-,+,,,,,,,'8;2;-;8;0;=;1;8;2','8;2;+;8;0;=;1;6;2'
2055,'57-77=-25','51-77=-26',digit_to_digit,1,7,1,8,5,6,,,,,,,'5;7;-;7;7;=;-;2;5','5;1;-;7;7;=;-;2;6'
2056,'82+24=56','82-24=58',op_and_digit_balance,2,+,-,7,6,8,,,,,,,'8;2;+;2;4;=;5;6','8;2;-;2;4;=;5;8'
2057,'16-46=-20','16-46=-30',within_digit,7,2,3,,,,,,,,,,'1;6;-;4;6;=;-;2;0','1;6;-;4;6;=;-;3;0'
2058,'48-46=86','40+46=86',op_and_digit_balance,1,8,0,2,-,+,,,,,,,'4;8;-;4;6;=;8;6','4;0;+;4;6;=;8;6'
2059,'92-16=708','92+16=108',op_and_digit_balance,6,7,1,2,-,+,,,,,,,'9;2;-;1;6;=;7;0;8','9;2;+;1;6;=;1;0;8'
2060,'90+34=46','80-34=46',op_and_digit_balance,2,+,-,0,9,8,,,,,,,'9;0;+;3;4;=;4;6','8;0;-;3;4;=;4;6'
2061,'59=44-15','59-44=15',swap_-_and_=,2,=,-,5,-,=,,,,,,,'5;9;=;4;4;-;1;5','5;9;-;4;4;=;1;5'
2062,'51+44=185','61+44=105',digit_to_digit,7,8,0,0,5,6,,,,,,,'5;1;+;4;4;=;1;8;5','6;1;+;4;4;=;1;0;5'
2063,'36-97=93','36+57=93',op_and_digit_balance,3,9,5,2,-,+,,,,,,,'3;6;-;9;7;=;9;3','3;6;+;5;7;=;9;3'
2064,'29-82=-64','28-92=-64',digit_to_digit,3,8,9,1,9,8,,,,,,,'2;9;-;8;2;=;-;6;4','2;8;-;9;2;=;-;6;4'
2065,'98=36-62','98-36=62',swap_-_and_=,2,=,-,5,-,=,,,,,,,'9;8;=;3;6;-;6;2','9;8;-;3;6;=;6;2'
2066,'23=92--69','23-92=-69',swap_-_and_=,2,=,-,5,-,=,,,,,,,'2;3;=;9;2;-;-;6;9','2;3;-;9;2;=;-;6;9'
2067,'58-23=79','56+23=79',op_and_digit_balance,1,8,6,2,-,+,,,,,,,'5;8;-;2;3;=;7;9','5;6;+;2;3;=;7;9'
2068,'27+54=85','21+64=85',digit_to_digit,1,7,1,3,5,6,,,,,,,'2;7;+;5;4;=;8;5','2;1;+;6;4;=;8;5'
2069,'64-87=161','64+97=161',op_and_digit_balance,3,8,9,2,-,+,,,,,,,'6;4;-;8;7;=;1;6;1','6;4;+;9;7;=;1;6;1'
2070,'25+41=58','25+41=66',digit_to_digit,7,8,6,6,5,6,,,,,,,'2;5;+;4;1;=;5;8','2;5;+;4;1;=;6;6'
2071,'49+55=-5','49-55=-6',op_and_digit_balance,2,+,-,7,5,6,,,,,,,'4;9;+;5;5;=;-;5','4;9;-;5;5;=;-;6'
2072,'88-16=114','98+16=114',op_and_digit_balance,0,8,9,2,-,+,,,,,,,'8;8;-;1;6;=;11;4','9;8;+;1;6;=;11;4'
2073,'41-38=2','41-38=3',within_digit,6,2,3,,,,,,,,,,'4;1;-;3;8;=;2','4;1;-;3;8;=;3'
2074,'79+51=26','79-51=28',op_and_digit_balance,2,+,-,7,6,8,,,,,,,'7;9;+;5;1;=;2;6','7;9;-;5;1;=;2;8'
2075,'73-29=98','73+25=98',op_and_digit_balance,4,9,5,2,-,+,,,,,,,'7;3;-;2;9;=;9;8','7;3;+;2;5;=;9;8'
2076,'90-10=60','50+10=60',within_digit,0,9,5,2,-,+,,,,,,,'9;0;-;1;0;=;6;0','5;0;+;1;0;=;6;0'
2077,'82-43=725','82+43=125',op_and_digit_balance,6,7,1,2,-,+,,,,,,,'8;2;-;4;3;=;7;2;5','8;2;+;4;3;=;1;2;5'
2078,'81=24-57','81-24=57',swap_-_and_=,2,=,-,5,-,=,,,,,,,'8;1;=;2;4;-;5;7','8;1;-;2;4;=;5;7'
2079,'15-86=-10','75-85=-10',digit_to_digit,4,6,5,0,1,7,,,,,,,'1;5;-;8;6;=;-;1;0','7;5;-;8;5;=;-;1;0'
2080,'73=44-29','73-44=29',swap_-_and_=,2,=,-,5,-,=,,,,,,,'7;3;=;4;4;-;2;9','7;3;-;4;4;=;2;9'
2081,'87-80=147','87+60=147',op_and_digit_balance,3,8,6,2,-,+,,,,,,,'8;7;-;8;0;=;1;4;7','8;7;+;6;0;=;1;4;7'
2082,'45+45=1','46-45=1',op_and_digit_balance,2,+,-,1,5,6,,,,,,,'4;5;+;4;5;=;1','4;6;-;4;5;=;1'
2083,'59+13=63','50+13=63',within_digit,1,9,0,,,,,,,,,,'5;9;+;1;3;=;6;3','5;0;+;1;3;=;6;3'
2084,'38+86=194','98+96=194',digit_to_digit,3,8,9,0,3,9,,,,,,,'3;8;+;8;6;=;1;9;4','9;8;+;9;6;=;1;9;4'
2085,'60+53=1','60-53=7',op_and_digit_balance,2,+,-,6,1,7,,,,,,,'6;0;+;5;3;=;1','6;0;-;5;3;=;7'
2086,'87-15=77','87-16=71',digit_to_digit,7,7,1,4,5,6,,,,,,,'8;7;-;1;5;=;7;7','8;7;-;1;6;=;7;1'
2087,'21-50=-19','31-50=-19',within_digit,0,2,3,,,,,,,,,,'2;1;-;5;0;=;-;1;9','3;1;-;5;0;=;-;1;9'
2088,'41+34=65','41+24=65',within_digit,3,3,2,,,,,,,,,,'4;1;+;3;4;=;6;5','4;1;+;2;4;=;6;5'
2089,'27+95=106','21+85=106',digit_to_digit,1,7,1,3,9,8,,,,,,,'2;7;+;9;5;=;1;0;6','2;1;+;8;5;=;1;0;6'
2090,'63-24=93','63-24=39',digit_to_digit,6,9,3,7,3,9,,,,,,,'6;3;-;2;4;=;9;3','6;3;-;2;4;=;3;9'
2091,'39+71=100','29+71=100',within_digit,0,3,2,,,,,,,,,,'3;9;+;7;1;=;1;0;0','2;9;+;7;1;=;1;0;0'
2092,'30=60--30','30-60=-30',swap_-_and_=,2,=,-,5,-,=,,,,,,,'3;0;=;6;0;-;-;3;0','3;0;-;6;0;=;-;3;0'
2093,'89+28=47','89+28=117',four_eleven,6,4,11,,,,,,,,,,'8;9;+;2;8;=;4;7','8;9;+;2;8;=;11;7'
2094,'13+48=25','73-48=25',op_and_digit_balance,2,+,-,0,1,7,,,,,,,'1;3;+;4;8;=;2;5','7;3;-;4;8;=;2;5'
2095,'11-52=83','11+52=63',op_and_digit_balance,5,8,6,1,-,+,,,,,,,'11;-;5;2;=;8;3','11;+;5;2;=;6;3'
2096,'29+73=-50','29-79=-50',op_and_digit_balance,2,+,-,4,3,9,,,,,,,'2;9;+;7;3;=;-;5;0','2;9;-;7;9;=;-;5;0'
2097,'66-27=92','65+27=92',op_and_digit_balance,1,6,5,2,-,+,,,,,,,'6;6;-;2;7;=;9;2','6;5;+;2;7;=;9;2'
2098,'80+16=55','80+15=95',digit_to_digit,4,6,5,6,5,9,,,,,,,'8;0;+;1;6;=;5;5','8;0;+;1;5;=;9;5'
2099,'33+53=-26','33-59=-26',op_and_digit_balance,2,+,-,4,3,9,,,,,,,'3;3;+;5;3;=;-;2;6','3;3;-;5;9;=;-;2;6'
2100,'39-98=-15','39-58=-19',digit_to_digit,3,9,5,8,5,9,,,,,,,'3;9;-;9;8;=;-;1;5','3;9;-;5;8;=;-;1;9'
2101,'87-57=28','87-67=20',digit_to_digit,7,8,0,3,5,6,,,,,,,'8;7;-;5;7;=;2;8','8;7;-;6;7;=;2;0'
2102,'44+58=-24','44-68=-24',op_and_digit_balance,2,+,-,3,5,6,,,,,,,'4;4;+;5;8;=;-;2;4','4;4;-;6;8;=;-;2;4'
2103,'45+26=15','45-26=19',op_and_digit_balance,2,+,-,7,5,9,,,,,,,'4;5;+;2;6;=;1;5','4;5;-;2;6;=;1;9'
2104,'31+72=19','91-72=19',op_and_digit_balance,2,+,-,0,3,9,,,,,,,'3;1;+;7;2;=;1;9','9;1;-;7;2;=;1;9'
2105,'50+88=-30','58-88=-30',op_and_digit_balance,2,+,-,1,0,8,,,,,,,'5;0;+;8;8;=;-;3;0','5;8;-;8;8;=;-;3;0'
2106,'66-15=43','58-15=43',digit_to_digit,0,6,5,1,6,8,,,,,,,'6;6;-;1;5;=;4;3','5;8;-;1;5;=;4;3'
2107,'85+99=168','85+83=168',digit_to_digit,4,9,3,3,9,8,,,,,,,'8;5;+;9;9;=;1;6;8','8;5;+;8;3;=;1;6;8'
2108,'51-83=194','51+83=134',op_and_digit_balance,7,9,3,2,-,+,,,,,,,'5;1;-;8;3;=;1;9;4','5;1;+;8;3;=;1;3;4'
2109,'24+60=-35','24-60=-36',op_and_digit_balance,2,+,-,8,5,6,,,,,,,'2;4;+;6;0;=;-;3;5','2;4;-;6;0;=;-;3;6'
2110,'62+13=-11','62-73=-11',op_and_digit_balance,2,+,-,3,1,7,,,,,,,'6;2;+;1;3;=;-;11','6;2;-;7;3;=;-;11'
2111,'80+23=51','80-23=57',op_and_digit_balance,2,+,-,7,1,7,,,,,,,'8;0;+;2;3;=;5;1','8;0;-;2;3;=;5;7'
2112,'32+93=-51','32-93=-61',op_and_digit_balance,2,+,-,7,5,6,,,,,,,'3;2;+;9;3;=;-;5;1','3;2;-;9;3;=;-;6;1'
2113,'35+19=17','36-19=17',op_and_digit_balance,2,+,-,1,5,6,,,,,,,'3;5;+;1;9;=;1;7','3;6;-;1;9;=;1;7'
2114,'20+55=19','20+55=75',digit_to_digit,7,9,5,6,1,7,,,,,,,'2;0;+;5;5;=;1;9','2;0;+;5;5;=;7;5'
2115,'59+79=142','63+79=142',digit_to_digit,1,9,3,0,5,6,,,,,,,'5;9;+;7;9;=;1;4;2','6;3;+;7;9;=;1;4;2'
2116,'32-11=22','33-11=22',within_digit,1,2,3,,,,,,,,,,'3;2;-;11;=;2;2','3;3;-;11;=;2;2'
2117,'99-78=171','93+78=171',op_and_digit_balance,1,9,3,2,-,+,,,,,,,'9;9;-;7;8;=;1;7;1','9;3;+;7;8;=;1;7;1'
2118,'10-68=70','10+60=70',op_and_digit_balance,4,8,0,2,-,+,,,,,,,'1;0;-;6;8;=;7;0','1;0;+;6;0;=;7;0'
2119,'78-12=98','78+12=90',op_and_digit_balance,7,8,0,2,-,+,,,,,,,'7;8;-;1;2;=;9;8','7;8;+;1;2;=;9;0'
2120,'35+91=-55','36-91=-55',op_and_digit_balance,2,+,-,1,5,6,,,,,,,'3;5;+;9;1;=;-;5;5','3;6;-;9;1;=;-;5;5'
2121,'99+72=178','98+72=170',digit_to_digit,8,8,0,1,9,8,,,,,,,'9;9;+;7;2;=;1;7;8','9;8;+;7;2;=;1;7;0'
2122,'12-67=78','12+67=79',op_and_digit_balance,7,8,9,2,-,+,,,,,,,'1;2;-;6;7;=;7;8','1;2;+;6;7;=;7;9'
2123,'25+74=-48','26-74=-48',op_and_digit_balance,2,+,-,1,5,6,,,,,,,'2;5;+;7;4;=;-;4;8','2;6;-;7;4;=;-;4;8'
2124,'68+13=131','58+73=131',digit_to_digit,0,6,5,3,1,7,,,,,,,'6;8;+;1;3;=;1;3;1','5;8;+;7;3;=;1;3;1'
2125,'16-43=-29','18-43=-25',digit_to_digit,8,9,5,1,6,8,,,,,,,'1;6;-;4;3;=;-;2;9','1;8;-;4;3;=;-;2;5'
2126,'26+45=79','28+45=73',digit_to_digit,7,9,3,1,6,8,,,,,,,'2;6;+;4;5;=;7;9','2;8;+;4;5;=;7;3'
2127,'59-47=48','95-47=48',digit_to_digit,1,9,5,0,5,9,,,,,,,'5;9;-;4;7;=;4;8','9;5;-;4;7;=;4;8'
2128,'46-78=724','46+78=124',op_and_digit_balance,6,7,1,2,-,+,,,,,,,'4;6;-;7;8;=;7;2;4','4;6;+;7;8;=;1;2;4'
2129,'70=44-26','70-44=26',swap_-_and_=,2,=,-,5,-,=,,,,,,,'7;0;=;4;4;-;2;6','7;0;-;4;4;=;2;6'
2130,'76-57=-39','18-57=-39',digit_to_digit,0,7,1,1,6,8,,,,,,,'7;6;-;5;7;=;-;3;9','1;8;-;5;7;=;-;3;9'
2131,'44-49=4','44-40=4',within_digit,4,9,0,,,,,,,,,,'4;4;-;4;9;=;4','4;4;-;4;0;=;4'
2132,'58-69=3','68-65=3',digit_to_digit,4,9,5,0,5,6,,,,,,,'5;8;-;6;9;=;3','6;8;-;6;5;=;3'
2133,'16-78=95','16+79=95',op_and_digit_balance,4,8,9,2,-,+,,,,,,,'1;6;-;7;8;=;9;5','1;6;+;7;9;=;9;5'
2134,'11+85=75','11+65=76',digit_to_digit,2,8,6,6,5,6,,,,,,,'11;+;8;5;=;7;5','11;+;6;5;=;7;6'
2135,'96=22-74','96-22=74',swap_-_and_=,2,=,-,5,-,=,,,,,,,'9;6;=;2;2;-;7;4','9;6;-;2;2;=;7;4'
2136,'60-79=739','60+79=139',op_and_digit_balance,6,7,1,2,-,+,,,,,,,'6;0;-;7;9;=;7;3;9','6;0;+;7;9;=;1;3;9'
2137,'74-82=756','74+82=156',op_and_digit_balance,6,7,1,2,-,+,,,,,,,'7;4;-;8;2;=;7;5;6','7;4;+;8;2;=;1;5;6'
2138,'17+34=-77','17-94=-77',op_and_digit_balance,2,+,-,3,3,9,,,,,,,'1;7;+;3;4;=;-;7;7','1;7;-;9;4;=;-;7;7'
2139,'49-50=-47','49-90=-41',digit_to_digit,8,7,1,3,5,9,,,,,,,'4;9;-;5;0;=;-;4;7','4;9;-;9;0;=;-;4;1'
2140,'85+75=104','89+15=104',digit_to_digit,3,7,1,1,5,9,,,,,,,'8;5;+;7;5;=;1;0;4','8;9;+;1;5;=;1;0;4'
2141,'80-17=62','80-17=63',within_digit,7,2,3,,,,,,,,,,'8;0;-;1;7;=;6;2','8;0;-;1;7;=;6;3'
2142,'60+14=54','68-14=54',op_and_digit_balance,2,+,-,1,0,8,,,,,,,'6;0;+;1;4;=;5;4','6;8;-;1;4;=;5;4'
2143,'26-22=47','25+22=47',op_and_digit_balance,1,6,5,2,-,+,,,,,,,'2;6;-;2;2;=;4;7','2;5;+;2;2;=;4;7'
2144,'12+63=9','72-63=9',op_and_digit_balance,2,+,-,0,1,7,,,,,,,'1;2;+;6;3;=;9','7;2;-;6;3;=;9'
2145,'22-10=22','32-10=22',within_digit,0,2,3,,,,,,,,,,'2;2;-;1;0;=;2;2','3;2;-;1;0;=;2;2'
2146,'95+59=1511','95+59=154',four_eleven,8,11,4,,,,,,,,,,'9;5;+;5;9;=;1;5;11','9;5;+;5;9;=;1;5;4'
2147,'43-25=88','43+25=68',op_and_digit_balance,6,8,6,2,-,+,,,,,,,'4;3;-;2;5;=;8;8','4;3;+;2;5;=;6;8'
2148,'78-87=-13','78-97=-19',digit_to_digit,3,8,9,8,3,9,,,,,,,'7;8;-;8;7;=;-;1;3','7;8;-;9;7;=;-;1;9'
2149,'98-28=66','38+28=66',op_and_digit_balance,0,9,3,2,-,+,,,,,,,'9;8;-;2;8;=;6;6','3;8;+;2;8;=;6;6'
2150,'57+38=13','57-38=19',op_and_digit_balance,2,+,-,7,3,9,,,,,,,'5;7;+;3;8;=;1;3','5;7;-;3;8;=;1;9'
2151,'53+68=-9','59-68=-9',op_and_digit_balance,2,+,-,1,3,9,,,,,,,'5;3;+;6;8;=;-;9','5;9;-;6;8;=;-;9'
2152,'83-28=60','89-29=60',digit_to_digit,4,8,9,1,3,9,,,,,,,'8;3;-;2;8;=;6;0','8;9;-;2;9;=;6;0'
2153,'73+50=13','73-60=13',op_and_digit_balance,2,+,-,3,5,6,,,,,,,'7;3;+;5;0;=;1;3','7;3;-;6;0;=;1;3'
2154,'44+95=83','44+39=83',digit_to_digit,3,9,3,4,5,9,,,,,,,'4;4;+;9;5;=;8;3','4;4;+;3;9;=;8;3'
2155,'46+38=10','48-38=10',op_and_digit_balance,2,+,-,1,6,8,,,,,,,'4;6;+;3;8;=;1;0','4;8;-;3;8;=;1;0'
2156,'61-54=-13','51-64=-13',digit_to_digit,0,6,5,3,5,6,,,,,,,'6;1;-;5;4;=;-;1;3','5;1;-;6;4;=;-;1;3'
2157,'83=94--11','83-94=-11',swap_-_and_=,2,=,-,5,-,=,,,,,,,'8;3;=;9;4;-;-;11','8;3;-;9;4;=;-;11'
2158,'50-40=28','60-40=20',digit_to_digit,7,8,0,0,5,6,,,,,,,'5;0;-;4;0;=;2;8','6;0;-;4;0;=;2;0'
2159,'36+54=-10','36-54=-18',op_and_digit_balance,2,+,-,8,0,8,,,,,,,'3;6;+;5;4;=;-;1;0','3;6;-;5;4;=;-;1;8'
2160,'70+54=15','70-54=16',op_and_digit_balance,2,+,-,7,5,6,,,,,,,'7;0;+;5;4;=;1;5','7;0;-;5;4;=;1;6'
2161,'40-48=8','48-40=8',digit_to_digit,4,8,0,1,0,8,,,,,,,'4;0;-;4;8;=;8','4;8;-;4;0;=;8'
2162,'29-50=-11','39-50=-11',within_digit,0,2,3,,,,,,,,,,'2;9;-;5;0;=;-;11','3;9;-;5;0;=;-;11'
2163,'36-67=109','36+67=103',op_and_digit_balance,8,9,3,2,-,+,,,,,,,'3;6;-;6;7;=;1;0;9','3;6;+;6;7;=;1;0;3'
2164,'22-72=34','22+12=34',op_and_digit_balance,3,7,1,2,-,+,,,,,,,'2;2;-;7;2;=;3;4','2;2;+;1;2;=;3;4'
2165,'97-26=55','91-26=65',digit_to_digit,1,7,1,6,5,6,,,,,,,'9;7;-;2;6;=;5;5','9;1;-;2;6;=;6;5'
2166,'55-68=-4','56-60=-4',digit_to_digit,4,8,0,1,5,6,,,,,,,'5;5;-;6;8;=;-;4','5;6;-;6;0;=;-;4'
2167,'38-23=1','30-23=7',digit_to_digit,1,8,0,6,1,7,,,,,,,'3;8;-;2;3;=;1','3;0;-;2;3;=;7'
2168,'49-87=146','49+97=146',op_and_digit_balance,3,8,9,2,-,+,,,,,,,'4;9;-;8;7;=;1;4;6','4;9;+;9;7;=;1;4;6'
2169,'70+74=752','78+74=152',digit_to_digit,6,7,1,1,0,8,,,,,,,'7;0;+;7;4;=;7;5;2','7;8;+;7;4;=;1;5;2'
2170,'60-41=107','60+41=101',op_and_digit_balance,8,7,1,2,-,+,,,,,,,'6;0;-;4;1;=;1;0;7','6;0;+;4;1;=;1;0;1'
2171,'41-21=74','41-27=14',digit_to_digit,6,7,1,4,1,7,,,,,,,'4;1;-;2;1;=;7;4','4;1;-;2;7;=;1;4'
2172,'63-66=-2','63-66=-3',within_digit,7,2,3,,,,,,,,,,'6;3;-;6;6;=;-;2','6;3;-;6;6;=;-;3'
2173,'56-27=77','56+21=77',op_and_digit_balance,4,7,1,2,-,+,,,,,,,'5;6;-;2;7;=;7;7','5;6;+;2;1;=;7;7'
2174,'26-66=-110','26-66=-40',four_eleven,7,11,4,,,,,,,,,,'2;6;-;6;6;=;-;11;0','2;6;-;6;6;=;-;4;0'
2175,'54+13=51','64-13=51',op_and_digit_balance,2,+,-,0,5,6,,,,,,,'5;4;+;1;3;=;5;1','6;4;-;1;3;=;5;1'
2176,'30=84--54','30-84=-54',swap_-_and_=,2,=,-,5,-,=,,,,,,,'3;0;=;8;4;-;-;5;4','3;0;-;8;4;=;-;5;4'
2177,'94=74-20','94-74=20',swap_-_and_=,2,=,-,5,-,=,,,,,,,'9;4;=;7;4;-;2;0','9;4;-;7;4;=;2;0'
2178,'91-75=168','91+75=166',op_and_digit_balance,8,8,6,2,-,+,,,,,,,'9;1;-;7;5;=;1;6;8','9;1;+;7;5;=;1;6;6'
2179,'64-69=127','64+63=127',op_and_digit_balance,4,9,3,2,-,+,,,,,,,'6;4;-;6;9;=;1;2;7','6;4;+;6;3;=;1;2;7'
2180,'62+91=-35','62-97=-35',op_and_digit_balance,2,+,-,4,1,7,,,,,,,'6;2;+;9;1;=;-;3;5','6;2;-;9;7;=;-;3;5'
2181,'34+85=-52','34-86=-52',op_and_digit_balance,2,+,-,4,5,6,,,,,,,'3;4;+;8;5;=;-;5;2','3;4;-;8;6;=;-;5;2'
2182,'91+45=126','91+45=136',within_digit,7,2,3,,,,,,,,,,'9;1;+;4;5;=;1;2;6','9;1;+;4;5;=;1;3;6'
2183,'74-20=84','74+20=94',op_and_digit_balance,6,8,9,2,-,+,,,,,,,'7;4;-;2;0;=;8;4','7;4;+;2;0;=;9;4'
2184,'69+97=756','69+87=156',digit_to_digit,6,7,1,3,9,8,,,,,,,'6;9;+;9;7;=;7;5;6','6;9;+;8;7;=;1;5;6'
2185,'60-47=93','80-47=33',digit_to_digit,6,9,3,0,6,8,,,,,,,'6;0;-;4;7;=;9;3','8;0;-;4;7;=;3;3'
2186,'85-29=110','85+25=110',op_and_digit_balance,4,9,5,2,-,+,,,,,,,'8;5;-;2;9;=;11;0','8;5;+;2;5;=;11;0'
2187,'93+90=151','93+58=151',digit_to_digit,3,9,5,4,0,8,,,,,,,'9;3;+;9;0;=;1;5;1','9;3;+;5;8;=;1;5;1'
2188,'35+15=40','25+15=40',within_digit,0,3,2,,,,,,,,,,'3;5;+;1;5;=;4;0','2;5;+;1;5;=;4;0'
2189,'57+44=55','51+44=95',digit_to_digit,1,7,1,6,5,9,,,,,,,'5;7;+;4;4;=;5;5','5;1;+;4;4;=;9;5'
2190,'61-88=1','81-80=1',digit_to_digit,4,8,0,0,6,8,,,,,,,'6;1;-;8;8;=;1','8;1;-;8;0;=;1'
2191,'54+17=47','64-17=47',op_and_digit_balance,2,+,-,0,5,6,,,,,,,'5;4;+;1;7;=;4;7','6;4;-;1;7;=;4;7'
2192,'84+92=2','84-82=2',op_and_digit_balance,2,+,-,3,9,8,,,,,,,'8;4;+;9;2;=;2','8;4;-;8;2;=;2'
2193,'34-50=-26','24-50=-26',within_digit,0,3,2,,,,,,,,,,'3;4;-;5;0;=;-;2;6','2;4;-;5;0;=;-;2;6'
2194,'22-17=38','22+17=39',op_and_digit_balance,7,8,9,2,-,+,,,,,,,'2;2;-;1;7;=;3;8','2;2;+;1;7;=;3;9'
2195,'25+16=-51','25-76=-51',op_and_digit_balance,2,+,-,3,1,7,,,,,,,'2;5;+;1;6;=;-;5;1','2;5;-;7;6;=;-;5;1'
2196,'45-76=61','45+16=61',op_and_digit_balance,3,7,1,2,-,+,,,,,,,'4;5;-;7;6;=;6;1','4;5;+;1;6;=;6;1'
2197,'82-98=172','82+90=172',op_and_digit_balance,4,8,0,2,-,+,,,,,,,'8;2;-;9;8;=;1;7;2','8;2;+;9;0;=;1;7;2'
2198,'10=73--63','10-73=-63',swap_-_and_=,2,=,-,5,-,=,,,,,,,'1;0;=;7;3;-;-;6;3','1;0;-;7;3;=;-;6;3'
2199,'18-51=89','18+51=69',op_and_digit_balance,6,8,6,2,-,+,,,,,,,'1;8;-;5;1;=;8;9','1;8;+;5;1;=;6;9'
2200,'41+30=17','47-30=17',op_and_digit_balance,2,+,-,1,1,7,,,,,,,'4;1;+;3;0;=;1;7','4;7;-;3;0;=;1;7'
2201,'87-53=22','81-59=22',digit_to_digit,1,7,1,4,3,9,,,,,,,'8;7;-;5;3;=;2;2','8;1;-;5;9;=;2;2'
2202,'51+45=5','51-46=5',op_and_digit_balance,2,+,-,4,5,6,,,,,,,'5;1;+;4;5;=;5','5;1;-;4;6;=;5'
2203,'75+58=21','79-58=21',op_and_digit_balance,2,+,-,1,5,9,,,,,,,'7;5;+;5;8;=;2;1','7;9;-;5;8;=;2;1'
2204,'74-72=1','74-73=1',within_digit,4,2,3,,,,,,,,,,'7;4;-;7;2;=;1','7;4;-;7;3;=;1'
2205,'66-83=159','66+93=159',op_and_digit_balance,3,8,9,2,-,+,,,,,,,'6;6;-;8;3;=;1;5;9','6;6;+;9;3;=;1;5;9'
2206,'44-68=-15','44-60=-16',digit_to_digit,4,8,0,8,5,6,,,,,,,'4;4;-;6;8;=;-;1;5','4;4;-;6;0;=;-;1;6'
2207,'25-70=35','25+10=35',op_and_digit_balance,3,7,1,2,-,+,,,,,,,'2;5;-;7;0;=;3;5','2;5;+;1;0;=;3;5'
2208,'19+53=128','75+53=128',digit_to_digit,1,9,5,0,1,7,,,,,,,'1;9;+;5;3;=;1;2;8','7;5;+;5;3;=;1;2;8'
2209,'43-97=-511','43-97=-54',four_eleven,8,11,4,,,,,,,,,,'4;3;-;9;7;=;-;5;11','4;3;-;9;7;=;-;5;4'
2210,'99+25=129','98+25=123',digit_to_digit,8,9,3,1,9,8,,,,,,,'9;9;+;2;5;=;1;2;9','9;8;+;2;5;=;1;2;3'
2211,'59-64=117','53+64=117',op_and_digit_balance,1,9,3,2,-,+,,,,,,,'5;9;-;6;4;=;11;7','5;3;+;6;4;=;11;7'
2212,'31+13=58','37+13=50',digit_to_digit,7,8,0,1,1,7,,,,,,,'3;1;+;1;3;=;5;8','3;7;+;1;3;=;5;0'
2213,'22+77=33','22+71=93',digit_to_digit,4,7,1,6,3,9,,,,,,,'2;2;+;7;7;=;3;3','2;2;+;7;1;=;9;3'
2214,'15-93=-16','15-33=-18',digit_to_digit,3,9,3,8,6,8,,,,,,,'1;5;-;9;3;=;-;1;6','1;5;-;3;3;=;-;1;8'
2215,'45-92=-49','49-92=-43',digit_to_digit,8,9,3,1,5,9,,,,,,,'4;5;-;9;2;=;-;4;9','4;9;-;9;2;=;-;4;3'
2216,'96-67=183','96+67=163',op_and_digit_balance,7,8,6,2,-,+,,,,,,,'9;6;-;6;7;=;1;8;3','9;6;+;6;7;=;1;6;3'
2217,'95+96=3','99-96=3',op_and_digit_balance,2,+,-,1,5,9,,,,,,,'9;5;+;9;6;=;3','9;9;-;9;6;=;3'
2218,'73-20=-1','13-20=-7',digit_to_digit,0,7,1,7,1,7,,,,,,,'7;3;-;2;0;=;-;1','1;3;-;2;0;=;-;7'
2219,'58-39=-49','50-99=-49',digit_to_digit,1,8,0,3,3,9,,,,,,,'5;8;-;3;9;=;-;4;9','5;0;-;9;9;=;-;4;9'
2220,'27+46=12','27+45=72',digit_to_digit,4,6,5,6,1,7,,,,,,,'2;7;+;4;6;=;1;2','2;7;+;4;5;=;7;2'
2221,'60+85=129','60+69=129',digit_to_digit,3,8,6,4,5,9,,,,,,,'6;0;+;8;5;=;1;2;9','6;0;+;6;9;=;1;2;9'
2222,'12-84=76','12+64=76',op_and_digit_balance,3,8,6,2,-,+,,,,,,,'1;2;-;8;4;=;7;6','1;2;+;6;4;=;7;6'
2223,'93-59=-25','33-58=-25',digit_to_digit,0,9,3,4,9,8,,,,,,,'9;3;-;5;9;=;-;2;5','3;3;-;5;8;=;-;2;5'
2224,'97-48=146','97+49=146',op_and_digit_balance,4,8,9,2,-,+,,,,,,,'9;7;-;4;8;=;1;4;6','9;7;+;4;9;=;1;4;6'
2225,'69-99=-35','63-98=-35',digit_to_digit,1,9,3,4,9,8,,,,,,,'6;9;-;9;9;=;-;3;5','6;3;-;9;8;=;-;3;5'
2226,'67=91--24','67-91=-24',swap_-_and_=,2,=,-,5,-,=,,,,,,,'6;7;=;9;1;-;-;2;4','6;7;-;9;1;=;-;2;4'
2227,'10=13--3','10-13=-3',swap_-_and_=,2,=,-,5,-,=,,,,,,,'1;0;=;1;3;-;-;3','1;0;-;1;3;=;-;3'
2228,'17+93=180','17+83=100',digit_to_digit,7,8,0,3,9,8,,,,,,,'1;7;+;9;3;=;1;8;0','1;7;+;8;3;=;1;0;0'
2229,'87=96--9','87-96=-9',swap_-_and_=,2,=,-,5,-,=,,,,,,,'8;7;=;9;6;-;-;9','8;7;-;9;6;=;-;9'
2230,'53-62=41','93-52=41',digit_to_digit,3,6,5,0,5,9,,,,,,,'5;3;-;6;2;=;4;1','9;3;-;5;2;=;4;1'
2231,'38-85=723','38+85=123',op_and_digit_balance,6,7,1,2,-,+,,,,,,,'3;8;-;8;5;=;7;2;3','3;8;+;8;5;=;1;2;3'
2232,'35-57=-92','35-67=-32',digit_to_digit,7,9,3,3,5,6,,,,,,,'3;5;-;5;7;=;-;9;2','3;5;-;6;7;=;-;3;2'
2233,'12+85=107','12+89=101',digit_to_digit,8,7,1,4,5,9,,,,,,,'1;2;+;8;5;=;1;0;7','1;2;+;8;9;=;1;0;1'
2234,'63=41-22','63-41=22',swap_-_and_=,2,=,-,5,-,=,,,,,,,'6;3;=;4;1;-;2;2','6;3;-;4;1;=;2;2'
2235,'18-22=-5','16-22=-6',digit_to_digit,1,8,6,7,5,6,,,,,,,'1;8;-;2;2;=;-;5','1;6;-;2;2;=;-;6'
2236,'84-94=188','94+94=188',op_and_digit_balance,0,8,9,2,-,+,,,,,,,'8;4;-;9;4;=;1;8;8','9;4;+;9;4;=;1;8;8'
2237,'50+57=141','50+91=141',digit_to_digit,4,7,1,3,5,9,,,,,,,'5;0;+;5;7;=;1;4;1','5;0;+;9;1;=;1;4;1'
2238,'21-25=-11','21-25=-4',four_eleven,7,11,4,,,,,,,,,,'2;1;-;2;5;=;-;11','2;1;-;2;5;=;-;4'
2239,'39+90=119','29+90=119',within_digit,0,3,2,,,,,,,,,,'3;9;+;9;0;=;11;9','2;9;+;9;0;=;11;9'
2240,'15+31=116','15+31=46',four_eleven,6,11,4,,,,,,,,,,'1;5;+;3;1;=;11;6','1;5;+;3;1;=;4;6'
2241,'18-42=-34','18-42=-24',within_digit,7,3,2,,,,,,,,,,'1;8;-;4;2;=;-;3;4','1;8;-;4;2;=;-;2;4'
2242,'98-11=108','98+11=109',op_and_digit_balance,7,8,9,2,-,+,,,,,,,'9;8;-;11;=;1;0;8','9;8;+;11;=;1;0;9'
2243,'87+35=48','87-39=48',op_and_digit_balance,2,+,-,4,5,9,,,,,,,'8;7;+;3;5;=;4;8','8;7;-;3;9;=;4;8'
2244,'51-95=-114','51-95=-44',four_eleven,7,11,4,,,,,,,,,,'5;1;-;9;5;=;-;11;4','5;1;-;9;5;=;-;4;4'
2245,'55-99=-114','55-99=-44',four_eleven,7,11,4,,,,,,,,,,'5;5;-;9;9;=;-;11;4','5;5;-;9;9;=;-;4;4'
2246,'51+88=146','57+88=145',digit_to_digit,8,6,5,1,1,7,,,,,,,'5;1;+;8;8;=;1;4;6','5;7;+;8;8;=;1;4;5'
2247,'84-37=101','64+37=101',op_and_digit_balance,0,8,6,2,-,+,,,,,,,'8;4;-;3;7;=;1;0;1','6;4;+;3;7;=;1;0;1'
2248,'25+40=75','35+40=75',within_digit,0,2,3,,,,,,,,,,'2;5;+;4;0;=;7;5','3;5;+;4;0;=;7;5'
2249,'84+36=46','84-36=48',op_and_digit_balance,2,+,-,7,6,8,,,,,,,'8;4;+;3;6;=;4;6','8;4;-;3;6;=;4;8'
2250,'50+48=12','60-48=12',op_and_digit_balance,2,+,-,0,5,6,,,,,,,'5;0;+;4;8;=;1;2','6;0;-;4;8;=;1;2'
2251,'39=45--6','39-45=-6',swap_-_and_=,2,=,-,5,-,=,,,,,,,'3;9;=;4;5;-;-;6','3;9;-;4;5;=;-;6'
2252,'71+14=-3','71-74=-3',op_and_digit_balance,2,+,-,3,1,7,,,,,,,'7;1;+;1;4;=;-;3','7;1;-;7;4;=;-;3'
2253,'19+13=22','19+13=32',within_digit,6,2,3,,,,,,,,,,'1;9;+;1;3;=;2;2','1;9;+;1;3;=;3;2'
2254,'15+58=125','75+50=125',digit_to_digit,4,8,0,0,1,7,,,,,,,'1;5;+;5;8;=;1;2;5','7;5;+;5;0;=;1;2;5'
2255,'60=28-32','60-28=32',swap_-_and_=,2,=,-,5,-,=,,,,,,,'6;0;=;2;8;-;3;2','6;0;-;2;8;=;3;2'
2256,'84+23=97','64+23=87',digit_to_digit,0,8,6,6,9,8,,,,,,,'8;4;+;2;3;=;9;7','6;4;+;2;3;=;8;7'
2257,'94+16=105','94+15=109',digit_to_digit,4,6,5,8,5,9,,,,,,,'9;4;+;1;6;=;1;0;5','9;4;+;1;5;=;1;0;9'
2258,'50+54=4','58-54=4',op_and_digit_balance,2,+,-,1,0,8,,,,,,,'5;0;+;5;4;=;4','5;8;-;5;4;=;4'
2259,'63=99--36','63-99=-36',swap_-_and_=,2,=,-,5,-,=,,,,,,,'6;3;=;9;9;-;-;3;6','6;3;-;9;9;=;-;3;6'
2260,'70-61=77','78-61=17',digit_to_digit,6,7,1,1,0,8,,,,,,,'7;0;-;6;1;=;7;7','7;8;-;6;1;=;1;7'
2261,'94=40-54','94-40=54',swap_-_and_=,2,=,-,5,-,=,,,,,,,'9;4;=;4;0;-;5;4','9;4;-;4;0;=;5;4'
2262,'46+43=5','48-43=5',op_and_digit_balance,2,+,-,1,6,8,,,,,,,'4;6;+;4;3;=;5','4;8;-;4;3;=;5'
2263,'98-89=127','38+89=127',op_and_digit_balance,0,9,3,2,-,+,,,,,,,'9;8;-;8;9;=;1;2;7','3;8;+;8;9;=;1;2;7'
2264,'82+38=-16','82-98=-16',op_and_digit_balance,2,+,-,3,3,9,,,,,,,'8;2;+;3;8;=;-;1;6','8;2;-;9;8;=;-;1;6'
2265,'43-59=-20','43-63=-20',digit_to_digit,4,9,3,3,5,6,,,,,,,'4;3;-;5;9;=;-;2;0','4;3;-;6;3;=;-;2;0'
2266,'92+38=139','92+38=130',within_digit,8,9,0,,,,,,,,,,'9;2;+;3;8;=;1;3;9','9;2;+;3;8;=;1;3;0'
2267,'13-96=-17','19-36=-17',digit_to_digit,3,9,3,1,3,9,,,,,,,'1;3;-;9;6;=;-;1;7','1;9;-;3;6;=;-;1;7'
2268,'24-17=-59','24-77=-53',digit_to_digit,8,9,3,3,1,7,,,,,,,'2;4;-;1;7;=;-;5;9','2;4;-;7;7;=;-;5;3'
2269,'78-70=-1','78-79=-1',within_digit,4,0,9,,,,,,,,,,'7;8;-;7;0;=;-;1','7;8;-;7;9;=;-;1'
2270,'92+19=165','92+73=165',digit_to_digit,4,9,3,3,1,7,,,,,,,'9;2;+;1;9;=;1;6;5','9;2;+;7;3;=;1;6;5'
2271,'81+46=113','67+46=113',digit_to_digit,0,8,6,1,1,7,,,,,,,'8;1;+;4;6;=;11;3','6;7;+;4;6;=;11;3'
2272,'97+34=791','97+94=191',digit_to_digit,6,7,1,3,3,9,,,,,,,'9;7;+;3;4;=;7;9;1','9;7;+;9;4;=;1;9;1'
2273,'56+47=119','66+47=113',digit_to_digit,7,9,3,0,5,6,,,,,,,'5;6;+;4;7;=;11;9','6;6;+;4;7;=;11;3'
2274,'34=61--27','34-61=-27',swap_-_and_=,2,=,-,5,-,=,,,,,,,'3;4;=;6;1;-;-;2;7','3;4;-;6;1;=;-;2;7'
2275,'53+50=43','93-50=43',op_and_digit_balance,2,+,-,0,5,9,,,,,,,'5;3;+;5;0;=;4;3','9;3;-;5;0;=;4;3'
2276,'17+38=45','17+28=45',within_digit,3,3,2,,,,,,,,,,'1;7;+;3;8;=;4;5','1;7;+;2;8;=;4;5'
2277,'69-74=149','69+74=143',op_and_digit_balance,8,9,3,2,-,+,,,,,,,'6;9;-;7;4;=;1;4;9','6;9;+;7;4;=;1;4;3'
2278,'66-77=83','66+17=83',op_and_digit_balance,3,7,1,2,-,+,,,,,,,'6;6;-;7;7;=;8;3','6;6;+;1;7;=;8;3'
2279,'54+74=-10','64-74=-10',op_and_digit_balance,2,+,-,0,5,6,,,,,,,'5;4;+;7;4;=;-;1;0','6;4;-;7;4;=;-;1;0'
2280,'82-56=198','82+56=138',op_and_digit_balance,7,9,3,2,-,+,,,,,,,'8;2;-;5;6;=;1;9;8','8;2;+;5;6;=;1;3;8'
2281,'75-29=58','79-29=50',digit_to_digit,7,8,0,1,5,9,,,,,,,'7;5;-;2;9;=;5;8','7;9;-;2;9;=;5;0'
2282,'61+12=45','61-12=49',op_and_digit_balance,2,+,-,7,5,9,,,,,,,'6;1;+;1;2;=;4;5','6;1;-;1;2;=;4;9'
2283,'23-38=-7','29-36=-7',digit_to_digit,4,8,6,1,3,9,,,,,,,'2;3;-;3;8;=;-;7','2;9;-;3;6;=;-;7'
2284,'35-70=26','36-10=26',digit_to_digit,3,7,1,1,5,6,,,,,,,'3;5;-;7;0;=;2;6','3;6;-;1;0;=;2;6'
2285,'23-76=13','29-16=13',digit_to_digit,3,7,1,1,3,9,,,,,,,'2;3;-;7;6;=;1;3','2;9;-;1;6;=;1;3'
2286,'53-95=-48','53-99=-46',digit_to_digit,8,8,6,4,5,9,,,,,,,'5;3;-;9;5;=;-;4;8','5;3;-;9;9;=;-;4;6'
2287,'75-78=753','75+78=153',op_and_digit_balance,6,7,1,2,-,+,,,,,,,'7;5;-;7;8;=;7;5;3','7;5;+;7;8;=;1;5;3'
2288,'10-29=-75','10-29=-19',digit_to_digit,7,7,1,8,5,9,,,,,,,'1;0;-;2;9;=;-;7;5','1;0;-;2;9;=;-;1;9'
2289,'56-20=75','55+20=75',op_and_digit_balance,1,6,5,2,-,+,,,,,,,'5;6;-;2;0;=;7;5','5;5;+;2;0;=;7;5'
2290,'32-61=-39','32-67=-35',digit_to_digit,8,9,5,4,1,7,,,,,,,'3;2;-;6;1;=;-;3;9','3;2;-;6;7;=;-;3;5'
2291,'73+66=13','79-66=13',op_and_digit_balance,2,+,-,1,3,9,,,,,,,'7;3;+;6;6;=;1;3','7;9;-;6;6;=;1;3'
2292,'42=68--26','42-68=-26',swap_-_and_=,2,=,-,5,-,=,,,,,,,'4;2;=;6;8;-;-;2;6','4;2;-;6;8;=;-;2;6'
2293,'10-21=37','10+21=31',op_and_digit_balance,7,7,1,2,-,+,,,,,,,'1;0;-;2;1;=;3;7','1;0;+;2;1;=;3;1'
2294,'10+70=-52','18-70=-52',op_and_digit_balance,2,+,-,1,0,8,,,,,,,'1;0;+;7;0;=;-;5;2','1;8;-;7;0;=;-;5;2'
2295,'29+55=-30','29-59=-30',op_and_digit_balance,2,+,-,4,5,9,,,,,,,'2;9;+;5;5;=;-;3;0','2;9;-;5;9;=;-;3;0'
2296,'77+31=54','17+37=54',digit_to_digit,0,7,1,4,1,7,,,,,,,'7;7;+;3;1;=;5;4','1;7;+;3;7;=;5;4'
2297,'84-93=7','84-83=1',digit_to_digit,6,7,1,3,9,8,,,,,,,'8;4;-;9;3;=;7','8;4;-;8;3;=;1'
2298,'47+91=-50','47-97=-50',op_and_digit_balance,2,+,-,4,1,7,,,,,,,'4;7;+;9;1;=;-;5;0','4;7;-;9;7;=;-;5;0'
2299,'90-47=42','90-47=43',within_digit,7,2,3,,,,,,,,,,'9;0;-;4;7;=;4;2','9;0;-;4;7;=;4;3'
2300,'56+55=-39','56-95=-39',op_and_digit_balance,2,+,-,3,5,9,,,,,,,'5;6;+;5;5;=;-;3;9','5;6;-;9;5;=;-;3;9'
2301,'62-53=-7','62-63=-1',digit_to_digit,7,7,1,3,5,6,,,,,,,'6;2;-;5;3;=;-;7','6;2;-;6;3;=;-;1'
2302,'24+93=63','24+39=63',digit_to_digit,3,9,3,4,3,9,,,,,,,'2;4;+;9;3;=;6;3','2;4;+;3;9;=;6;3'
2303,'85-72=74','86-72=14',digit_to_digit,6,7,1,1,5,6,,,,,,,'8;5;-;7;2;=;7;4','8;6;-;7;2;=;1;4'
2304,'28+45=19','28+45=73',digit_to_digit,7,9,3,6,1,7,,,,,,,'2;8;+;4;5;=;1;9','2;8;+;4;5;=;7;3'
2305,'78-22=49','70-22=48',digit_to_digit,1,8,0,7,9,8,,,,,,,'7;8;-;2;2;=;4;9','7;0;-;2;2;=;4;8'
2306,'96-77=113','36+77=113',op_and_digit_balance,0,9,3,2,-,+,,,,,,,'9;6;-;7;7;=;11;3','3;6;+;7;7;=;11;3'
2307,'33+63=-24','39-63=-24',op_and_digit_balance,2,+,-,1,3,9,,,,,,,'3;3;+;6;3;=;-;2;4','3;9;-;6;3;=;-;2;4'
2308,'92-50=112','92-50=42',four_eleven,6,11,4,,,,,,,,,,'9;2;-;5;0;=;11;2','9;2;-;5;0;=;4;2'
2309,'60-64=-11','60-64=-4',four_eleven,7,11,4,,,,,,,,,,'6;0;-;6;4;=;-;11','6;0;-;6;4;=;-;4'
2310,'35+91=-52','39-91=-52',op_and_digit_balance,2,+,-,1,5,9,,,,,,,'3;5;+;9;1;=;-;5;2','3;9;-;9;1;=;-;5;2'
2311,'15-41=-92','15-47=-32',digit_to_digit,7,9,3,4,1,7,,,,,,,'1;5;-;4;1;=;-;9;2','1;5;-;4;7;=;-;3;2'
2312,'73+21=911','73+21=94',four_eleven,7,11,4,,,,,,,,,,'7;3;+;2;1;=;9;11','7;3;+;2;1;=;9;4'
2313,'56+32=81','55+32=87',digit_to_digit,1,6,5,7,1,7,,,,,,,'5;6;+;3;2;=;8;1','5;5;+;3;2;=;8;7'
2314,'14+33=187','14+93=107',digit_to_digit,7,8,0,3,3,9,,,,,,,'1;4;+;3;3;=;1;8;7','1;4;+;9;3;=;1;0;7'
2315,'82+33=45','82+33=115',four_eleven,6,4,11,,,,,,,,,,'8;2;+;3;3;=;4;5','8;2;+;3;3;=;11;5'
2316,'47-35=5','41-36=5',digit_to_digit,1,7,1,4,5,6,,,,,,,'4;7;-;3;5;=;5','4;1;-;3;6;=;5'
2317,'85+57=32','89-57=32',op_and_digit_balance,2,+,-,1,5,9,,,,,,,'8;5;+;5;7;=;3;2','8;9;-;5;7;=;3;2'
2318,'45+20=56','45+20=65',digit_to_digit,7,6,5,6,5,6,,,,,,,'4;5;+;2;0;=;5;6','4;5;+;2;0;=;6;5'
2319,'14-41=-37','14-41=-27',within_digit,7,3,2,,,,,,,,,,'1;4;-;4;1;=;-;3;7','1;4;-;4;1;=;-;2;7'
2320,'20+90=40','20+90=110',four_eleven,6,4,11,,,,,,,,,,'2;0;+;9;0;=;4;0','2;0;+;9;0;=;11;0'
2321,'81-76=-9','67-76=-9',digit_to_digit,0,8,6,1,1,7,,,,,,,'8;1;-;7;6;=;-;9','6;7;-;7;6;=;-;9'
2322,'89=88-1','89-88=1',swap_-_and_=,2,=,-,5,-,=,,,,,,,'8;9;=;8;8;-;1','8;9;-;8;8;=;1'
2323,'31-76=47','31+16=47',op_and_digit_balance,3,7,1,2,-,+,,,,,,,'3;1;-;7;6;=;4;7','3;1;+;1;6;=;4;7'
2324,'23-81=114','23+91=114',op_and_digit_balance,3,8,9,2,-,+,,,,,,,'2;3;-;8;1;=;11;4','2;3;+;9;1;=;11;4'
2325,'55+87=146','65+81=146',digit_to_digit,4,7,1,0,5,6,,,,,,,'5;5;+;8;7;=;1;4;6','6;5;+;8;1;=;1;4;6'
2326,'79-27=57','78-27=51',digit_to_digit,7,7,1,1,9,8,,,,,,,'7;9;-;2;7;=;5;7','7;8;-;2;7;=;5;1'
2327,'55=93--38','55-93=-38',swap_-_and_=,2,=,-,5,-,=,,,,,,,'5;5;=;9;3;-;-;3;8','5;5;-;9;3;=;-;3;8'
2328,'70+54=15','70-54=16',op_and_digit_balance,2,+,-,7,5,6,,,,,,,'7;0;+;5;4;=;1;5','7;0;-;5;4;=;1;6'
2329,'23-85=-43','23-66=-43',digit_to_digit,3,8,6,4,5,6,,,,,,,'2;3;-;8;5;=;-;4;3','2;3;-;6;6;=;-;4;3'
2330,'78+80=70','78-8-0=70',,2,+,-,,,,,,,,,,7;8;+;8;0;=;7;0',7;8;-;8;-;0;=;7;0'
2331,'13-50=83','13+50=63',op_and_digit_balance,6,8,6,2,-,+,,,,,,,'1;3;-;5;0;=;8;3','1;3;+;5;0;=;6;3'
2332,'82-77=158','82+77=159',op_and_digit_balance,8,8,9,2,-,+,,,,,,,'8;2;-;7;7;=;1;5;8','8;2;+;7;7;=;1;5;9'
2333,'28-68=98','28+68=96',op_and_digit_balance,7,8,6,2,-,+,,,,,,,'2;8;-;6;8;=;9;8','2;8;+;6;8;=;9;6'
2334,'47-90=-113','47-90=-43',four_eleven,7,11,4,,,,,,,,,,'4;7;-;9;0;=;-;11;3','4;7;-;9;0;=;-;4;3'
2335,'40+59=709','40+69=109',digit_to_digit,6,7,1,3,5,6,,,,,,,'4;0;+;5;9;=;7;0;9','4;0;+;6;9;=;1;0;9'
2336,'96-79=-42','36-78=-42',digit_to_digit,0,9,3,4,9,8,,,,,,,'9;6;-;7;9;=;-;4;2','3;6;-;7;8;=;-;4;2'
2337,'18+60=130','70+60=130',digit_to_digit,1,8,0,0,1,7,,,,,,,'1;8;+;6;0;=;1;3;0','7;0;+;6;0;=;1;3;0'
2338,'25-24=11','35-24=11',within_digit,0,2,3,,,,,,,,,,'2;5;-;2;4;=;11','3;5;-;2;4;=;11'
2339,'69=30-39','69-30=39',swap_-_and_=,2,=,-,5,-,=,,,,,,,'6;9;=;3;0;-;3;9','6;9;-;3;0;=;3;9'
2340,'74-22=51','74-23=51',within_digit,4,2,3,,,,,,,,,,'7;4;-;2;2;=;5;1','7;4;-;2;3;=;5;1'
2341,'66+13=89','66+19=85',digit_to_digit,7,9,5,4,3,9,,,,,,,'6;6;+;1;3;=;8;9','6;6;+;1;9;=;8;5'
2342,'29-45=-6','39-45=-6',within_digit,0,2,3,,,,,,,,,,'2;9;-;4;5;=;-;6','3;9;-;4;5;=;-;6'
2343,'95+40=47','95-48=47',op_and_digit_balance,2,+,-,4,0,8,,,,,,,'9;5;+;4;0;=;4;7','9;5;-;4;8;=;4;7'
2344,'94+32=56','34+32=66',digit_to_digit,0,9,3,6,5,6,,,,,,,'9;4;+;3;2;=;5;6','3;4;+;3;2;=;6;6'
2345,'86+26=113','85+28=113',digit_to_digit,1,6,5,4,6,8,,,,,,,'8;6;+;2;6;=;11;3','8;5;+;2;8;=;11;3'
2346,'66-79=85','66+19=85',op_and_digit_balance,3,7,1,2,-,+,,,,,,,'6;6;-;7;9;=;8;5','6;6;+;1;9;=;8;5'
2347,'10+28=96','70+26=96',digit_to_digit,4,8,6,0,1,7,,,,,,,'1;0;+;2;8;=;9;6','7;0;+;2;6;=;9;6'
2348,'21-92=73','21+52=73',op_and_digit_balance,3,9,5,2,-,+,,,,,,,'2;1;-;9;2;=;7;3','2;1;+;5;2;=;7;3'
2349,'18-97=-27','70-97=-27',digit_to_digit,1,8,0,0,1,7,,,,,,,'1;8;-;9;7;=;-;2;7','7;0;-;9;7;=;-;2;7'
2350,'32+25=1','32-25=7',op_and_digit_balance,2,+,-,6,1,7,,,,,,,'3;2;+;2;5;=;1','3;2;-;2;5;=;7'
2351,'98-28=118','98+20=118',op_and_digit_balance,4,8,0,2,-,+,,,,,,,'9;8;-;2;8;=;11;8','9;8;+;2;0;=;11;8'
2352,'72+79=142','72+70=142',within_digit,4,9,0,,,,,,,,,,'7;2;+;7;9;=;1;4;2','7;2;+;7;0;=;1;4;2'
2353,'78-56=194','78+56=134',op_and_digit_balance,7,9,3,2,-,+,,,,,,,'7;8;-;5;6;=;1;9;4','7;8;+;5;6;=;1;3;4'
2354,'67=19-48','67-19=48',swap_-_and_=,2,=,-,5,-,=,,,,,,,'6;7;=;1;9;-;4;8','6;7;-;1;9;=;4;8'
2355,'32-53=89','32+53=85',op_and_digit_balance,7,9,5,2,-,+,,,,,,,'3;2;-;5;3;=;8;9','3;2;+;5;3;=;8;5'
2356,'99-48=747','99+48=147',op_and_digit_balance,6,7,1,2,-,+,,,,,,,'9;9;-;4;8;=;7;4;7','9;9;+;4;8;=;1;4;7'
2357,'80+81=170','89+81=170',within_digit,1,0,9,,,,,,,,,,'8;0;+;8;1;=;1;7;0','8;9;+;8;1;=;1;7;0'
2358,'53-58=9','63-58=5',digit_to_digit,6,9,5,0,5,6,,,,,,,'5;3;-;5;8;=;9','6;3;-;5;8;=;5'
2359,'35+85=127','36+85=121',digit_to_digit,8,7,1,1,5,6,,,,,,,'3;5;+;8;5;=;1;2;7','3;6;+;8;5;=;1;2;1'
2360,'95-44=79','35+44=79',op_and_digit_balance,0,9,3,2,-,+,,,,,,,'9;5;-;4;4;=;7;9','3;5;+;4;4;=;7;9'
2361,'69-74=54','68-14=54',digit_to_digit,3,7,1,1,9,8,,,,,,,'6;9;-;7;4;=;5;4','6;8;-;1;4;=;5;4'
2362,'53+11=611','53+11=64',four_eleven,6,11,4,,,,,,,,,,'5;3;+;11;=;6;11','5;3;+;11;=;6;4'
2363,'35+66=-27','39-66=-27',op_and_digit_balance,2,+,-,1,5,9,,,,,,,'3;5;+;6;6;=;-;2;7','3;9;-;6;6;=;-;2;7'
2364,'58-43=8','58-49=9',digit_to_digit,6,8,9,4,3,9,,,,,,,'5;8;-;4;3;=;8','5;8;-;4;9;=;9'
2365,'71+72=148','77+72=149',digit_to_digit,8,8,9,1,1,7,,,,,,,'7;1;+;7;2;=;1;4;8','7;7;+;7;2;=;1;4;9'
2366,'28+79=-50','28-78=-50',op_and_digit_balance,2,+,-,4,9,8,,,,,,,'2;8;+;7;9;=;-;5;0','2;8;-;7;8;=;-;5;0'
2367,'58+22=12','50+22=72',digit_to_digit,1,8,0,6,1,7,,,,,,,'5;8;+;2;2;=;1;2','5;0;+;2;2;=;7;2'
2368,'48-44=84','40+44=84',op_and_digit_balance,1,8,0,2,-,+,,,,,,,'4;8;-;4;4;=;8;4','4;0;+;4;4;=;8;4'
2369,'47+52=133','41+92=133',digit_to_digit,1,7,1,3,5,9,,,,,,,'4;7;+;5;2;=;1;3;3','4;1;+;9;2;=;1;3;3'
2370,'79-87=11','78-67=11',digit_to_digit,3,8,6,1,9,8,,,,,,,'7;9;-;8;7;=;11','7;8;-;6;7;=;11'
2371,'14=74--60','14-74=-60',swap_-_and_=,2,=,-,5,-,=,,,,,,,'1;4;=;7;4;-;-;6;0','1;4;-;7;4;=;-;6;0'
2372,'13-83=98','13+83=96',op_and_digit_balance,7,8,6,2,-,+,,,,,,,'1;3;-;8;3;=;9;8','1;3;+;8;3;=;9;6'
2373,'90+52=30','90-52=38',op_and_digit_balance,2,+,-,7,0,8,,,,,,,'9;0;+;5;2;=;3;0','9;0;-;5;2;=;3;8'
2374,'38+43=-11','38-49=-11',op_and_digit_balance,2,+,-,4,3,9,,,,,,,'3;8;+;4;3;=;-;11','3;8;-;4;9;=;-;11'
2375,'79-52=11','73-62=11',digit_to_digit,1,9,3,3,5,6,,,,,,,'7;9;-;5;2;=;11','7;3;-;6;2;=;11'
2376,'48-84=192','48+84=132',op_and_digit_balance,7,9,3,2,-,+,,,,,,,'4;8;-;8;4;=;1;9;2','4;8;+;8;4;=;1;3;2'
2377,'82+45=728','82+46=128',digit_to_digit,6,7,1,4,5,6,,,,,,,'8;2;+;4;5;=;7;2;8','8;2;+;4;6;=;1;2;8'
2378,'28-88=126','28+98=126',op_and_digit_balance,3,8,9,2,-,+,,,,,,,'2;8;-;8;8;=;1;2;6','2;8;+;9;8;=;1;2;6'
2379,'64+23=35','64-29=35',op_and_digit_balance,2,+,-,4,3,9,,,,,,,'6;4;+;2;3;=;3;5','6;4;-;2;9;=;3;5'
2380,'34-82=118','34+82=116',op_and_digit_balance,7,8,6,2,-,+,,,,,,,'3;4;-;8;2;=;11;8','3;4;+;8;2;=;11;6'
2381,'49-98=747','49+98=147',op_and_digit_balance,6,7,1,2,-,+,,,,,,,'4;9;-;9;8;=;7;4;7','4;9;+;9;8;=;1;4;7'
2382,'84+28=52','64+28=92',digit_to_digit,0,8,6,6,5,9,,,,,,,'8;4;+;2;8;=;5;2','6;4;+;2;8;=;9;2'
2383,'93=65-28','93-65=28',swap_-_and_=,2,=,-,5,-,=,,,,,,,'9;3;=;6;5;-;2;8','9;3;-;6;5;=;2;8'
2384,'73-86=99','13+86=99',op_and_digit_balance,0,7,1,2,-,+,,,,,,,'7;3;-;8;6;=;9;9','1;3;+;8;6;=;9;9'
2385,'29-68=87','29+68=97',op_and_digit_balance,6,8,9,2,-,+,,,,,,,'2;9;-;6;8;=;8;7','2;9;+;6;8;=;9;7'
2386,'74-94=108','14+94=108',op_and_digit_balance,0,7,1,2,-,+,,,,,,,'7;4;-;9;4;=;1;0;8','1;4;+;9;4;=;1;0;8'
2387,'12-23=48','72-23=49',digit_to_digit,7,8,9,0,1,7,,,,,,,'1;2;-;2;3;=;4;8','7;2;-;2;3;=;4;9'
2388,'61-79=134','61+73=134',op_and_digit_balance,4,9,3,2,-,+,,,,,,,'6;1;-;7;9;=;1;3;4','6;1;+;7;3;=;1;3;4'
2389,'60-79=129','50+79=129',op_and_digit_balance,0,6,5,2,-,+,,,,,,,'6;0;-;7;9;=;1;2;9','5;0;+;7;9;=;1;2;9'
2390,'73+95=758','73+85=158',digit_to_digit,6,7,1,3,9,8,,,,,,,'7;3;+;9;5;=;7;5;8','7;3;+;8;5;=;1;5;8'
2391,'65+80=-14','66-80=-14',op_and_digit_balance,2,+,-,1,5,6,,,,,,,'6;5;+;8;0;=;-;1;4','6;6;-;8;0;=;-;1;4'
2392,'31-93=-63','31-93=-62',within_digit,8,3,2,,,,,,,,,,'3;1;-;9;3;=;-;6;3','3;1;-;9;3;=;-;6;2'
2393,'13-67=-511','13-67=-54',four_eleven,8,11,4,,,,,,,,,,'1;3;-;6;7;=;-;5;11','1;3;-;6;7;=;-;5;4'
2394,'87-76=162','87+75=162',op_and_digit_balance,4,6,5,2,-,+,,,,,,,'8;7;-;7;6;=;1;6;2','8;7;+;7;5;=;1;6;2'
2395,'94-87=191','94+97=191',op_and_digit_balance,3,8,9,2,-,+,,,,,,,'9;4;-;8;7;=;1;9;1','9;4;+;9;7;=;1;9;1'
2396,'41-93=734','41+93=134',op_and_digit_balance,6,7,1,2,-,+,,,,,,,'4;1;-;9;3;=;7;3;4','4;1;+;9;3;=;1;3;4'
2397,'57+56=122','67+55=122',digit_to_digit,4,6,5,0,5,6,,,,,,,'5;7;+;5;6;=;1;2;2','6;7;+;5;5;=;1;2;2'
2398,'93-90=123','93+30=123',op_and_digit_balance,3,9,3,2,-,+,,,,,,,'9;3;-;9;0;=;1;2;3','9;3;+;3;0;=;1;2;3'
2399,'40+11=23','40-11=29',op_and_digit_balance,2,+,-,6,3,9,,,,,,,'4;0;+;11;=;2;3','4;0;-;11;=;2;9'
2400,'41-28=27','47-20=27',digit_to_digit,4,8,0,1,1,7,,,,,,,'4;1;-;2;8;=;2;7','4;7;-;2;0;=;2;7'
2401,'25-44=-75','29-44=-15',digit_to_digit,7,7,1,1,5,9,,,,,,,'2;5;-;4;4;=;-;7;5','2;9;-;4;4;=;-;1;5'
2402,'67+22=63','61+22=83',digit_to_digit,1,7,1,6,6,8,,,,,,,'6;7;+;2;2;=;6;3','6;1;+;2;2;=;8;3'
2403,'90=51-39','90-51=39',swap_-_and_=,2,=,-,5,-,=,,,,,,,'9;0;=;5;1;-;3;9','9;0;-;5;1;=;3;9'
2404,'68-75=141','66+75=141',op_and_digit_balance,1,8,6,2,-,+,,,,,,,'6;8;-;7;5;=;1;4;1','6;6;+;7;5;=;1;4;1'
2405,'51+93=90','57+33=90',digit_to_digit,3,9,3,1,1,7,,,,,,,'5;1;+;9;3;=;9;0','5;7;+;3;3;=;9;0'
2406,'18+10=37','18+19=37',within_digit,4,0,9,,,,,,,,,,'1;8;+;1;0;=;3;7','1;8;+;1;9;=;3;7'
2407,'30+44=711','30+44=74',four_eleven,7,11,4,,,,,,,,,,'3;0;+;4;4;=;7;11','3;0;+;4;4;=;7;4'
2408,'60-63=113','50+63=113',op_and_digit_balance,0,6,5,2,-,+,,,,,,,'6;0;-;6;3;=;11;3','5;0;+;6;3;=;11;3'
2409,'82-20=112','92+20=112',op_and_digit_balance,0,8,9,2,-,+,,,,,,,'8;2;-;2;0;=;11;2','9;2;+;2;0;=;11;2'
2410,'35-89=118','35+83=118',op_and_digit_balance,4,9,3,2,-,+,,,,,,,'3;5;-;8;9;=;11;8','3;5;+;8;3;=;11;8'
2411,'43=84--41','43-84=-41',swap_-_and_=,2,=,-,5,-,=,,,,,,,'4;3;=;8;4;-;-;4;1','4;3;-;8;4;=;-;4;1'
2412,'22-78=40','22+18=40',op_and_digit_balance,3,7,1,2,-,+,,,,,,,'2;2;-;7;8;=;4;0','2;2;+;1;8;=;4;0'
2413,'82-88=-25','62-88=-26',digit_to_digit,0,8,6,8,5,6,,,,,,,'8;2;-;8;8;=;-;2;5','6;2;-;8;8;=;-;2;6'
2414,'29-91=-58','23-91=-68',digit_to_digit,1,9,3,7,5,6,,,,,,,'2;9;-;9;1;=;-;5;8','2;3;-;9;1;=;-;6;8'
2415,'89-85=774','89+85=174',op_and_digit_balance,6,7,1,2,-,+,,,,,,,'8;9;-;8;5;=;7;7;4','8;9;+;8;5;=;1;7;4'
2416,'70-49=113','70+43=113',op_and_digit_balance,4,9,3,2,-,+,,,,,,,'7;0;-;4;9;=;11;3','7;0;+;4;3;=;11;3'
2417,'92-41=93','52+41=93',op_and_digit_balance,0,9,5,2,-,+,,,,,,,'9;2;-;4;1;=;9;3','5;2;+;4;1;=;9;3'
2418,'95-20=27','55-28=27',digit_to_digit,0,9,5,4,0,8,,,,,,,'9;5;-;2;0;=;2;7','5;5;-;2;8;=;2;7'
2419,'62+52=0','62-62=0',op_and_digit_balance,2,+,-,3,5,6,,,,,,,'6;2;+;5;2;=;0','6;2;-;6;2;=;0'
2420,'63=71--8','63-71=-8',swap_-_and_=,2,=,-,5,-,=,,,,,,,'6;3;=;7;1;-;-;8','6;3;-;7;1;=;-;8'
2421,'59+51=128','59+61=120',digit_to_digit,8,8,0,3,5,6,,,,,,,'5;9;+;5;1;=;1;2;8','5;9;+;6;1;=;1;2;0'
2422,'72+87=93','12+87=99',digit_to_digit,0,7,1,7,3,9,,,,,,,'7;2;+;8;7;=;9;3','1;2;+;8;7;=;9;9'
2423,'21+39=58','21+39=60',digit_to_digit,7,8,0,6,5,6,,,,,,,'2;1;+;3;9;=;5;8','2;1;+;3;9;=;6;0'
2424,'92-26=58','32+26=58',op_and_digit_balance,0,9,3,2,-,+,,,,,,,'9;2;-;2;6;=;5;8','3;2;+;2;6;=;5;8'
2425,'58-28=72','98-26=72',digit_to_digit,4,8,6,0,5,9,,,,,,,'5;8;-;2;8;=;7;2','9;8;-;2;6;=;7;2'
2426,'69+71=149','69+71=140',within_digit,8,9,0,,,,,,,,,,'6;9;+;7;1;=;1;4;9','6;9;+;7;1;=;1;4;0'
2427,'36-55=47','96-55=41',digit_to_digit,7,7,1,0,3,9,,,,,,,'3;6;-;5;5;=;4;7','9;6;-;5;5;=;4;1'
2428,'95-82=117','35+82=117',op_and_digit_balance,0,9,3,2,-,+,,,,,,,'9;5;-;8;2;=;11;7','3;5;+;8;2;=;11;7'
2429,'58+49=109','59+49=108',digit_to_digit,1,8,9,8,9,8,,,,,,,'5;8;+;4;9;=;1;0;9','5;9;+;4;9;=;1;0;8'
2430,'98-37=127','90+37=127',op_and_digit_balance,1,8,0,2,-,+,,,,,,,'9;8;-;3;7;=;1;2;7','9;0;+;3;7;=;1;2;7'
2431,'37+50=-23','37-60=-23',op_and_digit_balance,2,+,-,3,5,6,,,,,,,'3;7;+;5;0;=;-;2;3','3;7;-;6;0;=;-;2;3'
2432,'39+21=69','39+21=60',within_digit,7,9,0,,,,,,,,,,'3;9;+;2;1;=;6;9','3;9;+;2;1;=;6;0'
2433,'67-90=31','67-30=37',digit_to_digit,3,9,3,7,1,7,,,,,,,'6;7;-;9;0;=;3;1','6;7;-;3;0;=;3;7'
2434,'48+21=79','48+27=75',digit_to_digit,7,9,5,4,1,7,,,,,,,'4;8;+;2;1;=;7;9','4;8;+;2;7;=;7;5'
2435,'11=50--39','11-50=-39',swap_-_and_=,1,=,-,4,-,=,,,,,,,'11;=;5;0;-;-;3;9','11;-;5;0;=;-;3;9'
2436,'12+51=-45','12-57=-45',op_and_digit_balance,2,+,-,4,1,7,,,,,,,'1;2;+;5;1;=;-;4;5','1;2;-;5;7;=;-;4;5'
2437,'27-51=-94','27-61=-34',digit_to_digit,7,9,3,3,5,6,,,,,,,'2;7;-;5;1;=;-;9;4','2;7;-;6;1;=;-;3;4'
2438,'96-33=59','96-33=63',digit_to_digit,7,9,3,6,5,6,,,,,,,'9;6;-;3;3;=;5;9','9;6;-;3;3;=;6;3'
2439,'77+92=-5','77-82=-5',op_and_digit_balance,2,+,-,3,9,8,,,,,,,'7;7;+;9;2;=;-;5','7;7;-;8;2;=;-;5'
2440,'52-66=6','62-56=6',digit_to_digit,3,6,5,0,5,6,,,,,,,'5;2;-;6;6;=;6','6;2;-;5;6;=;6'
2441,'59+52=1','59-52=7',op_and_digit_balance,2,+,-,6,1,7,,,,,,,'5;9;+;5;2;=;1','5;9;-;5;2;=;7'
2442,'34+44=50','94-44=50',op_and_digit_balance,2,+,-,0,3,9,,,,,,,'3;4;+;4;4;=;5;0','9;4;-;4;4;=;5;0'
2443,'20+43=62','20+43=63',within_digit,7,2,3,,,,,,,,,,'2;0;+;4;3;=;6;2','2;0;+;4;3;=;6;3'
2444,'61+95=117','61+56=117',digit_to_digit,3,9,5,4,5,6,,,,,,,'6;1;+;9;5;=;11;7','6;1;+;5;6;=;11;7'
2445,'19+63=16','79-63=16',op_and_digit_balance,2,+,-,0,1,7,,,,,,,'1;9;+;6;3;=;1;6','7;9;-;6;3;=;1;6'
2446,'94-99=793','94+99=193',op_and_digit_balance,6,7,1,2,-,+,,,,,,,'9;4;-;9;9;=;7;9;3','9;4;+;9;9;=;1;9;3'
2447,'40+41=-7','40-47=-7',op_and_digit_balance,2,+,-,4,1,7,,,,,,,'4;0;+;4;1;=;-;7','4;0;-;4;7;=;-;7'
2448,'51+29=62','91-29=62',op_and_digit_balance,2,+,-,0,5,9,,,,,,,'5;1;+;2;9;=;6;2','9;1;-;2;9;=;6;2'
2449,'39+91=121','30+91=121',within_digit,1,9,0,,,,,,,,,,'3;9;+;9;1;=;1;2;1','3;0;+;9;1;=;1;2;1'
2450,'54-39=83','54+39=93',op_and_digit_balance,6,8,9,2,-,+,,,,,,,'5;4;-;3;9;=;8;3','5;4;+;3;9;=;9;3'
2451,'24-29=-15','24-39=-15',within_digit,3,2,3,,,,,,,,,,'2;4;-;2;9;=;-;1;5','2;4;-;3;9;=;-;1;5'
2452,'59-74=-9','69-74=-5',digit_to_digit,7,9,5,0,5,6,,,,,,,'5;9;-;7;4;=;-;9','6;9;-;7;4;=;-;5'
2453,'25+83=-57','26-83=-57',op_and_digit_balance,2,+,-,1,5,6,,,,,,,'2;5;+;8;3;=;-;5;7','2;6;-;8;3;=;-;5;7'
2454,'59+13=-14','59-73=-14',op_and_digit_balance,2,+,-,3,1,7,,,,,,,'5;9;+;1;3;=;-;1;4','5;9;-;7;3;=;-;1;4'
2455,'64-35=48','84-35=49',digit_to_digit,7,8,9,0,6,8,,,,,,,'6;4;-;3;5;=;4;8','8;4;-;3;5;=;4;9'
2456,'73+62=125','73+62=135',within_digit,7,2,3,,,,,,,,,,'7;3;+;6;2;=;1;2;5','7;3;+;6;2;=;1;3;5'
2457,'57+41=26','67-41=26',op_and_digit_balance,2,+,-,0,5,6,,,,,,,'5;7;+;4;1;=;2;6','6;7;-;4;1;=;2;6'
2458,'50=38-12','50-38=12',swap_-_and_=,2,=,-,5,-,=,,,,,,,'5;0;=;3;8;-;1;2','5;0;-;3;8;=;1;2'
2459,'52-39=29','62-39=23',digit_to_digit,7,9,3,0,5,6,,,,,,,'5;2;-;3;9;=;2;9','6;2;-;3;9;=;2;3'
2460,'10+52=-52','10-62=-52',op_and_digit_balance,2,+,-,3,5,6,,,,,,,'1;0;+;5;2;=;-;5;2','1;0;-;6;2;=;-;5;2'
2461,'94-33=87','54+33=87',op_and_digit_balance,0,9,5,2,-,+,,,,,,,'9;4;-;3;3;=;8;7','5;4;+;3;3;=;8;7'
2462,'47+29=16','47-29=18',op_and_digit_balance,2,+,-,7,6,8,,,,,,,'4;7;+;2;9;=;1;6','4;7;-;2;9;=;1;8'
2463,'78-31=42','79-37=42',digit_to_digit,1,8,9,4,1,7,,,,,,,'7;8;-;3;1;=;4;2','7;9;-;3;7;=;4;2'
2464,'13+44=-25','19-44=-25',op_and_digit_balance,2,+,-,1,3,9,,,,,,,'1;3;+;4;4;=;-;2;5','1;9;-;4;4;=;-;2;5'
2465,'14+17=57','74-17=57',op_and_digit_balance,2,+,-,0,1,7,,,,,,,'1;4;+;1;7;=;5;7','7;4;-;1;7;=;5;7'
2466,'90-15=-45','30-75=-45',digit_to_digit,0,9,3,3,1,7,,,,,,,'9;0;-;1;5;=;-;4;5','3;0;-;7;5;=;-;4;5'
2467,'76-95=-21','75-96=-21',digit_to_digit,1,6,5,4,5,6,,,,,,,'7;6;-;9;5;=;-;2;1','7;5;-;9;6;=;-;2;1'
2468,'74-19=64','74-10=64',within_digit,4,9,0,,,,,,,,,,'7;4;-;1;9;=;6;4','7;4;-;1;0;=;6;4'
2469,'88-55=42','98-56=42',digit_to_digit,0,8,9,4,5,6,,,,,,,'8;8;-;5;5;=;4;2','9;8;-;5;6;=;4;2'
2470,'19=29--10','19-29=-10',swap_-_and_=,2,=,-,5,-,=,,,,,,,'1;9;=;2;9;-;-;1;0','1;9;-;2;9;=;-;1;0'
2471,'97-10=21','37-10=27',digit_to_digit,0,9,3,7,1,7,,,,,,,'9;7;-;1;0;=;2;1','3;7;-;1;0;=;2;7'
2472,'27+51=82','21+61=82',digit_to_digit,1,7,1,3,5,6,,,,,,,'2;7;+;5;1;=;8;2','2;1;+;6;1;=;8;2'
2473,'86-10=86','86+10=96',op_and_digit_balance,6,8,9,2,-,+,,,,,,,'8;6;-;1;0;=;8;6','8;6;+;1;0;=;9;6'
2474,'58+21=87','66+21=87',digit_to_digit,1,8,6,0,5,6,,,,,,,'5;8;+;2;1;=;8;7','6;6;+;2;1;=;8;7'
2475,'11=17--6','11-17=-6',swap_-_and_=,1,=,-,4,-,=,,,,,,,'11;=;1;7;-;-;6','11;-;1;7;=;-;6'
2476,'88-22=90','68+22=90',op_and_digit_balance,0,8,6,2,-,+,,,,,,,'8;8;-;2;2;=;9;0','6;8;+;2;2;=;9;0'
2477,'92-51=-13','32-51=-19',digit_to_digit,0,9,3,8,3,9,,,,,,,'9;2;-;5;1;=;-;1;3','3;2;-;5;1;=;-;1;9'
2478,'45+91=-45','46-91=-45',op_and_digit_balance,2,+,-,1,5,6,,,,,,,'4;5;+;9;1;=;-;4;5','4;6;-;9;1;=;-;4;5'
2479,'15+25=-6','19-25=-6',op_and_digit_balance,2,+,-,1,5,9,,,,,,,'1;5;+;2;5;=;-;6','1;9;-;2;5;=;-;6'
2480,'69-30=93','69-30=39',digit_to_digit,6,9,3,7,3,9,,,,,,,'6;9;-;3;0;=;9;3','6;9;-;3;0;=;3;9'
2481,'62-36=88','52+36=88',op_and_digit_balance,0,6,5,2,-,+,,,,,,,'6;2;-;3;6;=;8;8','5;2;+;3;6;=;8;8'
2482,'82+25=181','82+25=107',digit_to_digit,7,8,0,8,1,7,,,,,,,'8;2;+;2;5;=;1;8;1','8;2;+;2;5;=;1;0;7'
2483,'64-94=118','64+54=118',op_and_digit_balance,3,9,5,2,-,+,,,,,,,'6;4;-;9;4;=;11;8','6;4;+;5;4;=;11;8'
2484,'95=20-75','95-20=75',swap_-_and_=,2,=,-,5,-,=,,,,,,,'9;5;=;2;0;-;7;5','9;5;-;2;0;=;7;5'
2485,'95-64=149','95+54=149',op_and_digit_balance,3,6,5,2,-,+,,,,,,,'9;5;-;6;4;=;1;4;9','9;5;+;5;4;=;1;4;9'
2486,'97-48=137','97+40=137',op_and_digit_balance,4,8,0,2,-,+,,,,,,,'9;7;-;4;8;=;1;3;7','9;7;+;4;0;=;1;3;7'
2487,'46+64=-16','48-64=-16',op_and_digit_balance,2,+,-,1,6,8,,,,,,,'4;6;+;6;4;=;-;1;6','4;8;-;6;4;=;-;1;6'
2488,'10+13=22','10+13=23',within_digit,7,2,3,,,,,,,,,,'1;0;+;1;3;=;2;2','1;0;+;1;3;=;2;3'
2489,'73-47=25','72-47=25',within_digit,1,3,2,,,,,,,,,,'7;3;-;4;7;=;2;5','7;2;-;4;7;=;2;5'
2490,'16-99=109','16+93=109',op_and_digit_balance,4,9,3,2,-,+,,,,,,,'1;6;-;9;9;=;1;0;9','1;6;+;9;3;=;1;0;9'
2491,'12+33=39','72-33=39',op_and_digit_balance,2,+,-,0,1,7,,,,,,,'1;2;+;3;3;=;3;9','7;2;-;3;3;=;3;9'
2492,'66+44=42','86-44=42',op_and_digit_balance,2,+,-,0,6,8,,,,,,,'6;6;+;4;4;=;4;2','8;6;-;4;4;=;4;2'
2493,'40-21=67','40+21=61',op_and_digit_balance,7,7,1,2,-,+,,,,,,,'4;0;-;2;1;=;6;7','4;0;+;2;1;=;6;1'
2494,'79-37=110','79+31=110',op_and_digit_balance,4,7,1,2,-,+,,,,,,,'7;9;-;3;7;=;11;0','7;9;+;3;1;=;11;0'
2495,'77-44=115','71+44=115',op_and_digit_balance,1,7,1,2,-,+,,,,,,,'7;7;-;4;4;=;11;5','7;1;+;4;4;=;11;5'
2496,'55+91=-42','55-97=-42',op_and_digit_balance,2,+,-,4,1,7,,,,,,,'5;5;+;9;1;=;-;4;2','5;5;-;9;7;=;-;4;2'
2497,'57+21=30','57-27=30',op_and_digit_balance,2,+,-,4,1,7,,,,,,,'5;7;+;2;1;=;3;0','5;7;-;2;7;=;3;0'
2498,'42-84=-112','42-84=-42',four_eleven,7,11,4,,,,,,,,,,'4;2;-;8;4;=;-;11;2','4;2;-;8;4;=;-;4;2'
2499,'27=53--26','27-53=-26',swap_-_and_=,2,=,-,5,-,=,,,,,,,'2;7;=;5;3;-;-;2;6','2;7;-;5;3;=;-;2;6'
2500,'33=83--50','33-83=-50',swap_-_and_=,2,=,-,5,-,=,,,,,,,'3;3;=;8;3;-;-;5;0','3;3;-;8;3;=;-;5;0'
2501,'28+59=119','20+99=119',digit_to_digit,1,8,0,3,5,9,,,,,,,'2;8;+;5;9;=;11;9','2;0;+;9;9;=;11;9'
2502,'27+58=-41','27-68=-41',op_and_digit_balance,2,+,-,3,5,6,,,,,,,'2;7;+;5;8;=;-;4;1','2;7;-;6;8;=;-;4;1'
2503,'35-12=33','35-12=23',within_digit,6,3,2,,,,,,,,,,'3;5;-;1;2;=;3;3','3;5;-;1;2;=;2;3'
2504,'58+14=73','58+14=72',within_digit,7,3,2,,,,,,,,,,'5;8;+;1;4;=;7;3','5;8;+;1;4;=;7;2'
2505,'44+36=6','44-36=8',op_and_digit_balance,2,+,-,6,6,8,,,,,,,'4;4;+;3;6;=;6','4;4;-;3;6;=;8'
2506,'45-29=24','49-25=24',digit_to_digit,4,9,5,1,5,9,,,,,,,'4;5;-;2;9;=;2;4','4;9;-;2;5;=;2;4'
2507,'50+40=18','58-40=18',op_and_digit_balance,2,+,-,1,0,8,,,,,,,'5;0;+;4;0;=;1;8','5;8;-;4;0;=;1;8'
2508,'17+84=-7','77-84=-7',op_and_digit_balance,2,+,-,0,1,7,,,,,,,'1;7;+;8;4;=;-;7','7;7;-;8;4;=;-;7'
2509,'75-78=93','15+78=93',op_and_digit_balance,0,7,1,2,-,+,,,,,,,'7;5;-;7;8;=;9;3','1;5;+;7;8;=;9;3'
2510,'73+35=198','73+35=108',within_digit,7,9,0,,,,,,,,,,'7;3;+;3;5;=;1;9;8','7;3;+;3;5;=;1;0;8'
2511,'84-42=136','94+42=136',op_and_digit_balance,0,8,9,2,-,+,,,,,,,'8;4;-;4;2;=;1;3;6','9;4;+;4;2;=;1;3;6'
2512,'93+53=34','93-59=34',op_and_digit_balance,2,+,-,4,3,9,,,,,,,'9;3;+;5;3;=;3;4','9;3;-;5;9;=;3;4'
2513,'18+53=59','16+53=69',digit_to_digit,1,8,6,6,5,6,,,,,,,'1;8;+;5;3;=;5;9','1;6;+;5;3;=;6;9'
2514,'37-40=-2','37-40=-3',within_digit,7,2,3,,,,,,,,,,'3;7;-;4;0;=;-;2','3;7;-;4;0;=;-;3'
2515,'34-22=66','34+22=56',op_and_digit_balance,6,6,5,2,-,+,,,,,,,'3;4;-;2;2;=;6;6','3;4;+;2;2;=;5;6'
2516,'49=29-20','49-29=20',swap_-_and_=,2,=,-,5,-,=,,,,,,,'4;9;=;2;9;-;2;0','4;9;-;2;9;=;2;0'
2517,'37-15=46','31+15=46',op_and_digit_balance,1,7,1,2,-,+,,,,,,,'3;7;-;1;5;=;4;6','3;1;+;1;5;=;4;6'
2518,'57-42=3','51-42=9',digit_to_digit,1,7,1,6,3,9,,,,,,,'5;7;-;4;2;=;3','5;1;-;4;2;=;9'
2519,'38+54=-15','38-54=-16',op_and_digit_balance,2,+,-,8,5,6,,,,,,,'3;8;+;5;4;=;-;1;5','3;8;-;5;4;=;-;1;6'
2520,'30-96=66','30+36=66',op_and_digit_balance,3,9,3,2,-,+,,,,,,,'3;0;-;9;6;=;6;6','3;0;+;3;6;=;6;6'
2521,'24+79=94','24+70=94',within_digit,4,9,0,,,,,,,,,,'2;4;+;7;9;=;9;4','2;4;+;7;0;=;9;4'
2522,'53-70=63','53+10=63',op_and_digit_balance,3,7,1,2,-,+,,,,,,,'5;3;-;7;0;=;6;3','5;3;+;1;0;=;6;3'
2523,'75+45=29','75-46=29',op_and_digit_balance,2,+,-,4,5,6,,,,,,,'7;5;+;4;5;=;2;9','7;5;-;4;6;=;2;9'
2524,'88-16=103','88+15=103',op_and_digit_balance,4,6,5,2,-,+,,,,,,,'8;8;-;1;6;=;1;0;3','8;8;+;1;5;=;1;0;3'
2525,'79-38=109','79+30=109',op_and_digit_balance,4,8,0,2,-,+,,,,,,,'7;9;-;3;8;=;1;0;9','7;9;+;3;0;=;1;0;9'
2526,'13-29=-75','13-29=-16',digit_to_digit,7,7,1,8,5,6,,,,,,,'1;3;-;2;9;=;-;7;5','1;3;-;2;9;=;-;1;6'
2527,'49-80=-38','49-88=-39',digit_to_digit,8,8,9,4,0,8,,,,,,,'4;9;-;8;0;=;-;3;8','4;9;-;8;8;=;-;3;9'
2528,'69=18-51','69-18=51',swap_-_and_=,2,=,-,5,-,=,,,,,,,'6;9;=;1;8;-;5;1','6;9;-;1;8;=;5;1'
2529,'22+12=-50','22-72=-50',op_and_digit_balance,2,+,-,3,1,7,,,,,,,'2;2;+;1;2;=;-;5;0','2;2;-;7;2;=;-;5;0'
2530,'47+28=59','41+28=69',digit_to_digit,1,7,1,6,5,6,,,,,,,'4;7;+;2;8;=;5;9','4;1;+;2;8;=;6;9'
2531,'45-72=-28','45-73=-28',within_digit,4,2,3,,,,,,,,,,'4;5;-;7;2;=;-;2;8','4;5;-;7;3;=;-;2;8'
2532,'58-51=18','69-51=18',digit_to_digit,1,8,9,0,5,6,,,,,,,'5;8;-;5;1;=;1;8','6;9;-;5;1;=;1;8'
2533,'59=67--8','59-67=-8',swap_-_and_=,2,=,-,5,-,=,,,,,,,'5;9;=;6;7;-;-;8','5;9;-;6;7;=;-;8'
2534,'90+50=48','98-50=48',op_and_digit_balance,2,+,-,1,0,8,,,,,,,'9;0;+;5;0;=;4;8','9;8;-;5;0;=;4;8'
2535,'59+35=734','99+35=134',digit_to_digit,6,7,1,0,5,9,,,,,,,'5;9;+;3;5;=;7;3;4','9;9;+;3;5;=;1;3;4'
2536,'50-64=-5','59-64=-5',within_digit,1,0,9,,,,,,,,,,'5;0;-;6;4;=;-;5','5;9;-;6;4;=;-;5'
2537,'86-63=35','88-53=35',digit_to_digit,3,6,5,1,6,8,,,,,,,'8;6;-;6;3;=;3;5','8;8;-;5;3;=;3;5'
2538,'29+96=116','20+96=116',within_digit,1,9,0,,,,,,,,,,'2;9;+;9;6;=;11;6','2;0;+;9;6;=;11;6'
2539,'50-10=60','60-10=50',digit_to_digit,6,6,5,0,5,6,,,,,,,'5;0;-;1;0;=;6;0','6;0;-;1;0;=;5;0'
2540,'92-85=-4','92-96=-4',digit_to_digit,3,8,9,4,5,6,,,,,,,'9;2;-;8;5;=;-;4','9;2;-;9;6;=;-;4'
2541,'92+97=173','92+81=173',digit_to_digit,4,7,1,3,9,8,,,,,,,'9;2;+;9;7;=;1;7;3','9;2;+;8;1;=;1;7;3'
2542,'61+78=158','81+78=159',digit_to_digit,8,8,9,0,6,8,,,,,,,'6;1;+;7;8;=;1;5;8','8;1;+;7;8;=;1;5;9'
2543,'23-83=186','23+83=106',op_and_digit_balance,7,8,0,2,-,+,,,,,,,'2;3;-;8;3;=;1;8;6','2;3;+;8;3;=;1;0;6'
2544,'80-47=137','90+47=137',op_and_digit_balance,0,8,9,2,-,+,,,,,,,'8;0;-;4;7;=;1;3;7','9;0;+;4;7;=;1;3;7'
2545,'51+49=118','61+49=110',digit_to_digit,7,8,0,0,5,6,,,,,,,'5;1;+;4;9;=;11;8','6;1;+;4;9;=;11;0'
2546,'46+37=3','46-37=9',op_and_digit_balance,2,+,-,6,3,9,,,,,,,'4;6;+;3;7;=;3','4;6;-;3;7;=;9'
2547,'82+72=34','82+12=94',digit_to_digit,3,7,1,6,3,9,,,,,,,'8;2;+;7;2;=;3;4','8;2;+;1;2;=;9;4'
2548,'59+69=-11','58-69=-11',op_and_digit_balance,2,+,-,1,9,8,,,,,,,'5;9;+;6;9;=;-;11','5;8;-;6;9;=;-;11'
2549,'49-43=82','49+43=92',op_and_digit_balance,6,8,9,2,-,+,,,,,,,'4;9;-;4;3;=;8;2','4;9;+;4;3;=;9;2'
2550,'63+41=16','63-47=16',op_and_digit_balance,2,+,-,4,1,7,,,,,,,'6;3;+;4;1;=;1;6','6;3;-;4;7;=;1;6'
2551,'28-79=103','28+75=103',op_and_digit_balance,4,9,5,2,-,+,,,,,,,'2;8;-;7;9;=;1;0;3','2;8;+;7;5;=;1;0;3'
2552,'19+99=-20','79-99=-20',op_and_digit_balance,2,+,-,0,1,7,,,,,,,'1;9;+;9;9;=;-;2;0','7;9;-;9;9;=;-;2;0'
2553,'75-13=28','15+13=28',op_and_digit_balance,0,7,1,2,-,+,,,,,,,'7;5;-;1;3;=;2;8','1;5;+;1;3;=;2;8'
2554,'26=40--14','26-40=-14',swap_-_and_=,2,=,-,5,-,=,,,,,,,'2;6;=;4;0;-;-;1;4','2;6;-;4;0;=;-;1;4'
2555,'12+21=-5','12-21=-9',op_and_digit_balance,2,+,-,7,5,9,,,,,,,'1;2;+;2;1;=;-;5','1;2;-;2;1;=;-;9'
2556,'63-91=-29','62-91=-29',within_digit,1,3,2,,,,,,,,,,'6;3;-;9;1;=;-;2;9','6;2;-;9;1;=;-;2;9'
2557,'14+15=-61','14-75=-61',op_and_digit_balance,2,+,-,3,1,7,,,,,,,'1;4;+;1;5;=;-;6;1','1;4;-;7;5;=;-;6;1'
2558,'35+11=58','39+11=50',digit_to_digit,6,8,0,1,5,9,,,,,,,'3;5;+;11;=;5;8','3;9;+;11;=;5;0'
2559,'98-24=56','80-24=56',digit_to_digit,1,8,0,0,9,8,,,,,,,'9;8;-;2;4;=;5;6','8;0;-;2;4;=;5;6'
2560,'98+51=41','98-51=47',op_and_digit_balance,2,+,-,7,1,7,,,,,,,'9;8;+;5;1;=;4;1','9;8;-;5;1;=;4;7'
2561,'60+35=24','60-36=24',op_and_digit_balance,2,+,-,4,5,6,,,,,,,'6;0;+;3;5;=;2;4','6;0;-;3;6;=;2;4'
2562,'50+23=19','50+23=73',digit_to_digit,7,9,3,6,1,7,,,,,,,'5;0;+;2;3;=;1;9','5;0;+;2;3;=;7;3'
2563,'88-97=177','80+97=177',op_and_digit_balance,1,8,0,2,-,+,,,,,,,'8;8;-;9;7;=;1;7;7','8;0;+;9;7;=;1;7;7'
2564,'14-31=49','14+31=45',op_and_digit_balance,7,9,5,2,-,+,,,,,,,'1;4;-;3;1;=;4;9','1;4;+;3;1;=;4;5'
2565,'23+71=108','23+77=100',digit_to_digit,8,8,0,4,1,7,,,,,,,'2;3;+;7;1;=;1;0;8','2;3;+;7;7;=;1;0;0'
2566,'38-17=11','28-17=11',within_digit,0,3,2,,,,,,,,,,'3;8;-;1;7;=;11','2;8;-;1;7;=;11'
2567,'87=17-70','87-17=70',swap_-_and_=,2,=,-,5,-,=,,,,,,,'8;7;=;1;7;-;7;0','8;7;-;1;7;=;7;0'
2568,'31+52=39','91-52=39',op_and_digit_balance,2,+,-,0,3,9,,,,,,,'3;1;+;5;2;=;3;9','9;1;-;5;2;=;3;9'
2569,'45+42=4','46-42=4',op_and_digit_balance,2,+,-,1,5,6,,,,,,,'4;5;+;4;2;=;4','4;6;-;4;2;=;4'
2570,'51+78=79','61+18=79',digit_to_digit,3,7,1,0,5,6,,,,,,,'5;1;+;7;8;=;7;9','6;1;+;1;8;=;7;9'
2571,'79-85=104','19+85=104',op_and_digit_balance,0,7,1,2,-,+,,,,,,,'7;9;-;8;5;=;1;0;4','1;9;+;8;5;=;1;0;4'
2572,'77-65=5','71-66=5',digit_to_digit,1,7,1,4,5,6,,,,,,,'7;7;-;6;5;=;5','7;1;-;6;6;=;5'
2573,'48-74=62','48+14=62',op_and_digit_balance,3,7,1,2,-,+,,,,,,,'4;8;-;7;4;=;6;2','4;8;+;1;4;=;6;2'
2574,'59+46=195','59+46=105',within_digit,7,9,0,,,,,,,,,,'5;9;+;4;6;=;1;9;5','5;9;+;4;6;=;1;0;5'
2575,'39=87--48','39-87=-48',swap_-_and_=,2,=,-,5,-,=,,,,,,,'3;9;=;8;7;-;-;4;8','3;9;-;8;7;=;-;4;8'
2576,'29-45=-24','25-49=-24',digit_to_digit,1,9,5,4,5,9,,,,,,,'2;9;-;4;5;=;-;2;4','2;5;-;4;9;=;-;2;4'
2577,'42+10=24','42-18=24',op_and_digit_balance,2,+,-,4,0,8,,,,,,,'4;2;+;1;0;=;2;4','4;2;-;1;8;=;2;4'
2578,'18+46=58','10+48=58',digit_to_digit,1,8,0,4,6,8,,,,,,,'1;8;+;4;6;=;5;8','1;0;+;4;8;=;5;8'
2579,'42+51=-5','42-51=-9',op_and_digit_balance,2,+,-,7,5,9,,,,,,,'4;2;+;5;1;=;-;5','4;2;-;5;1;=;-;9'
2580,'98-52=5','58-52=6',digit_to_digit,0,9,5,6,5,6,,,,,,,'9;8;-;5;2;=;5','5;8;-;5;2;=;6'
2581,'53+14=707','93+14=107',digit_to_digit,6,7,1,0,5,9,,,,,,,'5;3;+;1;4;=;7;0;7','9;3;+;1;4;=;1;0;7'
2582,'36+14=82','96-14=82',op_and_digit_balance,2,+,-,0,3,9,,,,,,,'3;6;+;1;4;=;8;2','9;6;-;1;4;=;8;2'
2583,'19+92=771','79+92=171',digit_to_digit,6,7,1,0,1,7,,,,,,,'1;9;+;9;2;=;7;7;1','7;9;+;9;2;=;1;7;1'
2584,'81-69=23','81-58=23',digit_to_digit,3,6,5,4,9,8,,,,,,,'8;1;-;6;9;=;2;3','8;1;-;5;8;=;2;3'
2585,'81+99=-10','81-99=-18',op_and_digit_balance,2,+,-,8,0,8,,,,,,,'8;1;+;9;9;=;-;1;0','8;1;-;9;9;=;-;1;8'
2586,'52+96=-34','62-96=-34',op_and_digit_balance,2,+,-,0,5,6,,,,,,,'5;2;+;9;6;=;-;3;4','6;2;-;9;6;=;-;3;4'
2587,'99+28=66','38+28=66',digit_to_digit,0,9,3,1,9,8,,,,,,,'9;9;+;2;8;=;6;6','3;8;+;2;8;=;6;6'
2588,'66+50=46','66+50=116',four_eleven,6,4,11,,,,,,,,,,'6;6;+;5;0;=;4;6','6;6;+;5;0;=;11;6'
2589,'59+55=0','59-59=0',op_and_digit_balance,2,+,-,4,5,9,,,,,,,'5;9;+;5;5;=;0','5;9;-;5;9;=;0'
2590,'45+68=106','46+60=106',digit_to_digit,4,8,0,1,5,6,,,,,,,'4;5;+;6;8;=;1;0;6','4;6;+;6;0;=;1;0;6'
2591,'56-20=75','55+20=75',op_and_digit_balance,1,6,5,2,-,+,,,,,,,'5;6;-;2;0;=;7;5','5;5;+;2;0;=;7;5'
2592,'33+71=-44','33-77=-44',op_and_digit_balance,2,+,-,4,1,7,,,,,,,'3;3;+;7;1;=;-;4;4','3;3;-;7;7;=;-;4;4'
2593,'76-29=99','76+23=99',op_and_digit_balance,4,9,3,2,-,+,,,,,,,'7;6;-;2;9;=;9;9','7;6;+;2;3;=;9;9'
2594,'48+15=32','48-16=32',op_and_digit_balance,2,+,-,4,5,6,,,,,,,'4;8;+;1;5;=;3;2','4;8;-;1;6;=;3;2'
2595,'21+94=-13','21-94=-73',op_and_digit_balance,2,+,-,7,1,7,,,,,,,'2;1;+;9;4;=;-;1;3','2;1;-;9;4;=;-;7;3'
2596,'54+54=10','64-54=10',op_and_digit_balance,2,+,-,0,5,6,,,,,,,'5;4;+;5;4;=;1;0','6;4;-;5;4;=;1;0'
2597,'19=42--23','19-42=-23',swap_-_and_=,2,=,-,5,-,=,,,,,,,'1;9;=;4;2;-;-;2;3','1;9;-;4;2;=;-;2;3'
2598,'87-69=166','97+69=166',op_and_digit_balance,0,8,9,2,-,+,,,,,,,'8;7;-;6;9;=;1;6;6','9;7;+;6;9;=;1;6;6'
2599,'81+30=43','81-38=43',op_and_digit_balance,2,+,-,4,0,8,,,,,,,'8;1;+;3;0;=;4;3','8;1;-;3;8;=;4;3'
2600,'24-58=-36','24-60=-36',digit_to_digit,4,8,0,3,5,6,,,,,,,'2;4;-;5;8;=;-;3;6','2;4;-;6;0;=;-;3;6'
2601,'29-62=-42','20-62=-42',within_digit,1,9,0,,,,,,,,,,'2;9;-;6;2;=;-;4;2','2;0;-;6;2;=;-;4;2'
2602,'88-40=108','68+40=108',op_and_digit_balance,0,8,6,2,-,+,,,,,,,'8;8;-;4;0;=;1;0;8','6;8;+;4;0;=;1;0;8'
2603,'88-39=119','88-39=49',four_eleven,6,11,4,,,,,,,,,,'8;8;-;3;9;=;11;9','8;8;-;3;9;=;4;9'
2604,'38-77=116','39+77=116',op_and_digit_balance,1,8,9,2,-,+,,,,,,,'3;8;-;7;7;=;11;6','3;9;+;7;7;=;11;6'
2605,'64+41=17','64-47=17',op_and_digit_balance,2,+,-,4,1,7,,,,,,,'6;4;+;4;1;=;1;7','6;4;-;4;7;=;1;7'
2606,'54+79=167','94+73=167',digit_to_digit,4,9,3,0,5,9,,,,,,,'5;4;+;7;9;=;1;6;7','9;4;+;7;3;=;1;6;7'
2607,'35+92=3','95-92=3',op_and_digit_balance,2,+,-,0,3,9,,,,,,,'3;5;+;9;2;=;3','9;5;-;9;2;=;3'
2608,'80-55=34','89-55=34',within_digit,1,0,9,,,,,,,,,,'8;0;-;5;5;=;3;4','8;9;-;5;5;=;3;4'
2609,'84-81=7','94-87=7',digit_to_digit,0,8,9,4,1,7,,,,,,,'8;4;-;8;1;=;7','9;4;-;8;7;=;7'
2610,'92-85=777','92+85=177',op_and_digit_balance,6,7,1,2,-,+,,,,,,,'9;2;-;8;5;=;7;7;7','9;2;+;8;5;=;1;7;7'
2611,'55-51=706','55+51=106',op_and_digit_balance,6,7,1,2,-,+,,,,,,,'5;5;-;5;1;=;7;0;6','5;5;+;5;1;=;1;0;6'
2612,'84-87=771','84+87=171',op_and_digit_balance,6,7,1,2,-,+,,,,,,,'8;4;-;8;7;=;7;7;1','8;4;+;8;7;=;1;7;1'
2613,'90+32=-2','90-92=-2',op_and_digit_balance,2,+,-,3,3,9,,,,,,,'9;0;+;3;2;=;-;2','9;0;-;9;2;=;-;2'
2614,'67+35=31','67-36=31',op_and_digit_balance,2,+,-,4,5,6,,,,,,,'6;7;+;3;5;=;3;1','6;7;-;3;6;=;3;1'
2615,'23+81=14','23-8-1=14',,2,+,-,,,,,,,,,,2;3;+;8;1;=;1;4',2;3;-;8;-;1;=;1;4'
2616,'92-17=709','92+17=109',op_and_digit_balance,6,7,1,2,-,+,,,,,,,'9;2;-;1;7;=;7;0;9','9;2;+;1;7;=;1;0;9'
2617,'30+95=-55','30-95=-65',op_and_digit_balance,2,+,-,7,5,6,,,,,,,'3;0;+;9;5;=;-;5;5','3;0;-;9;5;=;-;6;5'
2618,'79+21=52','79-27=52',op_and_digit_balance,2,+,-,4,1,7,,,,,,,'7;9;+;2;1;=;5;2','7;9;-;2;7;=;5;2'
2619,'41-78=117','41+76=117',op_and_digit_balance,4,8,6,2,-,+,,,,,,,'4;1;-;7;8;=;11;7','4;1;+;7;6;=;11;7'
2620,'19+82=191','19+82=101',within_digit,7,9,0,,,,,,,,,,'1;9;+;8;2;=;1;9;1','1;9;+;8;2;=;1;0;1'
2621,'24=81--57','24-81=-57',swap_-_and_=,2,=,-,5,-,=,,,,,,,'2;4;=;8;1;-;-;5;7','2;4;-;8;1;=;-;5;7'
2622,'45+51=-2','49-51=-2',op_and_digit_balance,2,+,-,1,5,9,,,,,,,'4;5;+;5;1;=;-;2','4;9;-;5;1;=;-;2'
2623,'32-66=-26','32-58=-26',digit_to_digit,3,6,5,4,6,8,,,,,,,'3;2;-;6;6;=;-;2;6','3;2;-;5;8;=;-;2;6'
2624,'48-54=103','49+54=103',op_and_digit_balance,1,8,9,2,-,+,,,,,,,'4;8;-;5;4;=;1;0;3','4;9;+;5;4;=;1;0;3'
2625,'33-13=10','23-13=10',within_digit,0,3,2,,,,,,,,,,'3;3;-;1;3;=;1;0','2;3;-;1;3;=;1;0'
2626,'99-36=59','99-36=63',digit_to_digit,7,9,3,6,5,6,,,,,,,'9;9;-;3;6;=;5;9','9;9;-;3;6;=;6;3'
2627,'46+29=18','46-28=18',op_and_digit_balance,2,+,-,4,9,8,,,,,,,'4;6;+;2;9;=;1;8','4;6;-;2;8;=;1;8'
2628,'43-16=-39','43-76=-33',digit_to_digit,8,9,3,3,1,7,,,,,,,'4;3;-;1;6;=;-;3;9','4;3;-;7;6;=;-;3;3'
2629,'42-19=25','42-13=29',digit_to_digit,4,9,3,7,5,9,,,,,,,'4;2;-;1;9;=;2;5','4;2;-;1;3;=;2;9'
2630,'74+65=80','14+66=80',digit_to_digit,0,7,1,4,5,6,,,,,,,'7;4;+;6;5;=;8;0','1;4;+;6;6;=;8;0'
2631,'55+10=-15','55-70=-15',op_and_digit_balance,2,+,-,3,1,7,,,,,,,'5;5;+;1;0;=;-;1;5','5;5;-;7;0;=;-;1;5'
2632,'18=40--22','18-40=-22',swap_-_and_=,2,=,-,5,-,=,,,,,,,'1;8;=;4;0;-;-;2;2','1;8;-;4;0;=;-;2;2'
2633,'89-27=112','85+27=112',op_and_digit_balance,1,9,5,2,-,+,,,,,,,'8;9;-;2;7;=;11;2','8;5;+;2;7;=;11;2'
2634,'45=14-31','45-14=31',swap_-_and_=,2,=,-,5,-,=,,,,,,,'4;5;=;1;4;-;3;1','4;5;-;1;4;=;3;1'
2635,'36=64--28','36-64=-28',swap_-_and_=,2,=,-,5,-,=,,,,,,,'3;6;=;6;4;-;-;2;8','3;6;-;6;4;=;-;2;8'
2636,'78+96=714','78+96=174',digit_to_digit,6,7,1,7,1,7,,,,,,,'7;8;+;9;6;=;7;1;4','7;8;+;9;6;=;1;7;4'
2637,'86-46=131','86+45=131',op_and_digit_balance,4,6,5,2,-,+,,,,,,,'8;6;-;4;6;=;1;3;1','8;6;+;4;5;=;1;3;1'
2638,'15+14=-59','15-74=-59',op_and_digit_balance,2,+,-,3,1,7,,,,,,,'1;5;+;1;4;=;-;5;9','1;5;-;7;4;=;-;5;9'
2639,'37+25=116','91+25=116',digit_to_digit,1,7,1,0,3,9,,,,,,,'3;7;+;2;5;=;11;6','9;1;+;2;5;=;11;6'
2640,'94-48=140','94+46=140',op_and_digit_balance,4,8,6,2,-,+,,,,,,,'9;4;-;4;8;=;1;4;0','9;4;+;4;6;=;1;4;0'
2641,'52+73=139','62+73=135',digit_to_digit,8,9,5,0,5,6,,,,,,,'5;2;+;7;3;=;1;3;9','6;2;+;7;3;=;1;3;5'
2642,'31=26-5','31-26=5',swap_-_and_=,2,=,-,5,-,=,,,,,,,'3;1;=;2;6;-;5','3;1;-;2;6;=;5'
2643,'82-79=157','82+75=157',op_and_digit_balance,4,9,5,2,-,+,,,,,,,'8;2;-;7;9;=;1;5;7','8;2;+;7;5;=;1;5;7'
2644,'10+27=46','19+27=46',within_digit,1,0,9,,,,,,,,,,'1;0;+;2;7;=;4;6','1;9;+;2;7;=;4;6'
2645,'78-55=733','78+55=133',op_and_digit_balance,6,7,1,2,-,+,,,,,,,'7;8;-;5;5;=;7;3;3','7;8;+;5;5;=;1;3;3'
2646,'27-51=-90','27-57=-30',digit_to_digit,7,9,3,4,1,7,,,,,,,'2;7;-;5;1;=;-;9;0','2;7;-;5;7;=;-;3;0'
2647,'85+64=22','86-64=22',op_and_digit_balance,2,+,-,1,5,6,,,,,,,'8;5;+;6;4;=;2;2','8;6;-;6;4;=;2;2'
2648,'66-27=83','56+27=83',op_and_digit_balance,0,6,5,2,-,+,,,,,,,'6;6;-;2;7;=;8;3','5;6;+;2;7;=;8;3'
2649,'99=99-0','99-99=0',swap_-_and_=,2,=,-,5,-,=,,,,,,,'9;9;=;9;9;-;0','9;9;-;9;9;=;0'
2650,'59-66=-3','63-66=-3',digit_to_digit,1,9,3,0,5,6,,,,,,,'5;9;-;6;6;=;-;3','6;3;-;6;6;=;-;3'
2651,'18+97=775','78+97=175',digit_to_digit,6,7,1,0,1,7,,,,,,,'1;8;+;9;7;=;7;7;5','7;8;+;9;7;=;1;7;5'
2652,'49+45=911','49+45=94',four_eleven,7,11,4,,,,,,,,,,'4;9;+;4;5;=;9;11','4;9;+;4;5;=;9;4'
2653,'43-91=-2','49-51=-2',digit_to_digit,3,9,5,1,3,9,,,,,,,'4;3;-;9;1;=;-;2','4;9;-;5;1;=;-;2'
2654,'55+24=32','56-24=32',op_and_digit_balance,2,+,-,1,5,6,,,,,,,'5;5;+;2;4;=;3;2','5;6;-;2;4;=;3;2'
2655,'53=58--5','53-58=-5',swap_-_and_=,2,=,-,5,-,=,,,,,,,'5;3;=;5;8;-;-;5','5;3;-;5;8;=;-;5'
2656,'61-73=54','67-13=54',digit_to_digit,3,7,1,1,1,7,,,,,,,'6;1;-;7;3;=;5;4','6;7;-;1;3;=;5;4'
2657,'62+19=147','62+79=141',digit_to_digit,8,7,1,3,1,7,,,,,,,'6;2;+;1;9;=;1;4;7','6;2;+;7;9;=;1;4;1'
2658,'52-38=98','52+38=90',op_and_digit_balance,7,8,0,2,-,+,,,,,,,'5;2;-;3;8;=;9;8','5;2;+;3;8;=;9;0'
2659,'69-81=2','83-81=2',digit_to_digit,1,9,3,0,6,8,,,,,,,'6;9;-;8;1;=;2','8;3;-;8;1;=;2'
2660,'50-96=148','50+96=146',op_and_digit_balance,8,8,6,2,-,+,,,,,,,'5;0;-;9;6;=;1;4;8','5;0;+;9;6;=;1;4;6'
2661,'39-75=108','33+75=108',op_and_digit_balance,1,9,3,2,-,+,,,,,,,'3;9;-;7;5;=;1;0;8','3;3;+;7;5;=;1;0;8'
2662,'58+24=74','98-24=74',op_and_digit_balance,2,+,-,0,5,9,,,,,,,'5;8;+;2;4;=;7;4','9;8;-;2;4;=;7;4'
2663,'99-58=32','90-58=32',within_digit,1,9,0,,,,,,,,,,'9;9;-;5;8;=;3;2','9;0;-;5;8;=;3;2'
2664,'25+32=47','25+22=47',within_digit,3,3,2,,,,,,,,,,'2;5;+;3;2;=;4;7','2;5;+;2;2;=;4;7'
2665,'66-86=-30','66-86=-20',within_digit,7,3,2,,,,,,,,,,'6;6;-;8;6;=;-;3;0','6;6;-;8;6;=;-;2;0'
2666,'50+78=78','60+18=78',digit_to_digit,3,7,1,0,5,6,,,,,,,'5;0;+;7;8;=;7;8','6;0;+;1;8;=;7;8'
2667,'67+52=138','87+52=139',digit_to_digit,8,8,9,0,6,8,,,,,,,'6;7;+;5;2;=;1;3;8','8;7;+;5;2;=;1;3;9'
2668,'49-59=188','49+59=108',op_and_digit_balance,7,8,0,2,-,+,,,,,,,'4;9;-;5;9;=;1;8;8','4;9;+;5;9;=;1;0;8'
2669,'98+20=124','96+28=124',digit_to_digit,1,8,6,4,0,8,,,,,,,'9;8;+;2;0;=;1;2;4','9;6;+;2;8;=;1;2;4'
2670,'42+75=47','42+75=117',four_eleven,6,4,11,,,,,,,,,,'4;2;+;7;5;=;4;7','4;2;+;7;5;=;11;7'
2671,'70+32=39','70-32=38',op_and_digit_balance,2,+,-,7,9,8,,,,,,,'7;0;+;3;2;=;3;9','7;0;-;3;2;=;3;8'
2672,'49-12=27','49-12=37',within_digit,6,2,3,,,,,,,,,,'4;9;-;1;2;=;2;7','4;9;-;1;2;=;3;7'
2673,'81+50=741','81+60=141',digit_to_digit,6,7,1,3,5,6,,,,,,,'8;1;+;5;0;=;7;4;1','8;1;+;6;0;=;1;4;1'
2674,'63+84=-15','69-84=-15',op_and_digit_balance,2,+,-,1,3,9,,,,,,,'6;3;+;8;4;=;-;1;5','6;9;-;8;4;=;-;1;5'
2675,'51-93=744','51+93=144',op_and_digit_balance,6,7,1,2,-,+,,,,,,,'5;1;-;9;3;=;7;4;4','5;1;+;9;3;=;1;4;4'
2676,'23+60=-45','23-68=-45',op_and_digit_balance,2,+,-,4,0,8,,,,,,,'2;3;+;6;0;=;-;4;5','2;3;-;6;8;=;-;4;5'
2677,'60-65=25','80-55=25',digit_to_digit,3,6,5,0,6,8,,,,,,,'6;0;-;6;5;=;2;5','8;0;-;5;5;=;2;5'
2678,'72-80=162','72+80=152',op_and_digit_balance,7,6,5,2,-,+,,,,,,,'7;2;-;8;0;=;1;6;2','7;2;+;8;0;=;1;5;2'
2679,'48-47=89','48+41=89',op_and_digit_balance,4,7,1,2,-,+,,,,,,,'4;8;-;4;7;=;8;9','4;8;+;4;1;=;8;9'
2680,'50+54=6','60-54=6',op_and_digit_balance,2,+,-,0,5,6,,,,,,,'5;0;+;5;4;=;6','6;0;-;5;4;=;6'
2681,'27+22=40','27+22=49',within_digit,7,0,9,,,,,,,,,,'2;7;+;2;2;=;4;0','2;7;+;2;2;=;4;9'
2682,'98=46-52','98-46=52',swap_-_and_=,2,=,-,5,-,=,,,,,,,'9;8;=;4;6;-;5;2','9;8;-;4;6;=;5;2'
2683,'47+17=-30','47-77=-30',op_and_digit_balance,2,+,-,3,1,7,,,,,,,'4;7;+;1;7;=;-;3;0','4;7;-;7;7;=;-;3;0'
2684,'89-95=30','89-59=30',digit_to_digit,3,9,5,4,5,9,,,,,,,'8;9;-;9;5;=;3;0','8;9;-;5;9;=;3;0'
2685,'87+65=21','87-66=21',op_and_digit_balance,2,+,-,4,5,6,,,,,,,'8;7;+;6;5;=;2;1','8;7;-;6;6;=;2;1'
2686,'45=70--25','45-70=-25',swap_-_and_=,2,=,-,5,-,=,,,,,,,'4;5;=;7;0;-;-;2;5','4;5;-;7;0;=;-;2;5'
2687,'36-45=50','95-45=50',digit_to_digit,1,6,5,0,3,9,,,,,,,'3;6;-;4;5;=;5;0','9;5;-;4;5;=;5;0'
2688,'29-17=48','29+17=46',op_and_digit_balance,7,8,6,2,-,+,,,,,,,'2;9;-;1;7;=;4;8','2;9;+;1;7;=;4;6'
2689,'94+95=793','94+99=193',digit_to_digit,6,7,1,4,5,9,,,,,,,'9;4;+;9;5;=;7;9;3','9;4;+;9;9;=;1;9;3'
2690,'31+30=7','37-30=7',op_and_digit_balance,2,+,-,1,1,7,,,,,,,'3;1;+;3;0;=;7','3;7;-;3;0;=;7'
2691,'72-42=29','72-43=29',within_digit,4,2,3,,,,,,,,,,'7;2;-;4;2;=;2;9','7;2;-;4;3;=;2;9'
2692,'59-28=88','59+29=88',op_and_digit_balance,4,8,9,2,-,+,,,,,,,'5;9;-;2;8;=;8;8','5;9;+;2;9;=;8;8'
2693,'85+49=35','85-49=36',op_and_digit_balance,2,+,-,7,5,6,,,,,,,'8;5;+;4;9;=;3;5','8;5;-;4;9;=;3;6'
2694,'22=29--7','22-29=-7',swap_-_and_=,2,=,-,5,-,=,,,,,,,'2;2;=;2;9;-;-;7','2;2;-;2;9;=;-;7'
2695,'51-49=11','51-40=11',within_digit,4,9,0,,,,,,,,,,'5;1;-;4;9;=;11','5;1;-;4;0;=;11'
2696,'75+10=66','76-10=66',op_and_digit_balance,2,+,-,1,5,6,,,,,,,'7;5;+;1;0;=;6;6','7;6;-;1;0;=;6;6'
2697,'48+79=61','48+19=67',digit_to_digit,3,7,1,7,1,7,,,,,,,'4;8;+;7;9;=;6;1','4;8;+;1;9;=;6;7'
2698,'10=16--6','10-16=-6',swap_-_and_=,2,=,-,5,-,=,,,,,,,'1;0;=;1;6;-;-;6','1;0;-;1;6;=;-;6'
2699,'45-27=28','49-21=28',digit_to_digit,4,7,1,1,5,9,,,,,,,'4;5;-;2;7;=;2;8','4;9;-;2;1;=;2;8'
2700,'20+48=50','20+40=60',digit_to_digit,4,8,0,6,5,6,,,,,,,'2;0;+;4;8;=;5;0','2;0;+;4;0;=;6;0'
2701,'85+70=196','86+70=156',digit_to_digit,7,9,5,1,5,6,,,,,,,'8;5;+;7;0;=;1;9;6','8;6;+;7;0;=;1;5;6'
2702,'43+18=60','42+18=60',within_digit,1,3,2,,,,,,,,,,'4;3;+;1;8;=;6;0','4;2;+;1;8;=;6;0'
2703,'98-27=12','99-27=72',digit_to_digit,1,8,9,6,1,7,,,,,,,'9;8;-;2;7;=;1;2','9;9;-;2;7;=;7;2'
2704,'21-74=13','27-14=13',digit_to_digit,3,7,1,1,1,7,,,,,,,'2;1;-;7;4;=;1;3','2;7;-;1;4;=;1;3'
2705,'84-22=12','94-22=72',digit_to_digit,0,8,9,6,1,7,,,,,,,'8;4;-;2;2;=;1;2','9;4;-;2;2;=;7;2'
2706,'28-69=87','28+69=97',op_and_digit_balance,6,8,9,2,-,+,,,,,,,'2;8;-;6;9;=;8;7','2;8;+;6;9;=;9;7'
2707,'14-74=-69','14-74=-60',within_digit,8,9,0,,,,,,,,,,'1;4;-;7;4;=;-;6;9','1;4;-;7;4;=;-;6;0'
2708,'53+58=122','63+59=122',digit_to_digit,4,8,9,0,5,6,,,,,,,'5;3;+;5;8;=;1;2;2','6;3;+;5;9;=;1;2;2'
2709,'93-38=71','33+38=71',op_and_digit_balance,0,9,3,2,-,+,,,,,,,'9;3;-;3;8;=;7;1','3;3;+;3;8;=;7;1'
2710,'53+53=-10','53-63=-10',op_and_digit_balance,2,+,-,3,5,6,,,,,,,'5;3;+;5;3;=;-;1;0','5;3;-;6;3;=;-;1;0'
2711,'36+87=163','96+67=163',digit_to_digit,3,8,6,0,3,9,,,,,,,'3;6;+;8;7;=;1;6;3','9;6;+;6;7;=;1;6;3'
2712,'16-79=35','16+19=35',op_and_digit_balance,3,7,1,2,-,+,,,,,,,'1;6;-;7;9;=;3;5','1;6;+;1;9;=;3;5'
2713,'35-49=52','95-43=52',digit_to_digit,4,9,3,0,3,9,,,,,,,'3;5;-;4;9;=;5;2','9;5;-;4;3;=;5;2'
2714,'63+42=129','83+42=125',digit_to_digit,8,9,5,0,6,8,,,,,,,'6;3;+;4;2;=;1;2;9','8;3;+;4;2;=;1;2;5'
2715,'12-57=68','12+57=69',op_and_digit_balance,7,8,9,2,-,+,,,,,,,'1;2;-;5;7;=;6;8','1;2;+;5;7;=;6;9'
2716,'65-90=755','65+90=155',op_and_digit_balance,6,7,1,2,-,+,,,,,,,'6;5;-;9;0;=;7;5;5','6;5;+;9;0;=;1;5;5'
2717,'48-99=-49','49-98=-49',digit_to_digit,1,8,9,4,9,8,,,,,,,'4;8;-;9;9;=;-;4;9','4;9;-;9;8;=;-;4;9'
2718,'80-82=182','80+82=162',op_and_digit_balance,7,8,6,2,-,+,,,,,,,'8;0;-;8;2;=;1;8;2','8;0;+;8;2;=;1;6;2'
2719,'18+94=170','76+94=170',digit_to_digit,1,8,6,0,1,7,,,,,,,'1;8;+;9;4;=;1;7;0','7;6;+;9;4;=;1;7;0'
2720,'21+24=3','27-24=3',op_and_digit_balance,2,+,-,1,1,7,,,,,,,'2;1;+;2;4;=;3','2;7;-;2;4;=;3'
2721,'55-25=37','56-25=31',digit_to_digit,7,7,1,1,5,6,,,,,,,'5;5;-;2;5;=;3;7','5;6;-;2;5;=;3;1'
2722,'53-16=-29','53-76=-23',digit_to_digit,8,9,3,3,1,7,,,,,,,'5;3;-;1;6;=;-;2;9','5;3;-;7;6;=;-;2;3'
2723,'71-25=62','77-25=52',digit_to_digit,6,6,5,1,1,7,,,,,,,'7;1;-;2;5;=;6;2','7;7;-;2;5;=;5;2'
2724,'82-42=104','62+42=104',op_and_digit_balance,0,8,6,2,-,+,,,,,,,'8;2;-;4;2;=;1;0;4','6;2;+;4;2;=;1;0;4'
2725,'54+55=9','64-55=9',op_and_digit_balance,2,+,-,0,5,6,,,,,,,'5;4;+;5;5;=;9','6;4;-;5;5;=;9'
2726,'55+77=-21','56-77=-21',op_and_digit_balance,2,+,-,1,5,6,,,,,,,'5;5;+;7;7;=;-;2;1','5;6;-;7;7;=;-;2;1'
2727,'88+76=766','88+78=166',digit_to_digit,6,7,1,4,6,8,,,,,,,'8;8;+;7;6;=;7;6;6','8;8;+;7;8;=;1;6;6'
2728,'28-48=-10','28-46=-18',digit_to_digit,4,8,6,8,0,8,,,,,,,'2;8;-;4;8;=;-;1;0','2;8;-;4;6;=;-;1;8'
2729,'48+54=134','40+94=134',digit_to_digit,1,8,0,3,5,9,,,,,,,'4;8;+;5;4;=;1;3;4','4;0;+;9;4;=;1;3;4'
2730,'34+34=-60','34-94=-60',op_and_digit_balance,2,+,-,3,3,9,,,,,,,'3;4;+;3;4;=;-;6;0','3;4;-;9;4;=;-;6;0'
2731,'14-48=28','74-46=28',digit_to_digit,4,8,6,0,1,7,,,,,,,'1;4;-;4;8;=;2;8','7;4;-;4;6;=;2;8'
2732,'57+95=145','51+95=146',digit_to_digit,1,7,1,8,5,6,,,,,,,'5;7;+;9;5;=;1;4;5','5;1;+;9;5;=;1;4;6'
2733,'67-53=15','67-52=15',within_digit,4,3,2,,,,,,,,,,'6;7;-;5;3;=;1;5','6;7;-;5;2;=;1;5'
2734,'58-51=107','56+51=107',op_and_digit_balance,1,8,6,2,-,+,,,,,,,'5;8;-;5;1;=;1;0;7','5;6;+;5;1;=;1;0;7'
2735,'29-58=81','23+58=81',op_and_digit_balance,1,9,3,2,-,+,,,,,,,'2;9;-;5;8;=;8;1','2;3;+;5;8;=;8;1'
2736,'48-56=-78','48-66=-18',digit_to_digit,7,7,1,3,5,6,,,,,,,'4;8;-;5;6;=;-;7;8','4;8;-;6;6;=;-;1;8'
2737,'76+52=-16','76-92=-16',op_and_digit_balance,2,+,-,3,5,9,,,,,,,'7;6;+;5;2;=;-;1;6','7;6;-;9;2;=;-;1;6'
2738,'44-41=2','44-41=3',within_digit,6,2,3,,,,,,,,,,'4;4;-;4;1;=;2','4;4;-;4;1;=;3'
2739,'83-47=140','93+47=140',op_and_digit_balance,0,8,9,2,-,+,,,,,,,'8;3;-;4;7;=;1;4;0','9;3;+;4;7;=;1;4;0'
2740,'55-34=91','65-34=31',digit_to_digit,6,9,3,0,5,6,,,,,,,'5;5;-;3;4;=;9;1','6;5;-;3;4;=;3;1'
2741,'99+50=155','95+60=155',digit_to_digit,1,9,5,3,5,6,,,,,,,'9;9;+;5;0;=;1;5;5','9;5;+;6;0;=;1;5;5'
2742,'40-80=128','40+80=120',op_and_digit_balance,8,8,0,2,-,+,,,,,,,'4;0;-;8;0;=;1;2;8','4;0;+;8;0;=;1;2;0'
2743,'98-33=51','90-33=57',digit_to_digit,1,8,0,7,1,7,,,,,,,'9;8;-;3;3;=;5;1','9;0;-;3;3;=;5;7'
2744,'52+21=78','52+27=79',digit_to_digit,7,8,9,4,1,7,,,,,,,'5;2;+;2;1;=;7;8','5;2;+;2;7;=;7;9'
2745,'14+54=20','74-54=20',op_and_digit_balance,2,+,-,0,1,7,,,,,,,'1;4;+;5;4;=;2;0','7;4;-;5;4;=;2;0'
2746,'69-50=118','69+50=119',op_and_digit_balance,7,8,9,2,-,+,,,,,,,'6;9;-;5;0;=;11;8','6;9;+;5;0;=;11;9'
2747,'58+27=96','69+27=96',digit_to_digit,1,8,9,0,5,6,,,,,,,'5;8;+;2;7;=;9;6','6;9;+;2;7;=;9;6'
2748,'15+66=-71','15-86=-71',op_and_digit_balance,2,+,-,3,6,8,,,,,,,'1;5;+;6;6;=;-;7;1','1;5;-;8;6;=;-;7;1'
2749,'54+48=113','64+49=113',digit_to_digit,4,8,9,0,5,6,,,,,,,'5;4;+;4;8;=;11;3','6;4;+;4;9;=;11;3'
2750,'76-34=50','16+34=50',op_and_digit_balance,0,7,1,2,-,+,,,,,,,'7;6;-;3;4;=;5;0','1;6;+;3;4;=;5;0'
2751,'30-38=60','30+30=60',op_and_digit_balance,4,8,0,2,-,+,,,,,,,'3;0;-;3;8;=;6;0','3;0;+;3;0;=;6;0'
2752,'78-80=168','78+90=168',op_and_digit_balance,3,8,9,2,-,+,,,,,,,'7;8;-;8;0;=;1;6;8','7;8;+;9;0;=;1;6;8'
2753,'37-28=-1','37-38=-1',within_digit,3,2,3,,,,,,,,,,'3;7;-;2;8;=;-;1','3;7;-;3;8;=;-;1'
2754,'71+83=-6','77-83=-6',op_and_digit_balance,2,+,-,1,1,7,,,,,,,'7;1;+;8;3;=;-;6','7;7;-;8;3;=;-;6'
2755,'58-94=14','68-54=14',digit_to_digit,3,9,5,0,5,6,,,,,,,'5;8;-;9;4;=;1;4','6;8;-;5;4;=;1;4'
2756,'63-80=-21','63-90=-27',digit_to_digit,3,8,9,8,1,7,,,,,,,'6;3;-;8;0;=;-;2;1','6;3;-;9;0;=;-;2;7'
2757,'80-55=75','80-65=15',digit_to_digit,6,7,1,3,5,6,,,,,,,'8;0;-;5;5;=;7;5','8;0;-;6;5;=;1;5'
2758,'85-98=175','85+90=175',op_and_digit_balance,4,8,0,2,-,+,,,,,,,'8;5;-;9;8;=;1;7;5','8;5;+;9;0;=;1;7;5'
2759,'38-42=-11','38-42=-4',four_eleven,7,11,4,,,,,,,,,,'3;8;-;4;2;=;-;11','3;8;-;4;2;=;-;4'
2760,'12=11-1','12-11=1',swap_-_and_=,2,=,-,4,-,=,,,,,,,'1;2;=;11;-;1','1;2;-;11;=;1'
2761,'34-45=-19','34-49=-15',digit_to_digit,8,9,5,4,5,9,,,,,,,'3;4;-;4;5;=;-;1;9','3;4;-;4;9;=;-;1;5'
2762,'71+21=56','77-21=56',op_and_digit_balance,2,+,-,1,1,7,,,,,,,'7;1;+;2;1;=;5;6','7;7;-;2;1;=;5;6'
2763,'18-92=108','16+92=108',op_and_digit_balance,1,8,6,2,-,+,,,,,,,'1;8;-;9;2;=;1;0;8','1;6;+;9;2;=;1;0;8'
2764,'15=16--1','15-16=-1',swap_-_and_=,2,=,-,5,-,=,,,,,,,'1;5;=;1;6;-;-;1','1;5;-;1;6;=;-;1'
2765,'21+47=-25','21-47=-26',op_and_digit_balance,2,+,-,8,5,6,,,,,,,'2;1;+;4;7;=;-;2;5','2;1;-;4;7;=;-;2;6'
2766,'19+91=-12','79-91=-12',op_and_digit_balance,2,+,-,0,1,7,,,,,,,'1;9;+;9;1;=;-;1;2','7;9;-;9;1;=;-;1;2'
2767,'98+38=16','38+38=76',digit_to_digit,0,9,3,6,1,7,,,,,,,'9;8;+;3;8;=;1;6','3;8;+;3;8;=;7;6'
2768,'22+84=116','32+84=116',within_digit,0,2,3,,,,,,,,,,'2;2;+;8;4;=;11;6','3;2;+;8;4;=;11;6'
2769,'77-64=131','77+54=131',op_and_digit_balance,3,6,5,2,-,+,,,,,,,'7;7;-;6;4;=;1;3;1','7;7;+;5;4;=;1;3;1'
2770,'65-80=125','65+60=125',op_and_digit_balance,3,8,6,2,-,+,,,,,,,'6;5;-;8;0;=;1;2;5','6;5;+;6;0;=;1;2;5'
2771,'51-97=-30','61-91=-30',digit_to_digit,4,7,1,0,5,6,,,,,,,'5;1;-;9;7;=;-;3;0','6;1;-;9;1;=;-;3;0'
2772,'65+17=49','66-17=49',op_and_digit_balance,2,+,-,1,5,6,,,,,,,'6;5;+;1;7;=;4;9','6;6;-;1;7;=;4;9'
2773,'80-47=42','89-47=42',within_digit,1,0,9,,,,,,,,,,'8;0;-;4;7;=;4;2','8;9;-;4;7;=;4;2'
2774,'74=84--10','74-84=-10',swap_-_and_=,2,=,-,5,-,=,,,,,,,'7;4;=;8;4;-;-;1;0','7;4;-;8;4;=;-;1;0'
2775,'24-81=85','24+61=85',op_and_digit_balance,3,8,6,2,-,+,,,,,,,'2;4;-;8;1;=;8;5','2;4;+;6;1;=;8;5'
2776,'25-16=19','29-16=13',digit_to_digit,7,9,3,1,5,9,,,,,,,'2;5;-;1;6;=;1;9','2;9;-;1;6;=;1;3'
2777,'45-91=15','46-31=15',digit_to_digit,3,9,3,1,5,6,,,,,,,'4;5;-;9;1;=;1;5','4;6;-;3;1;=;1;5'
2778,'37-17=64','37+17=54',op_and_digit_balance,6,6,5,2,-,+,,,,,,,'3;7;-;1;7;=;6;4','3;7;+;1;7;=;5;4'
2779,'54+69=193','64+69=133',digit_to_digit,7,9,3,0,5,6,,,,,,,'5;4;+;6;9;=;1;9;3','6;4;+;6;9;=;1;3;3'
2780,'21+13=0','21-13=8',op_and_digit_balance,2,+,-,6,0,8,,,,,,,'2;1;+;1;3;=;0','2;1;-;1;3;=;8'
2781,'64+11=55','54+11=65',digit_to_digit,0,6,5,5,5,6,,,,,,,'6;4;+;11;=;5;5','5;4;+;11;=;6;5'
2782,'76-68=142','76+66=142',op_and_digit_balance,4,8,6,2,-,+,,,,,,,'7;6;-;6;8;=;1;4;2','7;6;+;6;6;=;1;4;2'
2783,'95+94=-9','85-94=-9',op_and_digit_balance,2,+,-,0,9,8,,,,,,,'9;5;+;9;4;=;-;9','8;5;-;9;4;=;-;9'
2784,'26+78=-50','28-78=-50',op_and_digit_balance,2,+,-,1,6,8,,,,,,,'2;6;+;7;8;=;-;5;0','2;8;-;7;8;=;-;5;0'
2785,'88=75-13','88-75=13',swap_-_and_=,2,=,-,5,-,=,,,,,,,'8;8;=;7;5;-;1;3','8;8;-;7;5;=;1;3'
2786,'35+12=-37','35-72=-37',op_and_digit_balance,2,+,-,3,1,7,,,,,,,'3;5;+;1;2;=;-;3;7','3;5;-;7;2;=;-;3;7'
2787,'76-23=-13','16-29=-13',digit_to_digit,0,7,1,4,3,9,,,,,,,'7;6;-;2;3;=;-;1;3','1;6;-;2;9;=;-;1;3'
2788,'36+75=177','96+75=171',digit_to_digit,8,7,1,0,3,9,,,,,,,'3;6;+;7;5;=;1;7;7','9;6;+;7;5;=;1;7;1'
2789,'68+21=189','88+21=109',digit_to_digit,7,8,0,0,6,8,,,,,,,'6;8;+;2;1;=;1;8;9','8;8;+;2;1;=;1;0;9'
2790,'56-70=-23','55-78=-23',digit_to_digit,1,6,5,4,0,8,,,,,,,'5;6;-;7;0;=;-;2;3','5;5;-;7;8;=;-;2;3'
2791,'49-84=733','49+84=133',op_and_digit_balance,6,7,1,2,-,+,,,,,,,'4;9;-;8;4;=;7;3;3','4;9;+;8;4;=;1;3;3'
2792,'21+33=-72','21-93=-72',op_and_digit_balance,2,+,-,3,3,9,,,,,,,'2;1;+;3;3;=;-;7;2','2;1;-;9;3;=;-;7;2'
2793,'29+98=118','20+98=118',within_digit,1,9,0,,,,,,,,,,'2;9;+;9;8;=;11;8','2;0;+;9;8;=;11;8'
2794,'72+55=57','12+55=67',digit_to_digit,0,7,1,6,5,6,,,,,,,'7;2;+;5;5;=;5;7','1;2;+;5;5;=;6;7'
2795,'99-65=38','99-69=30',digit_to_digit,7,8,0,4,5,9,,,,,,,'9;9;-;6;5;=;3;8','9;9;-;6;9;=;3;0'
2796,'53-14=-27','53-74=-21',digit_to_digit,8,7,1,3,1,7,,,,,,,'5;3;-;1;4;=;-;2;7','5;3;-;7;4;=;-;2;1'
2797,'68+16=63','68+15=83',digit_to_digit,4,6,5,6,6,8,,,,,,,'6;8;+;1;6;=;6;3','6;8;+;1;5;=;8;3'
2798,'31-36=7','37-36=1',digit_to_digit,6,7,1,1,1,7,,,,,,,'3;1;-;3;6;=;7','3;7;-;3;6;=;1'
2799,'87+13=140','67+73=140',digit_to_digit,0,8,6,3,1,7,,,,,,,'8;7;+;1;3;=;1;4;0','6;7;+;7;3;=;1;4;0'
2800,'32+26=68','32+36=68',within_digit,3,2,3,,,,,,,,,,'3;2;+;2;6;=;6;8','3;2;+;3;6;=;6;8'
2801,'17-53=78','17+53=70',op_and_digit_balance,7,8,0,2,-,+,,,,,,,'1;7;-;5;3;=;7;8','1;7;+;5;3;=;7;0'
2802,'67-18=77','67+10=77',op_and_digit_balance,4,8,0,2,-,+,,,,,,,'6;7;-;1;8;=;7;7','6;7;+;1;0;=;7;7'
2803,'95-59=148','95+53=148',op_and_digit_balance,4,9,3,2,-,+,,,,,,,'9;5;-;5;9;=;1;4;8','9;5;+;5;3;=;1;4;8'
2804,'66+58=1211','66+58=124',four_eleven,8,11,4,,,,,,,,,,'6;6;+;5;8;=;1;2;11','6;6;+;5;8;=;1;2;4'
2805,'97-75=15','91-76=15',digit_to_digit,1,7,1,4,5,6,,,,,,,'9;7;-;7;5;=;1;5','9;1;-;7;6;=;1;5'
2806,'59-82=-32','50-82=-32',within_digit,1,9,0,,,,,,,,,,'5;9;-;8;2;=;-;3;2','5;0;-;8;2;=;-;3;2'
2807,'45+85=114','45+69=114',digit_to_digit,3,8,6,4,5,9,,,,,,,'4;5;+;8;5;=;11;4','4;5;+;6;9;=;11;4'
2808,'55-35=29','55-35=20',within_digit,7,9,0,,,,,,,,,,'5;5;-;3;5;=;2;9','5;5;-;3;5;=;2;0'
2809,'28-37=-77','20-97=-77',digit_to_digit,1,8,0,3,3,9,,,,,,,'2;8;-;3;7;=;-;7;7','2;0;-;9;7;=;-;7;7'
2810,'28+59=91','28+63=91',digit_to_digit,4,9,3,3,5,6,,,,,,,'2;8;+;5;9;=;9;1','2;8;+;6;3;=;9;1'
2811,'42-91=5','42-37=5',digit_to_digit,3,9,3,4,1,7,,,,,,,'4;2;-;9;1;=;5','4;2;-;3;7;=;5'
2812,'43-34=8','42-34=8',within_digit,1,3,2,,,,,,,,,,'4;3;-;3;4;=;8','4;2;-;3;4;=;8'
2813,'87-72=759','87+72=159',op_and_digit_balance,6,7,1,2,-,+,,,,,,,'8;7;-;7;2;=;7;5;9','8;7;+;7;2;=;1;5;9'
2814,'78-29=51','79-28=51',digit_to_digit,1,8,9,4,9,8,,,,,,,'7;8;-;2;9;=;5;1','7;9;-;2;8;=;5;1'
2815,'99+96=184','89+95=184',digit_to_digit,4,6,5,0,9,8,,,,,,,'9;9;+;9;6;=;1;8;4','8;9;+;9;5;=;1;8;4'
2816,'43-75=-33','42-75=-33',within_digit,1,3,2,,,,,,,,,,'4;3;-;7;5;=;-;3;3','4;2;-;7;5;=;-;3;3'
2817,'12-94=66','12+54=66',op_and_digit_balance,3,9,5,2,-,+,,,,,,,'1;2;-;9;4;=;6;6','1;2;+;5;4;=;6;6'
2818,'59-62=127','59+62=121',op_and_digit_balance,8,7,1,2,-,+,,,,,,,'5;9;-;6;2;=;1;2;7','5;9;+;6;2;=;1;2;1'
2819,'22-48=-21','22-49=-27',digit_to_digit,4,8,9,8,1,7,,,,,,,'2;2;-;4;8;=;-;2;1','2;2;-;4;9;=;-;2;7'
2820,'55+40=25','65-40=25',op_and_digit_balance,2,+,-,0,5,6,,,,,,,'5;5;+;4;0;=;2;5','6;5;-;4;0;=;2;5'
2821,'13+51=22','73-51=22',op_and_digit_balance,2,+,-,0,1,7,,,,,,,'1;3;+;5;1;=;2;2','7;3;-;5;1;=;2;2'
2822,'11+72=-51','11-72=-61',op_and_digit_balance,1,+,-,6,5,6,,,,,,,'11;+;7;2;=;-;5;1','11;-;7;2;=;-;6;1'
2823,'90-83=183','90+93=183',op_and_digit_balance,3,8,9,2,-,+,,,,,,,'9;0;-;8;3;=;1;8;3','9;0;+;9;3;=;1;8;3'
2824,'44-82=-96','44-82=-38',digit_to_digit,7,9,3,8,6,8,,,,,,,'4;4;-;8;2;=;-;9;6','4;4;-;8;2;=;-;3;8'
2825,'13-77=80','13+77=90',op_and_digit_balance,6,8,9,2,-,+,,,,,,,'1;3;-;7;7;=;8;0','1;3;+;7;7;=;9;0'
2826,'44-78=-25','44-70=-26',digit_to_digit,4,8,0,8,5,6,,,,,,,'4;4;-;7;8;=;-;2;5','4;4;-;7;0;=;-;2;6'
2827,'69+34=37','63+34=97',digit_to_digit,1,9,3,6,3,9,,,,,,,'6;9;+;3;4;=;3;7','6;3;+;3;4;=;9;7'
2828,'35-84=99','35+64=99',op_and_digit_balance,3,8,6,2,-,+,,,,,,,'3;5;-;8;4;=;9;9','3;5;+;6;4;=;9;9'
2829,'15+81=-56','15-81=-66',op_and_digit_balance,2,+,-,7,5,6,,,,,,,'1;5;+;8;1;=;-;5;6','1;5;-;8;1;=;-;6;6'
2830,'67-95=762','67+95=162',op_and_digit_balance,6,7,1,2,-,+,,,,,,,'6;7;-;9;5;=;7;6;2','6;7;+;9;5;=;1;6;2'
2831,'70-68=3','70-68=2',within_digit,6,3,2,,,,,,,,,,'7;0;-;6;8;=;3','7;0;-;6;8;=;2'
2832,'98-36=74','38+36=74',op_and_digit_balance,0,9,3,2,-,+,,,,,,,'9;8;-;3;6;=;7;4','3;8;+;3;6;=;7;4'
2833,'35-71=-95','35-71=-36',digit_to_digit,7,9,3,8,5,6,,,,,,,'3;5;-;7;1;=;-;9;5','3;5;-;7;1;=;-;3;6'
2834,'83+55=34','89-55=34',op_and_digit_balance,2,+,-,1,3,9,,,,,,,'8;3;+;5;5;=;3;4','8;9;-;5;5;=;3;4'
2835,'38-24=82','38+24=62',op_and_digit_balance,6,8,6,2,-,+,,,,,,,'3;8;-;2;4;=;8;2','3;8;+;2;4;=;6;2'
2836,'67-57=118','67+51=118',op_and_digit_balance,4,7,1,2,-,+,,,,,,,'6;7;-;5;7;=;11;8','6;7;+;5;1;=;11;8'
2837,'44+81=191','44+87=131',digit_to_digit,7,9,3,4,1,7,,,,,,,'4;4;+;8;1;=;1;9;1','4;4;+;8;7;=;1;3;1'
2838,'28-88=117','28+89=117',op_and_digit_balance,4,8,9,2,-,+,,,,,,,'2;8;-;8;8;=;11;7','2;8;+;8;9;=;11;7'
2839,'80-97=171','80+91=171',op_and_digit_balance,4,7,1,2,-,+,,,,,,,'8;0;-;9;7;=;1;7;1','8;0;+;9;1;=;1;7;1'
2840,'16+58=-52','16-68=-52',op_and_digit_balance,2,+,-,3,5,6,,,,,,,'1;6;+;5;8;=;-;5;2','1;6;-;6;8;=;-;5;2'
2841,'99=97-2','99-97=2',swap_-_and_=,2,=,-,5,-,=,,,,,,,'9;9;=;9;7;-;2','9;9;-;9;7;=;2'
2842,'25+72=-46','26-72=-46',op_and_digit_balance,2,+,-,1,5,6,,,,,,,'2;5;+;7;2;=;-;4;6','2;6;-;7;2;=;-;4;6'
2843,'45+50=183','45+58=103',digit_to_digit,7,8,0,4,0,8,,,,,,,'4;5;+;5;0;=;1;8;3','4;5;+;5;8;=;1;0;3'
2844,'67-61=-20','61-81=-20',digit_to_digit,1,7,1,3,6,8,,,,,,,'6;7;-;6;1;=;-;2;0','6;1;-;8;1;=;-;2;0'
2845,'93-70=169','93+70=163',op_and_digit_balance,8,9,3,2,-,+,,,,,,,'9;3;-;7;0;=;1;6;9','9;3;+;7;0;=;1;6;3'
2846,'72-91=15','72-57=15',digit_to_digit,3,9,5,4,1,7,,,,,,,'7;2;-;9;1;=;1;5','7;2;-;5;7;=;1;5'
2847,'58=38-20','58-38=20',swap_-_and_=,2,=,-,5,-,=,,,,,,,'5;8;=;3;8;-;2;0','5;8;-;3;8;=;2;0'
2848,'45+17=32','49-17=32',op_and_digit_balance,2,+,-,1,5,9,,,,,,,'4;5;+;1;7;=;3;2','4;9;-;1;7;=;3;2'
2849,'13+61=-68','13-81=-68',op_and_digit_balance,2,+,-,3,6,8,,,,,,,'1;3;+;6;1;=;-;6;8','1;3;-;8;1;=;-;6;8'
2850,'19+28=99','79+20=99',digit_to_digit,4,8,0,0,1,7,,,,,,,'1;9;+;2;8;=;9;9','7;9;+;2;0;=;9;9'
2851,'73-89=102','13+89=102',op_and_digit_balance,0,7,1,2,-,+,,,,,,,'7;3;-;8;9;=;1;0;2','1;3;+;8;9;=;1;0;2'
2852,'88-96=30','88-58=30',digit_to_digit,3,9,5,4,6,8,,,,,,,'8;8;-;9;6;=;3;0','8;8;-;5;8;=;3;0'
2853,'14+51=725','74+51=125',digit_to_digit,6,7,1,0,1,7,,,,,,,'1;4;+;5;1;=;7;2;5','7;4;+;5;1;=;1;2;5'
2854,'71+57=720','71+57=128',digit_to_digit,6,7,1,8,0,8,,,,,,,'7;1;+;5;7;=;7;2;0','7;1;+;5;7;=;1;2;8'
2855,'41+25=15','41-26=15',op_and_digit_balance,2,+,-,4,5,6,,,,,,,'4;1;+;2;5;=;1;5','4;1;-;2;6;=;1;5'
2856,'56+94=760','66+94=160',digit_to_digit,6,7,1,0,5,6,,,,,,,'5;6;+;9;4;=;7;6;0','6;6;+;9;4;=;1;6;0'
2857,'38-99=-7','98-99=-1',digit_to_digit,7,7,1,0,3,9,,,,,,,'3;8;-;9;9;=;-;7','9;8;-;9;9;=;-;1'
2858,'32+78=14','92-78=14',op_and_digit_balance,2,+,-,0,3,9,,,,,,,'3;2;+;7;8;=;1;4','9;2;-;7;8;=;1;4'
2859,'86-75=171','96+75=171',op_and_digit_balance,0,8,9,2,-,+,,,,,,,'8;6;-;7;5;=;1;7;1','9;6;+;7;5;=;1;7;1'
2860,'58-81=137','56+81=137',op_and_digit_balance,1,8,6,2,-,+,,,,,,,'5;8;-;8;1;=;1;3;7','5;6;+;8;1;=;1;3;7'
2861,'64-73=197','64+73=137',op_and_digit_balance,7,9,3,2,-,+,,,,,,,'6;4;-;7;3;=;1;9;7','6;4;+;7;3;=;1;3;7'
2862,'79-65=-47','18-65=-47',digit_to_digit,0,7,1,1,9,8,,,,,,,'7;9;-;6;5;=;-;4;7','1;8;-;6;5;=;-;4;7'
2863,'91-86=117','31+86=117',op_and_digit_balance,0,9,3,2,-,+,,,,,,,'9;1;-;8;6;=;11;7','3;1;+;8;6;=;11;7'
2864,'98+15=23','98-75=23',op_and_digit_balance,2,+,-,3,1,7,,,,,,,'9;8;+;1;5;=;2;3','9;8;-;7;5;=;2;3'
2865,'50=13-37','50-13=37',swap_-_and_=,2,=,-,5,-,=,,,,,,,'5;0;=;1;3;-;3;7','5;0;-;1;3;=;3;7'
2866,'39-75=108','33+75=108',op_and_digit_balance,1,9,3,2,-,+,,,,,,,'3;9;-;7;5;=;1;0;8','3;3;+;7;5;=;1;0;8'
2867,'32-87=99','32+67=99',op_and_digit_balance,3,8,6,2,-,+,,,,,,,'3;2;-;8;7;=;9;9','3;2;+;6;7;=;9;9'
2868,'29+13=96','23+73=96',digit_to_digit,1,9,3,3,1,7,,,,,,,'2;9;+;1;3;=;9;6','2;3;+;7;3;=;9;6'
2869,'25=88--63','25-88=-63',swap_-_and_=,2,=,-,5,-,=,,,,,,,'2;5;=;8;8;-;-;6;3','2;5;-;8;8;=;-;6;3'
2870,'95+31=87','56+31=87',digit_to_digit,0,9,5,1,5,6,,,,,,,'9;5;+;3;1;=;8;7','5;6;+;3;1;=;8;7'
2871,'18+68=64','18+66=84',digit_to_digit,4,8,6,6,6,8,,,,,,,'1;8;+;6;8;=;6;4','1;8;+;6;6;=;8;4'
2872,'58+31=21','58-37=21',op_and_digit_balance,2,+,-,4,1,7,,,,,,,'5;8;+;3;1;=;2;1','5;8;-;3;7;=;2;1'
2873,'66+15=67','66+15=81',digit_to_digit,7,7,1,6,6,8,,,,,,,'6;6;+;1;5;=;6;7','6;6;+;1;5;=;8;1'
2874,'68-48=117','69+48=117',op_and_digit_balance,1,8,9,2,-,+,,,,,,,'6;8;-;4;8;=;11;7','6;9;+;4;8;=;11;7'
2875,'79+74=143','75+74=149',digit_to_digit,1,9,5,8,3,9,,,,,,,'7;9;+;7;4;=;1;4;3','7;5;+;7;4;=;1;4;9'
2876,'85+74=169','89+74=163',digit_to_digit,8,9,3,1,5,9,,,,,,,'8;5;+;7;4;=;1;6;9','8;9;+;7;4;=;1;6;3'
2877,'44-49=4','44-40=4',within_digit,4,9,0,,,,,,,,,,'4;4;-;4;9;=;4','4;4;-;4;0;=;4'
2878,'36=19-17','36-19=17',swap_-_and_=,2,=,-,5,-,=,,,,,,,'3;6;=;1;9;-;1;7','3;6;-;1;9;=;1;7'
2879,'32-74=186','32+74=106',op_and_digit_balance,7,8,0,2,-,+,,,,,,,'3;2;-;7;4;=;1;8;6','3;2;+;7;4;=;1;0;6'
2880,'19+13=98','19+19=38',digit_to_digit,6,9,3,4,3,9,,,,,,,'1;9;+;1;3;=;9;8','1;9;+;1;9;=;3;8'
2881,'39+38=63','39+30=69',digit_to_digit,4,8,0,7,3,9,,,,,,,'3;9;+;3;8;=;6;3','3;9;+;3;0;=;6;9'
2882,'41-48=7','47-40=7',digit_to_digit,4,8,0,1,1,7,,,,,,,'4;1;-;4;8;=;7','4;7;-;4;0;=;7'
2883,'37-74=105','31+74=105',op_and_digit_balance,1,7,1,2,-,+,,,,,,,'3;7;-;7;4;=;1;0;5','3;1;+;7;4;=;1;0;5'
2884,'61+52=5','61-52=9',op_and_digit_balance,2,+,-,6,5,9,,,,,,,'6;1;+;5;2;=;5','6;1;-;5;2;=;9'
2885,'60=25-35','60-25=35',swap_-_and_=,2,=,-,5,-,=,,,,,,,'6;0;=;2;5;-;3;5','6;0;-;2;5;=;3;5'
2886,'70-29=-11','18-29=-11',digit_to_digit,0,7,1,1,0,8,,,,,,,'7;0;-;2;9;=;-;11','1;8;-;2;9;=;-;11'
2887,'83-25=48','83-35=48',within_digit,3,2,3,,,,,,,,,,'8;3;-;2;5;=;4;8','8;3;-;3;5;=;4;8'
2888,'73+60=131','73+58=131',digit_to_digit,3,6,5,4,0,8,,,,,,,'7;3;+;6;0;=;1;3;1','7;3;+;5;8;=;1;3;1'
2889,'81+21=50','81-21=60',op_and_digit_balance,2,+,-,6,5,6,,,,,,,'8;1;+;2;1;=;5;0','8;1;-;2;1;=;6;0'
2890,'52+59=-1','52-59=-7',op_and_digit_balance,2,+,-,7,1,7,,,,,,,'5;2;+;5;9;=;-;1','5;2;-;5;9;=;-;7'
2891,'11-18=-59','11-70=-59',digit_to_digit,3,8,0,2,1,7,,,,,,,'11;-;1;8;=;-;5;9','11;-;7;0;=;-;5;9'
2892,'47-85=-45','41-86=-45',digit_to_digit,1,7,1,4,5,6,,,,,,,'4;7;-;8;5;=;-;4;5','4;1;-;8;6;=;-;4;5'
2893,'43-36=17','43-26=17',within_digit,3,3,2,,,,,,,,,,'4;3;-;3;6;=;1;7','4;3;-;2;6;=;1;7'
2894,'63+80=3','83-80=3',op_and_digit_balance,2,+,-,0,6,8,,,,,,,'6;3;+;8;0;=;3','8;3;-;8;0;=;3'
2895,'21+56=-45','21-66=-45',op_and_digit_balance,2,+,-,3,5,6,,,,,,,'2;1;+;5;6;=;-;4;5','2;1;-;6;6;=;-;4;5'
2896,'95-22=17','39-22=17',digit_to_digit,0,9,3,1,5,9,,,,,,,'9;5;-;2;2;=;1;7','3;9;-;2;2;=;1;7'
2897,'91-94=51','91-34=57',digit_to_digit,3,9,3,7,1,7,,,,,,,'9;1;-;9;4;=;5;1','9;1;-;3;4;=;5;7'
2898,'50+49=707','58+49=107',digit_to_digit,6,7,1,1,0,8,,,,,,,'5;0;+;4;9;=;7;0;7','5;8;+;4;9;=;1;0;7'
2899,'51-88=140','51+89=140',op_and_digit_balance,4,8,9,2,-,+,,,,,,,'5;1;-;8;8;=;1;4;0','5;1;+;8;9;=;1;4;0'
2900,'88-99=127','88+39=127',op_and_digit_balance,3,9,3,2,-,+,,,,,,,'8;8;-;9;9;=;1;2;7','8;8;+;3;9;=;1;2;7'
2901,'72=19-53','72-19=53',swap_-_and_=,2,=,-,5,-,=,,,,,,,'7;2;=;1;9;-;5;3','7;2;-;1;9;=;5;3'
2902,'23+20=-5','23-28=-5',op_and_digit_balance,2,+,-,4,0,8,,,,,,,'2;3;+;2;0;=;-;5','2;3;-;2;8;=;-;5'
2903,'85=62-23','85-62=23',swap_-_and_=,2,=,-,5,-,=,,,,,,,'8;5;=;6;2;-;2;3','8;5;-;6;2;=;2;3'
2904,'87-26=119','87+26=113',op_and_digit_balance,7,9,3,2,-,+,,,,,,,'8;7;-;2;6;=;11;9','8;7;+;2;6;=;11;3'
2905,'58+92=-24','68-92=-24',op_and_digit_balance,2,+,-,0,5,6,,,,,,,'5;8;+;9;2;=;-;2;4','6;8;-;9;2;=;-;2;4'
2906,'33-26=6','32-26=6',within_digit,1,3,2,,,,,,,,,,'3;3;-;2;6;=;6','3;2;-;2;6;=;6'
2907,'14-72=88','14+72=86',op_and_digit_balance,7,8,6,2,-,+,,,,,,,'1;4;-;7;2;=;8;8','1;4;+;7;2;=;8;6'
2908,'35-87=116','35+81=116',op_and_digit_balance,4,7,1,2,-,+,,,,,,,'3;5;-;8;7;=;11;6','3;5;+;8;1;=;11;6'
2909,'69-35=311','69-35=34',four_eleven,7,11,4,,,,,,,,,,'6;9;-;3;5;=;3;11','6;9;-;3;5;=;3;4'
2910,'26+32=117','25+92=117',digit_to_digit,1,6,5,3,3,9,,,,,,,'2;6;+;3;2;=;11;7','2;5;+;9;2;=;11;7'
2911,'94-18=24','94-70=24',digit_to_digit,4,8,0,3,1,7,,,,,,,'9;4;-;1;8;=;2;4','9;4;-;7;0;=;2;4'
2912,'26=32--6','26-32=-6',swap_-_and_=,2,=,-,5,-,=,,,,,,,'2;6;=;3;2;-;-;6','2;6;-;3;2;=;-;6'
2913,'51+60=-3','51-60=-9',op_and_digit_balance,2,+,-,7,3,9,,,,,,,'5;1;+;6;0;=;-;3','5;1;-;6;0;=;-;9'
2914,'44=71--27','44-71=-27',swap_-_and_=,2,=,-,5,-,=,,,,,,,'4;4;=;7;1;-;-;2;7','4;4;-;7;1;=;-;2;7'
2915,'69-29=45','69-23=46',digit_to_digit,4,9,3,7,5,6,,,,,,,'6;9;-;2;9;=;4;5','6;9;-;2;3;=;4;6'
2916,'12=69--57','12-69=-57',swap_-_and_=,2,=,-,5,-,=,,,,,,,'1;2;=;6;9;-;-;5;7','1;2;-;6;9;=;-;5;7'
2917,'61-49=92','81-49=32',digit_to_digit,6,9,3,0,6,8,,,,,,,'6;1;-;4;9;=;9;2','8;1;-;4;9;=;3;2'
2918,'58-98=148','58+90=148',op_and_digit_balance,4,8,0,2,-,+,,,,,,,'5;8;-;9;8;=;1;4;8','5;8;+;9;0;=;1;4;8'
2919,'39-94=-65','29-94=-65',within_digit,0,3,2,,,,,,,,,,'3;9;-;9;4;=;-;6;5','2;9;-;9;4;=;-;6;5'
2920,'90-27=62','90-27=63',within_digit,7,2,3,,,,,,,,,,'9;0;-;2;7;=;6;2','9;0;-;2;7;=;6;3'
2921,'43+69=111','42+69=111',within_digit,1,3,2,,,,,,,,,,'4;3;+;6;9;=;1;11','4;2;+;6;9;=;1;11'
2922,'91=44-47','91-44=47',swap_-_and_=,2,=,-,5,-,=,,,,,,,'9;1;=;4;4;-;4;7','9;1;-;4;4;=;4;7'
2923,'42-58=-96','42-98=-56',digit_to_digit,7,9,5,3,5,9,,,,,,,'4;2;-;5;8;=;-;9;6','4;2;-;9;8;=;-;5;6'
2924,'94+55=35','94-55=39',op_and_digit_balance,2,+,-,7,5,9,,,,,,,'9;4;+;5;5;=;3;5','9;4;-;5;5;=;3;9'
2925,'75-99=774','75+99=174',op_and_digit_balance,6,7,1,2,-,+,,,,,,,'7;5;-;9;9;=;7;7;4','7;5;+;9;9;=;1;7;4'
2926,'55+45=14','59-45=14',op_and_digit_balance,2,+,-,1,5,9,,,,,,,'5;5;+;4;5;=;1;4','5;9;-;4;5;=;1;4'
2927,'87=18-69','87-18=69',swap_-_and_=,2,=,-,5,-,=,,,,,,,'8;7;=;1;8;-;6;9','8;7;-;1;8;=;6;9'
2928,'77+92=99','17+82=99',digit_to_digit,0,7,1,3,9,8,,,,,,,'7;7;+;9;2;=;9;9','1;7;+;8;2;=;9;9'
2929,'42-69=105','42+63=105',op_and_digit_balance,4,9,3,2,-,+,,,,,,,'4;2;-;6;9;=;1;0;5','4;2;+;6;3;=;1;0;5'
2930,'95+51=107','56+51=107',digit_to_digit,0,9,5,1,5,6,,,,,,,'9;5;+;5;1;=;1;0;7','5;6;+;5;1;=;1;0;7'
2931,'66+23=98','66+23=89',digit_to_digit,7,8,9,6,9,8,,,,,,,'6;6;+;2;3;=;9;8','6;6;+;2;3;=;8;9'
2932,'18-30=46','16+30=46',op_and_digit_balance,1,8,6,2,-,+,,,,,,,'1;8;-;3;0;=;4;6','1;6;+;3;0;=;4;6'
2933,'22+48=52','22+40=62',digit_to_digit,4,8,0,6,5,6,,,,,,,'2;2;+;4;8;=;5;2','2;2;+;4;0;=;6;2'
2934,'54+68=-4','64-68=-4',op_and_digit_balance,2,+,-,0,5,6,,,,,,,'5;4;+;6;8;=;-;4','6;4;-;6;8;=;-;4'
2935,'93+71=110','93+17=110',digit_to_digit,3,7,1,4,1,7,,,,,,,'9;3;+;7;1;=;11;0','9;3;+;1;7;=;11;0'
2936,'30+38=65','30+36=66',digit_to_digit,4,8,6,7,5,6,,,,,,,'3;0;+;3;8;=;6;5','3;0;+;3;6;=;6;6'
2937,'57-69=-3','57-60=-3',within_digit,4,9,0,,,,,,,,,,'5;7;-;6;9;=;-;3','5;7;-;6;0;=;-;3'
2938,'57-57=9','57-57=0',within_digit,6,9,0,,,,,,,,,,'5;7;-;5;7;=;9','5;7;-;5;7;=;0'
2939,'89-98=127','89+38=127',op_and_digit_balance,3,9,3,2,-,+,,,,,,,'8;9;-;9;8;=;1;2;7','8;9;+;3;8;=;1;2;7'
2940,'87-88=185','97+88=185',op_and_digit_balance,0,8,9,2,-,+,,,,,,,'8;7;-;8;8;=;1;8;5','9;7;+;8;8;=;1;8;5'
2941,'36-43=93','96-43=53',digit_to_digit,6,9,5,0,3,9,,,,,,,'3;6;-;4;3;=;9;3','9;6;-;4;3;=;5;3'
2942,'65-93=758','65+93=158',op_and_digit_balance,6,7,1,2,-,+,,,,,,,'6;5;-;9;3;=;7;5;8','6;5;+;9;3;=;1;5;8'
2943,'32-88=112','32+80=112',op_and_digit_balance,4,8,0,2,-,+,,,,,,,'3;2;-;8;8;=;11;2','3;2;+;8;0;=;11;2'
2944,'85-43=112','85-43=42',four_eleven,6,11,4,,,,,,,,,,'8;5;-;4;3;=;11;2','8;5;-;4;3;=;4;2'
2945,'81+22=89','67+22=89',digit_to_digit,0,8,6,1,1,7,,,,,,,'8;1;+;2;2;=;8;9','6;7;+;2;2;=;8;9'
2946,'96+48=50','98-48=50',op_and_digit_balance,2,+,-,1,6,8,,,,,,,'9;6;+;4;8;=;5;0','9;8;-;4;8;=;5;0'
2947,'56-79=-33','56-79=-23',within_digit,7,3,2,,,,,,,,,,'5;6;-;7;9;=;-;3;3','5;6;-;7;9;=;-;2;3'
2948,'54+41=23','64-41=23',op_and_digit_balance,2,+,-,0,5,6,,,,,,,'5;4;+;4;1;=;2;3','6;4;-;4;1;=;2;3'
2949,'79-22=181','79+22=101',op_and_digit_balance,7,8,0,2,-,+,,,,,,,'7;9;-;2;2;=;1;8;1','7;9;+;2;2;=;1;0;1'
2950,'34+14=188','94+14=108',digit_to_digit,7,8,0,0,3,9,,,,,,,'3;4;+;1;4;=;1;8;8','9;4;+;1;4;=;1;0;8'
2951,'18+29=57','18+39=57',within_digit,3,2,3,,,,,,,,,,'1;8;+;2;9;=;5;7','1;8;+;3;9;=;5;7'
2952,'44=74--30','44-74=-30',swap_-_and_=,2,=,-,5,-,=,,,,,,,'4;4;=;7;4;-;-;3;0','4;4;-;7;4;=;-;3;0'
2953,'15+22=98','16+22=38',digit_to_digit,6,9,3,1,5,6,,,,,,,'1;5;+;2;2;=;9;8','1;6;+;2;2;=;3;8'
2954,'12+31=-79','12-91=-79',op_and_digit_balance,2,+,-,3,3,9,,,,,,,'1;2;+;3;1;=;-;7;9','1;2;-;9;1;=;-;7;9'
2955,'12+58=79','12+58=70',within_digit,7,9,0,,,,,,,,,,'1;2;+;5;8;=;7;9','1;2;+;5;8;=;7;0'
2956,'25+41=-15','26-41=-15',op_and_digit_balance,2,+,-,1,5,6,,,,,,,'2;5;+;4;1;=;-;1;5','2;6;-;4;1;=;-;1;5'
2957,'18+58=87','19+68=87',digit_to_digit,1,8,9,3,5,6,,,,,,,'1;8;+;5;8;=;8;7','1;9;+;6;8;=;8;7'
2958,'98+79=131','58+79=137',digit_to_digit,0,9,5,8,1,7,,,,,,,'9;8;+;7;9;=;1;3;1','5;8;+;7;9;=;1;3;7'
2959,'91-22=76','97-22=75',digit_to_digit,7,6,5,1,1,7,,,,,,,'9;1;-;2;2;=;7;6','9;7;-;2;2;=;7;5'
2960,'49+44=82','48+44=92',digit_to_digit,6,8,9,1,9,8,,,,,,,'4;9;+;4;4;=;8;2','4;8;+;4;4;=;9;2'
2961,'70-40=-38','10-48=-38',digit_to_digit,0,7,1,4,0,8,,,,,,,'7;0;-;4;0;=;-;3;8','1;0;-;4;8;=;-;3;8'
2962,'25-91=-5','26-31=-5',digit_to_digit,3,9,3,1,5,6,,,,,,,'2;5;-;9;1;=;-;5','2;6;-;3;1;=;-;5'
2963,'57-77=74','57+17=74',op_and_digit_balance,3,7,1,2,-,+,,,,,,,'5;7;-;7;7;=;7;4','5;7;+;1;7;=;7;4'
2964,'95+92=121','35+92=127',digit_to_digit,0,9,3,8,1,7,,,,,,,'9;5;+;9;2;=;1;2;1','3;5;+;9;2;=;1;2;7'
2965,'55+82=741','59+82=141',digit_to_digit,6,7,1,1,5,9,,,,,,,'5;5;+;8;2;=;7;4;1','5;9;+;8;2;=;1;4;1'
2966,'79+55=14','19+55=74',digit_to_digit,0,7,1,6,1,7,,,,,,,'7;9;+;5;5;=;1;4','1;9;+;5;5;=;7;4'
2967,'28-69=-31','28-65=-37',digit_to_digit,4,9,5,8,1,7,,,,,,,'2;8;-;6;9;=;-;3;1','2;8;-;6;5;=;-;3;7'
2968,'25-29=64','25+29=54',op_and_digit_balance,6,6,5,2,-,+,,,,,,,'2;5;-;2;9;=;6;4','2;5;+;2;9;=;5;4'
2969,'33+76=703','33+76=109',digit_to_digit,6,7,1,8,3,9,,,,,,,'3;3;+;7;6;=;7;0;3','3;3;+;7;6;=;1;0;9'
2970,'13+47=114','73+41=114',digit_to_digit,4,7,1,0,1,7,,,,,,,'1;3;+;4;7;=;11;4','7;3;+;4;1;=;11;4'
2971,'77=20-57','77-20=57',swap_-_and_=,2,=,-,5,-,=,,,,,,,'7;7;=;2;0;-;5;7','7;7;-;2;0;=;5;7'
2972,'25+22=4','26-22=4',op_and_digit_balance,2,+,-,1,5,6,,,,,,,'2;5;+;2;2;=;4','2;6;-;2;2;=;4'
2973,'27=56--29','27-56=-29',swap_-_and_=,2,=,-,5,-,=,,,,,,,'2;7;=;5;6;-;-;2;9','2;7;-;5;6;=;-;2;9'
2974,'17-73=30','17+13=30',op_and_digit_balance,3,7,1,2,-,+,,,,,,,'1;7;-;7;3;=;3;0','1;7;+;1;3;=;3;0'
2975,'44-19=-36','44-79=-35',digit_to_digit,8,6,5,3,1,7,,,,,,,'4;4;-;1;9;=;-;3;6','4;4;-;7;9;=;-;3;5'
2976,'83+81=754','83+81=164',digit_to_digit,6,7,1,7,5,6,,,,,,,'8;3;+;8;1;=;7;5;4','8;3;+;8;1;=;1;6;4'
2977,'47-89=138','47+89=136',op_and_digit_balance,8,8,6,2,-,+,,,,,,,'4;7;-;8;9;=;1;3;8','4;7;+;8;9;=;1;3;6'
2978,'30=15-15','30-15=15',swap_-_and_=,2,=,-,5,-,=,,,,,,,'3;0;=;1;5;-;1;5','3;0;-;1;5;=;1;5'
2979,'32=89--57','32-89=-57',swap_-_and_=,2,=,-,5,-,=,,,,,,,'3;2;=;8;9;-;-;5;7','3;2;-;8;9;=;-;5;7'
2980,'20+95=59','20+39=59',digit_to_digit,3,9,3,4,5,9,,,,,,,'2;0;+;9;5;=;5;9','2;0;+;3;9;=;5;9'
2981,'63-24=25','53-24=29',digit_to_digit,0,6,5,7,5,9,,,,,,,'6;3;-;2;4;=;2;5','5;3;-;2;4;=;2;9'
2982,'14-91=65','14+51=65',op_and_digit_balance,3,9,5,2,-,+,,,,,,,'1;4;-;9;1;=;6;5','1;4;+;5;1;=;6;5'
2983,'64-42=108','64+42=106',op_and_digit_balance,8,8,6,2,-,+,,,,,,,'6;4;-;4;2;=;1;0;8','6;4;+;4;2;=;1;0;6'
2984,'40+85=-46','40-86=-46',op_and_digit_balance,2,+,-,4,5,6,,,,,,,'4;0;+;8;5;=;-;4;6','4;0;-;8;6;=;-;4;6'
2985,'54-89=137','54+83=137',op_and_digit_balance,4,9,3,2,-,+,,,,,,,'5;4;-;8;9;=;1;3;7','5;4;+;8;3;=;1;3;7'
2986,'95-20=55','35+20=55',op_and_digit_balance,0,9,3,2,-,+,,,,,,,'9;5;-;2;0;=;5;5','3;5;+;2;0;=;5;5'
2987,'59-18=71','53+18=71',op_and_digit_balance,1,9,3,2,-,+,,,,,,,'5;9;-;1;8;=;7;1','5;3;+;1;8;=;7;1'
2988,'24+45=78','24+46=70',digit_to_digit,7,8,0,4,5,6,,,,,,,'2;4;+;4;5;=;7;8','2;4;+;4;6;=;7;0'
2989,'55+22=87','59+22=81',digit_to_digit,7,7,1,1,5,9,,,,,,,'5;5;+;2;2;=;8;7','5;9;+;2;2;=;8;1'
2990,'21-30=57','21+30=51',op_and_digit_balance,7,7,1,2,-,+,,,,,,,'2;1;-;3;0;=;5;7','2;1;+;3;0;=;5;1'
2991,'58-51=-11','50-61=-11',digit_to_digit,1,8,0,3,5,6,,,,,,,'5;8;-;5;1;=;-;11','5;0;-;6;1;=;-;11'
2992,'21-27=42','21+21=42',op_and_digit_balance,4,7,1,2,-,+,,,,,,,'2;1;-;2;7;=;4;2','2;1;+;2;1;=;4;2'
2993,'10+35=59','18+35=53',digit_to_digit,7,9,3,1,0,8,,,,,,,'1;0;+;3;5;=;5;9','1;8;+;3;5;=;5;3'
2994,'69+49=19','68-49=19',op_and_digit_balance,2,+,-,1,9,8,,,,,,,'6;9;+;4;9;=;1;9','6;8;-;4;9;=;1;9'
2995,'77-84=171','77+94=171',op_and_digit_balance,3,8,9,2,-,+,,,,,,,'7;7;-;8;4;=;1;7;1','7;7;+;9;4;=;1;7;1'
2996,'35-23=19','36-23=13',digit_to_digit,7,9,3,1,5,6,,,,,,,'3;5;-;2;3;=;1;9','3;6;-;2;3;=;1;3'
2997,'25+84=-53','25-84=-59',op_and_digit_balance,2,+,-,8,3,9,,,,,,,'2;5;+;8;4;=;-;5;3','2;5;-;8;4;=;-;5;9'
2998,'73+70=751','73+78=151',digit_to_digit,6,7,1,4,0,8,,,,,,,'7;3;+;7;0;=;7;5;1','7;3;+;7;8;=;1;5;1'
2999,'31-12=49','31+12=43',op_and_digit_balance,7,9,3,2,-,+,,,,,,,'3;1;-;1;2;=;4;9','3;1;+;1;2;=;4;3'
3000,'93+19=14','93-19=74',op_and_digit_balance,2,+,-,6,1,7,,,,,,,'9;3;+;1;9;=;1;4','9;3;-;1;9;=;7;4'
3001,'29-37=60','23+37=60',op_and_digit_balance,1,9,3,2,-,+,,,,,,,'2;9;-;3;7;=;6;0','2;3;+;3;7;=;6;0'
3002,'35+49=-13','36-49=-13',op_and_digit_balance,2,+,-,1,5,6,,,,,,,'3;5;+;4;9;=;-;1;3','3;6;-;4;9;=;-;1;3'
3003,'42+29=55','42+23=65',digit_to_digit,4,9,3,6,5,6,,,,,,,'4;2;+;2;9;=;5;5','4;2;+;2;3;=;6;5'
3004,'84+59=133','64+69=133',digit_to_digit,0,8,6,3,5,6,,,,,,,'8;4;+;5;9;=;1;3;3','6;4;+;6;9;=;1;3;3'
3005,'42-17=-95','42-77=-35',digit_to_digit,7,9,3,3,1,7,,,,,,,'4;2;-;1;7;=;-;9;5','4;2;-;7;7;=;-;3;5'
3006,'24+60=811','24+60=84',four_eleven,7,11,4,,,,,,,,,,'2;4;+;6;0;=;8;11','2;4;+;6;0;=;8;4'
3007,'64+52=105','54+52=106',digit_to_digit,0,6,5,8,5,6,,,,,,,'6;4;+;5;2;=;1;0;5','5;4;+;5;2;=;1;0;6'
3008,'83+19=156','83+73=156',digit_to_digit,4,9,3,3,1,7,,,,,,,'8;3;+;1;9;=;1;5;6','8;3;+;7;3;=;1;5;6'
3009,'13+50=23','73-50=23',op_and_digit_balance,2,+,-,0,1,7,,,,,,,'1;3;+;5;0;=;2;3','7;3;-;5;0;=;2;3'
3010,'28-66=-45','20-66=-46',digit_to_digit,1,8,0,8,5,6,,,,,,,'2;8;-;6;6;=;-;4;5','2;0;-;6;6;=;-;4;6'
3011,'47=28-19','47-28=19',swap_-_and_=,2,=,-,5,-,=,,,,,,,'4;7;=;2;8;-;1;9','4;7;-;2;8;=;1;9'
3012,'50=54--4','50-54=-4',swap_-_and_=,2,=,-,5,-,=,,,,,,,'5;0;=;5;4;-;-;4','5;0;-;5;4;=;-;4'
3013,'20+95=-79','20-99=-79',op_and_digit_balance,2,+,-,4,5,9,,,,,,,'2;0;+;9;5;=;-;7;9','2;0;-;9;9;=;-;7;9'
3014,'29-33=56','23+33=56',op_and_digit_balance,1,9,3,2,-,+,,,,,,,'2;9;-;3;3;=;5;6','2;3;+;3;3;=;5;6'
3015,'99+75=1711','99+75=174',four_eleven,8,11,4,,,,,,,,,,'9;9;+;7;5;=;1;7;11','9;9;+;7;5;=;1;7;4'
3016,'91+58=99','31+68=99',digit_to_digit,0,9,3,3,5,6,,,,,,,'9;1;+;5;8;=;9;9','3;1;+;6;8;=;9;9'
3017,'46=44-2','46-44=2',swap_-_and_=,2,=,-,5,-,=,,,,,,,'4;6;=;4;4;-;2','4;6;-;4;4;=;2'
3018,'60+62=742','60+82=142',digit_to_digit,6,7,1,3,6,8,,,,,,,'6;0;+;6;2;=;7;4;2','6;0;+;8;2;=;1;4;2'
3019,'46+55=-49','46-95=-49',op_and_digit_balance,2,+,-,3,5,9,,,,,,,'4;6;+;5;5;=;-;4;9','4;6;-;9;5;=;-;4;9'
3020,'48-62=-94','48-82=-34',digit_to_digit,7,9,3,3,6,8,,,,,,,'4;8;-;6;2;=;-;9;4','4;8;-;8;2;=;-;3;4'
3021,'67=73--6','67-73=-6',swap_-_and_=,2,=,-,5,-,=,,,,,,,'6;7;=;7;3;-;-;6','6;7;-;7;3;=;-;6'
3022,'22-88=118','22+88=110',op_and_digit_balance,7,8,0,2,-,+,,,,,,,'2;2;-;8;8;=;11;8','2;2;+;8;8;=;11;0'
3023,'88-24=14','98-24=74',digit_to_digit,0,8,9,6,1,7,,,,,,,'8;8;-;2;4;=;1;4','9;8;-;2;4;=;7;4'
3024,'95+68=143','85+58=143',digit_to_digit,3,6,5,0,9,8,,,,,,,'9;5;+;6;8;=;1;4;3','8;5;+;5;8;=;1;4;3'
3025,'65+59=115','65+50=115',within_digit,4,9,0,,,,,,,,,,'6;5;+;5;9;=;11;5','6;5;+;5;0;=;11;5'
3026,'15-48=61','15+46=61',op_and_digit_balance,4,8,6,2,-,+,,,,,,,'1;5;-;4;8;=;6;1','1;5;+;4;6;=;6;1'
3027,'53+48=15','63-48=15',op_and_digit_balance,2,+,-,0,5,6,,,,,,,'5;3;+;4;8;=;1;5','6;3;-;4;8;=;1;5'
3028,'99+21=129','99+21=120',within_digit,8,9,0,,,,,,,,,,'9;9;+;2;1;=;1;2;9','9;9;+;2;1;=;1;2;0'
3029,'68-15=73','58+15=73',within_digit,0,6,5,2,-,+,,,,,,,'6;8;-;1;5;=;7;3','5;8;+;1;5;=;7;3'
3030,'44-61=95','44+51=95',op_and_digit_balance,3,6,5,2,-,+,,,,,,,'4;4;-;6;1;=;9;5','4;4;+;5;1;=;9;5'
3031,'45+73=59','45+13=58',digit_to_digit,3,7,1,7,9,8,,,,,,,'4;5;+;7;3;=;5;9','4;5;+;1;3;=;5;8'
3032,'83+13=76','89-13=76',op_and_digit_balance,2,+,-,1,3,9,,,,,,,'8;3;+;1;3;=;7;6','8;9;-;1;3;=;7;6'
3033,'74-52=32','74-52=22',within_digit,6,3,2,,,,,,,,,,'7;4;-;5;2;=;3;2','7;4;-;5;2;=;2;2'
3034,'75-18=85','75+10=85',op_and_digit_balance,4,8,0,2,-,+,,,,,,,'7;5;-;1;8;=;8;5','7;5;+;1;0;=;8;5'
3035,'12+74=25','12+14=26',digit_to_digit,3,7,1,7,5,6,,,,,,,'1;2;+;7;4;=;2;5','1;2;+;1;4;=;2;6'
3036,'85-22=707','85+22=107',op_and_digit_balance,6,7,1,2,-,+,,,,,,,'8;5;-;2;2;=;7;0;7','8;5;+;2;2;=;1;0;7'
3037,'21-12=-91','21-72=-51',digit_to_digit,7,9,5,3,1,7,,,,,,,'2;1;-;1;2;=;-;9;1','2;1;-;7;2;=;-;5;1'
3038,'66-73=-6','66-72=-6',within_digit,4,3,2,,,,,,,,,,'6;6;-;7;3;=;-;6','6;6;-;7;2;=;-;6'
3039,'41-64=-22','41-64=-23',within_digit,8,2,3,,,,,,,,,,'4;1;-;6;4;=;-;2;2','4;1;-;6;4;=;-;2;3'
3040,'71-61=19','71-61=10',within_digit,7,9,0,,,,,,,,,,'7;1;-;6;1;=;1;9','7;1;-;6;1;=;1;0'
3041,'49-87=130','43+87=130',op_and_digit_balance,1,9,3,2,-,+,,,,,,,'4;9;-;8;7;=;1;3;0','4;3;+;8;7;=;1;3;0'
3042,'12+51=-45','12-57=-45',op_and_digit_balance,2,+,-,4,1,7,,,,,,,'1;2;+;5;1;=;-;4;5','1;2;-;5;7;=;-;4;5'
3043,'87=50-37','87-50=37',swap_-_and_=,2,=,-,5,-,=,,,,,,,'8;7;=;5;0;-;3;7','8;7;-;5;0;=;3;7'
3044,'74-72=86','74+12=86',op_and_digit_balance,3,7,1,2,-,+,,,,,,,'7;4;-;7;2;=;8;6','7;4;+;1;2;=;8;6'
3045,'99=58-41','99-58=41',swap_-_and_=,2,=,-,5,-,=,,,,,,,'9;9;=;5;8;-;4;1','9;9;-;5;8;=;4;1'
3046,'25+73=-47','26-73=-47',op_and_digit_balance,2,+,-,1,5,6,,,,,,,'2;5;+;7;3;=;-;4;7','2;6;-;7;3;=;-;4;7'
3047,'54-68=-35','54-89=-35',digit_to_digit,4,8,9,3,6,8,,,,,,,'5;4;-;6;8;=;-;3;5','5;4;-;8;9;=;-;3;5'
3048,'15-25=-8','19-25=-6',digit_to_digit,7,8,6,1,5,9,,,,,,,'1;5;-;2;5;=;-;8','1;9;-;2;5;=;-;6'
3049,'55+30=35','65-30=35',op_and_digit_balance,2,+,-,0,5,6,,,,,,,'5;5;+;3;0;=;3;5','6;5;-;3;0;=;3;5'
3050,'58-42=18','60-42=18',digit_to_digit,1,8,0,0,5,6,,,,,,,'5;8;-;4;2;=;1;8','6;0;-;4;2;=;1;8'
3051,'55+41=24','65-41=24',op_and_digit_balance,2,+,-,0,5,6,,,,,,,'5;5;+;4;1;=;2;4','6;5;-;4;1;=;2;4'
3052,'51-82=-27','61-82=-21',digit_to_digit,8,7,1,0,5,6,,,,,,,'5;1;-;8;2;=;-;2;7','6;1;-;8;2;=;-;2;1'
3053,'29-87=110','29+81=110',op_and_digit_balance,4,7,1,2,-,+,,,,,,,'2;9;-;8;7;=;11;0','2;9;+;8;1;=;11;0'
3054,'53+53=10','63-53=10',op_and_digit_balance,2,+,-,0,5,6,,,,,,,'5;3;+;5;3;=;1;0','6;3;-;5;3;=;1;0'
3055,'38+16=112','36+76=112',digit_to_digit,1,8,6,3,1,7,,,,,,,'3;8;+;1;6;=;11;2','3;6;+;7;6;=;11;2'
3056,'72+50=12','72-60=12',op_and_digit_balance,2,+,-,3,5,6,,,,,,,'7;2;+;5;0;=;1;2','7;2;-;6;0;=;1;2'
3057,'34+69=102','34+69=103',within_digit,8,2,3,,,,,,,,,,'3;4;+;6;9;=;1;0;2','3;4;+;6;9;=;1;0;3'
3058,'58-69=39','98-59=39',digit_to_digit,3,6,5,0,5,9,,,,,,,'5;8;-;6;9;=;3;9','9;8;-;5;9;=;3;9'
3059,'31+34=126','91+34=125',digit_to_digit,8,6,5,0,3,9,,,,,,,'3;1;+;3;4;=;1;2;6','9;1;+;3;4;=;1;2;5'
3060,'93-56=36','92-56=36',within_digit,1,3,2,,,,,,,,,,'9;3;-;5;6;=;3;6','9;2;-;5;6;=;3;6'
3061,'63+28=41','69-28=41',op_and_digit_balance,2,+,-,1,3,9,,,,,,,'6;3;+;2;8;=;4;1','6;9;-;2;8;=;4;1'
3062,'71+37=54','17+37=54',digit_to_digit,0,7,1,1,1,7,,,,,,,'7;1;+;3;7;=;5;4','1;7;+;3;7;=;5;4'
3063,'82+46=730','82+48=130',digit_to_digit,6,7,1,4,6,8,,,,,,,'8;2;+;4;6;=;7;3;0','8;2;+;4;8;=;1;3;0'
3064,'26+17=-51','26-77=-51',op_and_digit_balance,2,+,-,3,1,7,,,,,,,'2;6;+;1;7;=;-;5;1','2;6;-;7;7;=;-;5;1'
3065,'43+91=80','43+37=80',digit_to_digit,3,9,3,4,1,7,,,,,,,'4;3;+;9;1;=;8;0','4;3;+;3;7;=;8;0'
3066,'83+37=45','83-37=46',op_and_digit_balance,2,+,-,7,5,6,,,,,,,'8;3;+;3;7;=;4;5','8;3;-;3;7;=;4;6'
3067,'22-41=83','22+41=63',op_and_digit_balance,6,8,6,2,-,+,,,,,,,'2;2;-;4;1;=;8;3','2;2;+;4;1;=;6;3'
3068,'26-88=-63','26-88=-62',within_digit,8,3,2,,,,,,,,,,'2;6;-;8;8;=;-;6;3','2;6;-;8;8;=;-;6;2'
3069,'40-17=-97','40-77=-37',digit_to_digit,7,9,3,3,1,7,,,,,,,'4;0;-;1;7;=;-;9;7','4;0;-;7;7;=;-;3;7'
3070,'12+63=9','72-63=9',op_and_digit_balance,2,+,-,0,1,7,,,,,,,'1;2;+;6;3;=;9','7;2;-;6;3;=;9'
3071,'69+72=740','68+72=140',digit_to_digit,6,7,1,1,9,8,,,,,,,'6;9;+;7;2;=;7;4;0','6;8;+;7;2;=;1;4;0'
3072,'77+18=39','77+18=95',digit_to_digit,7,9,5,6,3,9,,,,,,,'7;7;+;1;8;=;3;9','7;7;+;1;8;=;9;5'
3073,'88-37=119','88+31=119',op_and_digit_balance,4,7,1,2,-,+,,,,,,,'8;8;-;3;7;=;11;9','8;8;+;3;1;=;11;9'
3074,'51=40-11','51-40=11',swap_-_and_=,2,=,-,5,-,=,,,,,,,'5;1;=;4;0;-;11','5;1;-;4;0;=;11'
3075,'16+55=-33','16-55=-39',op_and_digit_balance,2,+,-,8,3,9,,,,,,,'1;6;+;5;5;=;-;3;3','1;6;-;5;5;=;-;3;9'
3076,'78+25=113','78+35=113',within_digit,3,2,3,,,,,,,,,,'7;8;+;2;5;=;11;3','7;8;+;3;5;=;11;3'
3077,'51+46=109','57+46=103',digit_to_digit,8,9,3,1,1,7,,,,,,,'5;1;+;4;6;=;1;0;9','5;7;+;4;6;=;1;0;3'
3078,'73+50=133','73+50=123',within_digit,7,3,2,,,,,,,,,,'7;3;+;5;0;=;1;3;3','7;3;+;5;0;=;1;2;3'
3079,'94=64-30','94-64=30',swap_-_and_=,2,=,-,5,-,=,,,,,,,'9;4;=;6;4;-;3;0','9;4;-;6;4;=;3;0'
3080,'54+56=128','64+56=120',digit_to_digit,8,8,0,0,5,6,,,,,,,'5;4;+;5;6;=;1;2;8','6;4;+;5;6;=;1;2;0'
3081,'91-58=-21','37-58=-21',digit_to_digit,0,9,3,1,1,7,,,,,,,'9;1;-;5;8;=;-;2;1','3;7;-;5;8;=;-;2;1'
3082,'57+81=-30','57-87=-30',op_and_digit_balance,2,+,-,4,1,7,,,,,,,'5;7;+;8;1;=;-;3;0','5;7;-;8;7;=;-;3;0'
3083,'13-90=-11','19-30=-11',digit_to_digit,3,9,3,1,3,9,,,,,,,'1;3;-;9;0;=;-;11','1;9;-;3;0;=;-;11'
3084,'34+75=118','34+76=110',digit_to_digit,7,8,0,4,5,6,,,,,,,'3;4;+;7;5;=;11;8','3;4;+;7;6;=;11;0'
3085,'11-78=87','11+76=87',op_and_digit_balance,3,8,6,1,-,+,,,,,,,'11;-;7;8;=;8;7','11;+;7;6;=;8;7'
3086,'15=50--35','15-50=-35',swap_-_and_=,2,=,-,5,-,=,,,,,,,'1;5;=;5;0;-;-;3;5','1;5;-;5;0;=;-;3;5'
3087,'56+63=199','96+63=159',digit_to_digit,7,9,5,0,5,9,,,,,,,'5;6;+;6;3;=;1;9;9','9;6;+;6;3;=;1;5;9'
3088,'16+35=-15','16-35=-19',op_and_digit_balance,2,+,-,8,5,9,,,,,,,'1;6;+;3;5;=;-;1;5','1;6;-;3;5;=;-;1;9'
3089,'28-17=4','28-17=11',four_eleven,6,4,11,,,,,,,,,,'2;8;-;1;7;=;4','2;8;-;1;7;=;11'
3090,'87=97--10','87-97=-10',swap_-_and_=,2,=,-,5,-,=,,,,,,,'8;7;=;9;7;-;-;1;0','8;7;-;9;7;=;-;1;0'
3091,'81+58=155','97+58=155',digit_to_digit,0,8,9,1,1,7,,,,,,,'8;1;+;5;8;=;1;5;5','9;7;+;5;8;=;1;5;5'
3092,'25+53=-29','25-53=-28',op_and_digit_balance,2,+,-,8,9,8,,,,,,,'2;5;+;5;3;=;-;2;9','2;5;-;5;3;=;-;2;8'
3093,'29-83=-511','29-83=-54',four_eleven,8,11,4,,,,,,,,,,'2;9;-;8;3;=;-;5;11','2;9;-;8;3;=;-;5;4'
3094,'12=99--87','12-99=-87',swap_-_and_=,2,=,-,5,-,=,,,,,,,'1;2;=;9;9;-;-;8;7','1;2;-;9;9;=;-;8;7'
3095,'71-19=98','77-19=58',digit_to_digit,6,9,5,1,1,7,,,,,,,'7;1;-;1;9;=;9;8','7;7;-;1;9;=;5;8'
3096,'75-99=-17','76-93=-17',digit_to_digit,4,9,3,1,5,6,,,,,,,'7;5;-;9;9;=;-;1;7','7;6;-;9;3;=;-;1;7'
3097,'49-89=-45','43-89=-46',digit_to_digit,1,9,3,8,5,6,,,,,,,'4;9;-;8;9;=;-;4;5','4;3;-;8;9;=;-;4;6'
3098,'20+75=-47','28-75=-47',op_and_digit_balance,2,+,-,1,0,8,,,,,,,'2;0;+;7;5;=;-;4;7','2;8;-;7;5;=;-;4;7'
3099,'44+77=51','44+17=61',digit_to_digit,3,7,1,6,5,6,,,,,,,'4;4;+;7;7;=;5;1','4;4;+;1;7;=;6;1'
3100,'93+20=91','93-2-0=91',,2,+,-,,,,,,,,,,9;3;+;2;0;=;9;1',9;3;-;2;-;0;=;9;1'
3101,'91+53=90','37+53=90',digit_to_digit,0,9,3,1,1,7,,,,,,,'9;1;+;5;3;=;9;0','3;7;+;5;3;=;9;0'
3102,'71+22=43','71-22=49',op_and_digit_balance,2,+,-,7,3,9,,,,,,,'7;1;+;2;2;=;4;3','7;1;-;2;2;=;4;9'
3103,'32+69=-31','32-69=-37',op_and_digit_balance,2,+,-,8,1,7,,,,,,,'3;2;+;6;9;=;-;3;1','3;2;-;6;9;=;-;3;7'
3104,'42=37-5','42-37=5',swap_-_and_=,2,=,-,5,-,=,,,,,,,'4;2;=;3;7;-;5','4;2;-;3;7;=;5'
3105,'49-42=87','45+42=87',op_and_digit_balance,1,9,5,2,-,+,,,,,,,'4;9;-;4;2;=;8;7','4;5;+;4;2;=;8;7'
3106,'44+25=15','44-29=15',op_and_digit_balance,2,+,-,4,5,9,,,,,,,'4;4;+;2;5;=;1;5','4;4;-;2;9;=;1;5'
3107,'82-19=97','82+15=97',op_and_digit_balance,4,9,5,2,-,+,,,,,,,'8;2;-;1;9;=;9;7','8;2;+;1;5;=;9;7'
3108,'75+49=1211','75+49=124',four_eleven,8,11,4,,,,,,,,,,'7;5;+;4;9;=;1;2;11','7;5;+;4;9;=;1;2;4'
3109,'40-53=-4','49-53=-4',within_digit,1,0,9,,,,,,,,,,'4;0;-;5;3;=;-;4','4;9;-;5;3;=;-;4'
3110,'96=12-84','96-12=84',swap_-_and_=,2,=,-,5,-,=,,,,,,,'9;6;=;1;2;-;8;4','9;6;-;1;2;=;8;4'
3111,'11+10=-59','11-70=-59',op_and_digit_balance,1,+,-,2,1,7,,,,,,,'11;+;1;0;=;-;5;9','11;-;7;0;=;-;5;9'
3112,'73-99=-36','73-99=-26',within_digit,7,3,2,,,,,,,,,,'7;3;-;9;9;=;-;3;6','7;3;-;9;9;=;-;2;6'
3113,'14-87=107','14+87=101',op_and_digit_balance,8,7,1,2,-,+,,,,,,,'1;4;-;8;7;=;1;0;7','1;4;+;8;7;=;1;0;1'
3114,'38+57=-29','38-67=-29',op_and_digit_balance,2,+,-,3,5,6,,,,,,,'3;8;+;5;7;=;-;2;9','3;8;-;6;7;=;-;2;9'
3115,'13+68=5','73-68=5',op_and_digit_balance,2,+,-,0,1,7,,,,,,,'1;3;+;6;8;=;5','7;3;-;6;8;=;5'
3116,'72-56=8','72-66=6',digit_to_digit,6,8,6,3,5,6,,,,,,,'7;2;-;5;6;=;8','7;2;-;6;6;=;6'
3117,'75-19=52','75-13=62',digit_to_digit,4,9,3,6,5,6,,,,,,,'7;5;-;1;9;=;5;2','7;5;-;1;3;=;6;2'
3118,'18-90=106','16+90=106',op_and_digit_balance,1,8,6,2,-,+,,,,,,,'1;8;-;9;0;=;1;0;6','1;6;+;9;0;=;1;0;6'
3119,'16+19=94','16+18=34',digit_to_digit,6,9,3,4,9,8,,,,,,,'1;6;+;1;9;=;9;4','1;6;+;1;8;=;3;4'
3120,'96+71=88','96-7-1=88',,2,+,-,,,,,,,,,,9;6;+;7;1;=;8;8',9;6;-;7;-;1;=;8;8'
3121,'32-65=37','92-55=37',digit_to_digit,3,6,5,0,3,9,,,,,,,'3;2;-;6;5;=;3;7','9;2;-;5;5;=;3;7'
3122,'56+97=793','96+97=193',digit_to_digit,6,7,1,0,5,9,,,,,,,'5;6;+;9;7;=;7;9;3','9;6;+;9;7;=;1;9;3'
3123,'35-24=4','35-24=11',four_eleven,6,4,11,,,,,,,,,,'3;5;-;2;4;=;4','3;5;-;2;4;=;11'
3124,'77+78=143','71+78=149',digit_to_digit,1,7,1,8,3,9,,,,,,,'7;7;+;7;8;=;1;4;3','7;1;+;7;8;=;1;4;9'
3125,'63+70=13','63+10=73',digit_to_digit,3,7,1,6,1,7,,,,,,,'6;3;+;7;0;=;1;3','6;3;+;1;0;=;7;3'
3126,'51+15=-24','51-75=-24',op_and_digit_balance,2,+,-,3,1,7,,,,,,,'5;1;+;1;5;=;-;2;4','5;1;-;7;5;=;-;2;4'
3127,'36+81=47','36+81=117',four_eleven,6,4,11,,,,,,,,,,'3;6;+;8;1;=;4;7','3;6;+;8;1;=;11;7'
3128,'92+75=13','92-79=13',op_and_digit_balance,2,+,-,4,5,9,,,,,,,'9;2;+;7;5;=;1;3','9;2;-;7;9;=;1;3'
3129,'24-27=7','34-27=7',within_digit,0,2,3,,,,,,,,,,'2;4;-;2;7;=;7','3;4;-;2;7;=;7'
3130,'11+19=-9','11-19=-8',op_and_digit_balance,1,+,-,6,9,8,,,,,,,'11;+;1;9;=;-;9','11;-;1;9;=;-;8'
3131,'73+89=768','79+89=168',digit_to_digit,6,7,1,1,3,9,,,,,,,'7;3;+;8;9;=;7;6;8','7;9;+;8;9;=;1;6;8'
3132,'21-48=-17','31-48=-17',within_digit,0,2,3,,,,,,,,,,'2;1;-;4;8;=;-;1;7','3;1;-;4;8;=;-;1;7'
3133,'60+11=51','50+11=61',digit_to_digit,0,6,5,5,5,6,,,,,,,'6;0;+;11;=;5;1','5;0;+;11;=;6;1'
3134,'35+67=182','95+67=162',digit_to_digit,7,8,6,0,3,9,,,,,,,'3;5;+;6;7;=;1;8;2','9;5;+;6;7;=;1;6;2'
3135,'89-97=786','89+97=186',op_and_digit_balance,6,7,1,2,-,+,,,,,,,'8;9;-;9;7;=;7;8;6','8;9;+;9;7;=;1;8;6'
3136,'58-22=38','60-22=38',digit_to_digit,1,8,0,0,5,6,,,,,,,'5;8;-;2;2;=;3;8','6;0;-;2;2;=;3;8'
3137,'12-98=34','72-38=34',digit_to_digit,3,9,3,0,1,7,,,,,,,'1;2;-;9;8;=;3;4','7;2;-;3;8;=;3;4'
3138,'76+17=163','76+77=153',digit_to_digit,7,6,5,3,1,7,,,,,,,'7;6;+;1;7;=;1;6;3','7;6;+;7;7;=;1;5;3'
3139,'99-62=91','99-62=37',digit_to_digit,6,9,3,7,1,7,,,,,,,'9;9;-;6;2;=;9;1','9;9;-;6;2;=;3;7'
3140,'91=95--4','91-95=-4',swap_-_and_=,2,=,-,5,-,=,,,,,,,'9;1;=;9;5;-;-;4','9;1;-;9;5;=;-;4'
3141,'91=55-36','91-55=36',swap_-_and_=,2,=,-,5,-,=,,,,,,,'9;1;=;5;5;-;3;6','9;1;-;5;5;=;3;6'
3142,'69+75=104','89+15=104',digit_to_digit,3,7,1,0,6,8,,,,,,,'6;9;+;7;5;=;1;0;4','8;9;+;1;5;=;1;0;4'
3143,'58+22=35','58-22=36',op_and_digit_balance,2,+,-,7,5,6,,,,,,,'5;8;+;2;2;=;3;5','5;8;-;2;2;=;3;6'
3144,'18+22=56','78-22=56',op_and_digit_balance,2,+,-,0,1,7,,,,,,,'1;8;+;2;2;=;5;6','7;8;-;2;2;=;5;6'
3145,'12+84=-12','72-84=-12',op_and_digit_balance,2,+,-,0,1,7,,,,,,,'1;2;+;8;4;=;-;1;2','7;2;-;8;4;=;-;1;2'
3146,'83+33=56','89-33=56',op_and_digit_balance,2,+,-,1,3,9,,,,,,,'8;3;+;3;3;=;5;6','8;9;-;3;3;=;5;6'
3147,'12-58=-78','12-90=-78',digit_to_digit,4,8,0,3,5,9,,,,,,,'1;2;-;5;8;=;-;7;8','1;2;-;9;0;=;-;7;8'
3148,'79-16=-57','19-76=-57',digit_to_digit,0,7,1,3,1,7,,,,,,,'7;9;-;1;6;=;-;5;7','1;9;-;7;6;=;-;5;7'
3149,'24-37=-1','24-31=-7',digit_to_digit,4,7,1,7,1,7,,,,,,,'2;4;-;3;7;=;-;1','2;4;-;3;1;=;-;7'
3150,'37=25-12','37-25=12',swap_-_and_=,2,=,-,5,-,=,,,,,,,'3;7;=;2;5;-;1;2','3;7;-;2;5;=;1;2'
3151,'92-82=774','92+82=174',op_and_digit_balance,6,7,1,2,-,+,,,,,,,'9;2;-;8;2;=;7;7;4','9;2;+;8;2;=;1;7;4'
3152,'33+58=63','33+50=83',digit_to_digit,4,8,0,6,6,8,,,,,,,'3;3;+;5;8;=;6;3','3;3;+;5;0;=;8;3'
3153,'47-72=118','47+72=119',op_and_digit_balance,7,8,9,2,-,+,,,,,,,'4;7;-;7;2;=;11;8','4;7;+;7;2;=;11;9'
3154,'58+27=89','68+21=89',digit_to_digit,4,7,1,0,5,6,,,,,,,'5;8;+;2;7;=;8;9','6;8;+;2;1;=;8;9'
3155,'64-95=158','64+95=159',op_and_digit_balance,8,8,9,2,-,+,,,,,,,'6;4;-;9;5;=;1;5;8','6;4;+;9;5;=;1;5;9'
3156,'65+40=706','66+40=106',digit_to_digit,6,7,1,1,5,6,,,,,,,'6;5;+;4;0;=;7;0;6','6;6;+;4;0;=;1;0;6'
3157,'55-76=49','65-16=49',digit_to_digit,3,7,1,0,5,6,,,,,,,'5;5;-;7;6;=;4;9','6;5;-;1;6;=;4;9'
3158,'82-31=119','82+31=113',op_and_digit_balance,7,9,3,2,-,+,,,,,,,'8;2;-;3;1;=;11;9','8;2;+;3;1;=;11;3'
3159,'35-95=-1','35-36=-1',digit_to_digit,3,9,3,4,5,6,,,,,,,'3;5;-;9;5;=;-;1','3;5;-;3;6;=;-;1'
3160,'66+68=128','68+60=128',digit_to_digit,4,8,0,1,6,8,,,,,,,'6;6;+;6;8;=;1;2;8','6;8;+;6;0;=;1;2;8'
3161,'22+85=708','22+86=108',digit_to_digit,6,7,1,4,5,6,,,,,,,'2;2;+;8;5;=;7;0;8','2;2;+;8;6;=;1;0;8'
3162,'61+12=123','51+72=123',digit_to_digit,0,6,5,3,1,7,,,,,,,'6;1;+;1;2;=;1;2;3','5;1;+;7;2;=;1;2;3'
3163,'89-59=24','89-65=24',digit_to_digit,4,9,5,3,5,6,,,,,,,'8;9;-;5;9;=;2;4','8;9;-;6;5;=;2;4'
3164,'19+64=17','13+64=77',digit_to_digit,1,9,3,6,1,7,,,,,,,'1;9;+;6;4;=;1;7','1;3;+;6;4;=;7;7'
3165,'49+42=6','48-42=6',op_and_digit_balance,2,+,-,1,9,8,,,,,,,'4;9;+;4;2;=;6','4;8;-;4;2;=;6'
3166,'99-45=84','39+45=84',op_and_digit_balance,0,9,3,2,-,+,,,,,,,'9;9;-;4;5;=;8;4','3;9;+;4;5;=;8;4'
3167,'50+22=29','50-22=28',op_and_digit_balance,2,+,-,7,9,8,,,,,,,'5;0;+;2;2;=;2;9','5;0;-;2;2;=;2;8'
3168,'11+86=-15','11-86=-75',op_and_digit_balance,1,+,-,6,1,7,,,,,,,'11;+;8;6;=;-;1;5','11;-;8;6;=;-;7;5'
3169,'21-78=-52','27-79=-52',digit_to_digit,4,8,9,1,1,7,,,,,,,'2;1;-;7;8;=;-;5;2','2;7;-;7;9;=;-;5;2'
3170,'95+89=176','95+83=178',digit_to_digit,4,9,3,8,6,8,,,,,,,'9;5;+;8;9;=;1;7;6','9;5;+;8;3;=;1;7;8'
3171,'21+23=114','21+23=44',four_eleven,6,11,4,,,,,,,,,,'2;1;+;2;3;=;11;4','2;1;+;2;3;=;4;4'
3172,'56+10=85','56+10=66',digit_to_digit,6,8,6,7,5,6,,,,,,,'5;6;+;1;0;=;8;5','5;6;+;1;0;=;6;6'
3173,'94-94=128','94+34=128',op_and_digit_balance,3,9,3,2,-,+,,,,,,,'9;4;-;9;4;=;1;2;8','9;4;+;3;4;=;1;2;8'
3174,'24+50=-36','24-60=-36',op_and_digit_balance,2,+,-,3,5,6,,,,,,,'2;4;+;5;0;=;-;3;6','2;4;-;6;0;=;-;3;6'
3175,'43+71=-34','43-77=-34',op_and_digit_balance,2,+,-,4,1,7,,,,,,,'4;3;+;7;1;=;-;3;4','4;3;-;7;7;=;-;3;4'
3176,'77-81=98','17+81=98',op_and_digit_balance,0,7,1,2,-,+,,,,,,,'7;7;-;8;1;=;9;8','1;7;+;8;1;=;9;8'
3177,'34+75=183','34+75=109',digit_to_digit,7,8,0,8,3,9,,,,,,,'3;4;+;7;5;=;1;8;3','3;4;+;7;5;=;1;0;9'
3178,'60+58=48','60+58=118',four_eleven,6,4,11,,,,,,,,,,'6;0;+;5;8;=;4;8','6;0;+;5;8;=;11;8'
3179,'39+32=731','39+92=131',digit_to_digit,6,7,1,3,3,9,,,,,,,'3;9;+;3;2;=;7;3;1','3;9;+;9;2;=;1;3;1'
3180,'81-21=64','81-27=54',digit_to_digit,6,6,5,4,1,7,,,,,,,'8;1;-;2;1;=;6;4','8;1;-;2;7;=;5;4'
3181,'67+81=6','87-81=6',op_and_digit_balance,2,+,-,0,6,8,,,,,,,'6;7;+;8;1;=;6','8;7;-;8;1;=;6'
3182,'96-87=6','95-87=8',digit_to_digit,1,6,5,6,6,8,,,,,,,'9;6;-;8;7;=;6','9;5;-;8;7;=;8'
3183,'52-19=32','52-19=33',within_digit,7,2,3,,,,,,,,,,'5;2;-;1;9;=;3;2','5;2;-;1;9;=;3;3'
3184,'68-39=108','69+39=108',op_and_digit_balance,1,8,9,2,-,+,,,,,,,'6;8;-;3;9;=;1;0;8','6;9;+;3;9;=;1;0;8'
3185,'90-67=32','99-67=32',within_digit,1,0,9,,,,,,,,,,'9;0;-;6;7;=;3;2','9;9;-;6;7;=;3;2'
3186,'42+30=62','42+20=62',within_digit,3,3,2,,,,,,,,,,'4;2;+;3;0;=;6;2','4;2;+;2;0;=;6;2'
3187,'16-79=-54','16-70=-54',within_digit,4,9,0,,,,,,,,,,'1;6;-;7;9;=;-;5;4','1;6;-;7;0;=;-;5;4'
3188,'50+57=1','58-57=1',op_and_digit_balance,2,+,-,1,0,8,,,,,,,'5;0;+;5;7;=;1','5;8;-;5;7;=;1'
3189,'26+97=122','26+97=123',within_digit,8,2,3,,,,,,,,,,'2;6;+;9;7;=;1;2;2','2;6;+;9;7;=;1;2;3'
3190,'37-58=-37','37-68=-31',digit_to_digit,8,7,1,3,5,6,,,,,,,'3;7;-;5;8;=;-;3;7','3;7;-;6;8;=;-;3;1'
3191,'32+73=19','92-73=19',op_and_digit_balance,2,+,-,0,3,9,,,,,,,'3;2;+;7;3;=;1;9','9;2;-;7;3;=;1;9'
3192,'24-74=38','24+14=38',op_and_digit_balance,3,7,1,2,-,+,,,,,,,'2;4;-;7;4;=;3;8','2;4;+;1;4;=;3;8'
3193,'18+44=722','78+44=122',digit_to_digit,6,7,1,0,1,7,,,,,,,'1;8;+;4;4;=;7;2;2','7;8;+;4;4;=;1;2;2'
3194,'94+28=132','94+38=132',within_digit,3,2,3,,,,,,,,,,'9;4;+;2;8;=;1;3;2','9;4;+;3;8;=;1;3;2'
3195,'45-21=34','45-21=24',within_digit,6,3,2,,,,,,,,,,'4;5;-;2;1;=;3;4','4;5;-;2;1;=;2;4'
3196,'40-35=79','40+35=75',op_and_digit_balance,7,9,5,2,-,+,,,,,,,'4;0;-;3;5;=;7;9','4;0;+;3;5;=;7;5'
3197,'73-28=99','73+26=99',op_and_digit_balance,4,8,6,2,-,+,,,,,,,'7;3;-;2;8;=;9;9','7;3;+;2;6;=;9;9'
3198,'19-59=-43','15-58=-43',digit_to_digit,1,9,5,4,9,8,,,,,,,'1;9;-;5;9;=;-;4;3','1;5;-;5;8;=;-;4;3'
3199,'11-89=94','11+83=94',op_and_digit_balance,3,9,3,1,-,+,,,,,,,'11;-;8;9;=;9;4','11;+;8;3;=;9;4'
3200,'70-19=-8','70-79=-9',digit_to_digit,7,8,9,3,1,7,,,,,,,'7;0;-;1;9;=;-;8','7;0;-;7;9;=;-;9'
3201,'33+22=119','93+22=115',digit_to_digit,7,9,5,0,3,9,,,,,,,'3;3;+;2;2;=;11;9','9;3;+;2;2;=;11;5'
3202,'44=88--44','44-88=-44',swap_-_and_=,2,=,-,5,-,=,,,,,,,'4;4;=;8;8;-;-;4;4','4;4;-;8;8;=;-;4;4'
3203,'18-53=26','79-53=26',digit_to_digit,1,8,9,0,1,7,,,,,,,'1;8;-;5;3;=;2;6','7;9;-;5;3;=;2;6'
3204,'26-12=-47','25-72=-47',digit_to_digit,1,6,5,3,1,7,,,,,,,'2;6;-;1;2;=;-;4;7','2;5;-;7;2;=;-;4;7'
3205,'85-99=45','85-39=46',digit_to_digit,3,9,3,7,5,6,,,,,,,'8;5;-;9;9;=;4;5','8;5;-;3;9;=;4;6'
3206,'96+91=-1','96-97=-1',op_and_digit_balance,2,+,-,4,1,7,,,,,,,'9;6;+;9;1;=;-;1','9;6;-;9;7;=;-;1'
3207,'56+27=39','66-27=39',op_and_digit_balance,2,+,-,0,5,6,,,,,,,'5;6;+;2;7;=;3;9','6;6;-;2;7;=;3;9'
3208,'62+38=128','82+38=120',digit_to_digit,8,8,0,0,6,8,,,,,,,'6;2;+;3;8;=;1;2;8','8;2;+;3;8;=;1;2;0'
3209,'14-39=-15','14-33=-19',digit_to_digit,4,9,3,8,5,9,,,,,,,'1;4;-;3;9;=;-;1;5','1;4;-;3;3;=;-;1;9'
3210,'74+45=28','74-46=28',op_and_digit_balance,2,+,-,4,5,6,,,,,,,'7;4;+;4;5;=;2;8','7;4;-;4;6;=;2;8'
3211,'74+26=46','74-28=46',op_and_digit_balance,2,+,-,4,6,8,,,,,,,'7;4;+;2;6;=;4;6','7;4;-;2;8;=;4;6'
3212,'96+20=724','96+28=124',digit_to_digit,6,7,1,4,0,8,,,,,,,'9;6;+;2;0;=;7;2;4','9;6;+;2;8;=;1;2;4'
3213,'18+54=-46','18-64=-46',op_and_digit_balance,2,+,-,3,5,6,,,,,,,'1;8;+;5;4;=;-;4;6','1;8;-;6;4;=;-;4;6'
3214,'39-55=-77','39-56=-17',digit_to_digit,7,7,1,4,5,6,,,,,,,'3;9;-;5;5;=;-;7;7','3;9;-;5;6;=;-;1;7'
3215,'39+45=-7','39-46=-7',op_and_digit_balance,2,+,-,4,5,6,,,,,,,'3;9;+;4;5;=;-;7','3;9;-;4;6;=;-;7'
3216,'36+62=88','26+62=88',within_digit,0,3,2,,,,,,,,,,'3;6;+;6;2;=;8;8','2;6;+;6;2;=;8;8'
3217,'89+34=122','89+34=123',within_digit,8,2,3,,,,,,,,,,'8;9;+;3;4;=;1;2;2','8;9;+;3;4;=;1;2;3'
3218,'25-72=14','26-12=14',digit_to_digit,3,7,1,1,5,6,,,,,,,'2;5;-;7;2;=;1;4','2;6;-;1;2;=;1;4'
3219,'13-86=79','13+66=79',op_and_digit_balance,3,8,6,2,-,+,,,,,,,'1;3;-;8;6;=;7;9','1;3;+;6;6;=;7;9'
3220,'68=84--16','68-84=-16',swap_-_and_=,2,=,-,5,-,=,,,,,,,'6;8;=;8;4;-;-;1;6','6;8;-;8;4;=;-;1;6'
3221,'31+63=911','31+63=94',four_eleven,7,11,4,,,,,,,,,,'3;1;+;6;3;=;9;11','3;1;+;6;3;=;9;4'
3222,'24+92=55','24+32=56',digit_to_digit,3,9,3,7,5,6,,,,,,,'2;4;+;9;2;=;5;5','2;4;+;3;2;=;5;6'
3223,'29-76=705','29+76=105',op_and_digit_balance,6,7,1,2,-,+,,,,,,,'2;9;-;7;6;=;7;0;5','2;9;+;7;6;=;1;0;5'
3224,'94-57=91','34+57=91',op_and_digit_balance,0,9,3,2,-,+,,,,,,,'9;4;-;5;7;=;9;1','3;4;+;5;7;=;9;1'
3225,'27-67=88','27+61=88',op_and_digit_balance,4,7,1,2,-,+,,,,,,,'2;7;-;6;7;=;8;8','2;7;+;6;1;=;8;8'
3226,'81-98=119','81+38=119',op_and_digit_balance,3,9,3,2,-,+,,,,,,,'8;1;-;9;8;=;11;9','8;1;+;3;8;=;11;9'
3227,'22+41=-13','22-41=-19',op_and_digit_balance,2,+,-,8,3,9,,,,,,,'2;2;+;4;1;=;-;1;3','2;2;-;4;1;=;-;1;9'
3228,'68+22=45','68-22=46',op_and_digit_balance,2,+,-,7,5,6,,,,,,,'6;8;+;2;2;=;4;5','6;8;-;2;2;=;4;6'
3229,'47+34=-47','47-94=-47',op_and_digit_balance,2,+,-,3,3,9,,,,,,,'4;7;+;3;4;=;-;4;7','4;7;-;9;4;=;-;4;7'
3230,'89-81=180','89+91=180',op_and_digit_balance,3,8,9,2,-,+,,,,,,,'8;9;-;8;1;=;1;8;0','8;9;+;9;1;=;1;8;0'
3231,'31=97--66','31-97=-66',swap_-_and_=,2,=,-,5,-,=,,,,,,,'3;1;=;9;7;-;-;6;6','3;1;-;9;7;=;-;6;6'
3232,'88-83=151','68+83=151',op_and_digit_balance,0,8,6,2,-,+,,,,,,,'8;8;-;8;3;=;1;5;1','6;8;+;8;3;=;1;5;1'
3233,'65+88=152','65+88=153',within_digit,8,2,3,,,,,,,,,,'6;5;+;8;8;=;1;5;2','6;5;+;8;8;=;1;5;3'
3234,'75+13=63','76-13=63',op_and_digit_balance,2,+,-,1,5,6,,,,,,,'7;5;+;1;3;=;6;3','7;6;-;1;3;=;6;3'
3235,'64-70=74','64+10=74',op_and_digit_balance,3,7,1,2,-,+,,,,,,,'6;4;-;7;0;=;7;4','6;4;+;1;0;=;7;4'
3236,'83+66=23','89-66=23',op_and_digit_balance,2,+,-,1,3,9,,,,,,,'8;3;+;6;6;=;2;3','8;9;-;6;6;=;2;3'
3237,'78+10=8','78-70=8',op_and_digit_balance,2,+,-,3,1,7,,,,,,,'7;8;+;1;0;=;8','7;8;-;7;0;=;8'
3238,'85=73-12','85-73=12',swap_-_and_=,2,=,-,5,-,=,,,,,,,'8;5;=;7;3;-;1;2','8;5;-;7;3;=;1;2'
3239,'90+17=13','90-77=13',op_and_digit_balance,2,+,-,3,1,7,,,,,,,'9;0;+;1;7;=;1;3','9;0;-;7;7;=;1;3'
3240,'94+30=54','34+30=64',digit_to_digit,0,9,3,6,5,6,,,,,,,'9;4;+;3;0;=;5;4','3;4;+;3;0;=;6;4'
3241,'35+53=-24','35-59=-24',op_and_digit_balance,2,+,-,4,3,9,,,,,,,'3;5;+;5;3;=;-;2;4','3;5;-;5;9;=;-;2;4'
3242,'15-19=-11','15-19=-4',four_eleven,7,11,4,,,,,,,,,,'1;5;-;1;9;=;-;11','1;5;-;1;9;=;-;4'
3243,'37-88=105','37+68=105',op_and_digit_balance,3,8,6,2,-,+,,,,,,,'3;7;-;8;8;=;1;0;5','3;7;+;6;8;=;1;0;5'
3244,'48-78=118','40+78=118',op_and_digit_balance,1,8,0,2,-,+,,,,,,,'4;8;-;7;8;=;11;8','4;0;+;7;8;=;11;8'
3245,'52+48=14','62-48=14',op_and_digit_balance,2,+,-,0,5,6,,,,,,,'5;2;+;4;8;=;1;4','6;2;-;4;8;=;1;4'
3246,'62+51=5','62-57=5',op_and_digit_balance,2,+,-,4,1,7,,,,,,,'6;2;+;5;1;=;5','6;2;-;5;7;=;5'
3247,'71-19=-2','71-73=-2',digit_to_digit,4,9,3,3,1,7,,,,,,,'7;1;-;1;9;=;-;2','7;1;-;7;3;=;-;2'
3248,'83-96=-14','82-96=-14',within_digit,1,3,2,,,,,,,,,,'8;3;-;9;6;=;-;1;4','8;2;-;9;6;=;-;1;4'
3249,'83+45=734','89+45=134',digit_to_digit,6,7,1,1,3,9,,,,,,,'8;3;+;4;5;=;7;3;4','8;9;+;4;5;=;1;3;4'
3250,'30-70=-110','30-70=-40',four_eleven,7,11,4,,,,,,,,,,'3;0;-;7;0;=;-;11;0','3;0;-;7;0;=;-;4;0'
3251,'97-97=134','97+37=134',op_and_digit_balance,3,9,3,2,-,+,,,,,,,'9;7;-;9;7;=;1;3;4','9;7;+;3;7;=;1;3;4'
3252,'53=24-29','53-24=29',swap_-_and_=,2,=,-,5,-,=,,,,,,,'5;3;=;2;4;-;2;9','5;3;-;2;4;=;2;9'
3253,'14-30=-75','14-30=-16',digit_to_digit,7,7,1,8,5,6,,,,,,,'1;4;-;3;0;=;-;7;5','1;4;-;3;0;=;-;1;6'
3254,'22+71=-43','22-71=-49',op_and_digit_balance,2,+,-,8,3,9,,,,,,,'2;2;+;7;1;=;-;4;3','2;2;-;7;1;=;-;4;9'
3255,'85-40=115','85-40=45',four_eleven,6,11,4,,,,,,,,,,'8;5;-;4;0;=;11;5','8;5;-;4;0;=;4;5'
3256,'63+67=2','69-67=2',op_and_digit_balance,2,+,-,1,3,9,,,,,,,'6;3;+;6;7;=;2','6;9;-;6;7;=;2'
3257,'74-85=158','74+85=159',op_and_digit_balance,8,8,9,2,-,+,,,,,,,'7;4;-;8;5;=;1;5;8','7;4;+;8;5;=;1;5;9'
3258,'48-32=9','40-32=8',digit_to_digit,1,8,0,6,9,8,,,,,,,'4;8;-;3;2;=;9','4;0;-;3;2;=;8'
3259,'44+72=46','44+72=116',four_eleven,6,4,11,,,,,,,,,,'4;4;+;7;2;=;4;6','4;4;+;7;2;=;11;6'
3260,'25-94=-23','25-54=-29',digit_to_digit,3,9,5,8,3,9,,,,,,,'2;5;-;9;4;=;-;2;3','2;5;-;5;4;=;-;2;9'
3261,'38-86=-20','38-66=-28',digit_to_digit,3,8,6,8,0,8,,,,,,,'3;8;-;8;6;=;-;2;0','3;8;-;6;6;=;-;2;8'
3262,'85+94=188','86+94=180',digit_to_digit,8,8,0,1,5,6,,,,,,,'8;5;+;9;4;=;1;8;8','8;6;+;9;4;=;1;8;0'
3263,'63+37=114','83+31=114',digit_to_digit,4,7,1,0,6,8,,,,,,,'6;3;+;3;7;=;11;4','8;3;+;3;1;=;11;4'
3264,'80=92--12','80-92=-12',swap_-_and_=,2,=,-,5,-,=,,,,,,,'8;0;=;9;2;-;-;1;2','8;0;-;9;2;=;-;1;2'
3265,'14+99=183','14+89=103',digit_to_digit,7,8,0,3,9,8,,,,,,,'1;4;+;9;9;=;1;8;3','1;4;+;8;9;=;1;0;3'
3266,'59-48=707','59+48=107',op_and_digit_balance,6,7,1,2,-,+,,,,,,,'5;9;-;4;8;=;7;0;7','5;9;+;4;8;=;1;0;7'
3267,'61+22=13','51+22=73',digit_to_digit,0,6,5,6,1,7,,,,,,,'6;1;+;2;2;=;1;3','5;1;+;2;2;=;7;3'
3268,'56-11=56','66-11=55',digit_to_digit,6,6,5,0,5,6,,,,,,,'5;6;-;11;=;5;6','6;6;-;11;=;5;5'
3269,'35+22=73','95-22=73',op_and_digit_balance,2,+,-,0,3,9,,,,,,,'3;5;+;2;2;=;7;3','9;5;-;2;2;=;7;3'
3270,'35-95=90','35+55=90',op_and_digit_balance,3,9,5,2,-,+,,,,,,,'3;5;-;9;5;=;9;0','3;5;+;5;5;=;9;0'
3271,'18-68=20','78-58=20',digit_to_digit,3,6,5,0,1,7,,,,,,,'1;8;-;6;8;=;2;0','7;8;-;5;8;=;2;0'
3272,'74+31=-17','74-91=-17',op_and_digit_balance,2,+,-,3,3,9,,,,,,,'7;4;+;3;1;=;-;1;7','7;4;-;9;1;=;-;1;7'
3273,'32+79=102','32+70=102',within_digit,4,9,0,,,,,,,,,,'3;2;+;7;9;=;1;0;2','3;2;+;7;0;=;1;0;2'
3274,'42+51=-19','42-61=-19',op_and_digit_balance,2,+,-,3,5,6,,,,,,,'4;2;+;5;1;=;-;1;9','4;2;-;6;1;=;-;1;9'
3275,'48=48-0','48-48=0',swap_-_and_=,2,=,-,5,-,=,,,,,,,'4;8;=;4;8;-;0','4;8;-;4;8;=;0'
3276,'58+74=82','68+14=82',digit_to_digit,3,7,1,0,5,6,,,,,,,'5;8;+;7;4;=;8;2','6;8;+;1;4;=;8;2'
3277,'81-97=0','81-81=0',digit_to_digit,4,7,1,3,9,8,,,,,,,'8;1;-;9;7;=;0','8;1;-;8;1;=;0'
3278,'70-14=24','10+14=24',op_and_digit_balance,0,7,1,2,-,+,,,,,,,'7;0;-;1;4;=;2;4','1;0;+;1;4;=;2;4'
3279,'82+32=34','62+32=94',digit_to_digit,0,8,6,6,3,9,,,,,,,'8;2;+;3;2;=;3;4','6;2;+;3;2;=;9;4'
3280,'86+57=-11','86-97=-11',op_and_digit_balance,2,+,-,3,5,9,,,,,,,'8;6;+;5;7;=;-;11','8;6;-;9;7;=;-;11'
3281,'18-84=-45','18-64=-46',digit_to_digit,3,8,6,8,5,6,,,,,,,'1;8;-;8;4;=;-;4;5','1;8;-;6;4;=;-;4;6'
3282,'87+10=757','87+70=157',digit_to_digit,6,7,1,3,1,7,,,,,,,'8;7;+;1;0;=;7;5;7','8;7;+;7;0;=;1;5;7'
3283,'87-21=80','87-27=60',digit_to_digit,6,8,6,4,1,7,,,,,,,'8;7;-;2;1;=;8;0','8;7;-;2;7;=;6;0'
3284,'11=31--20','11-31=-20',swap_-_and_=,1,=,-,4,-,=,,,,,,,'11;=;3;1;-;-;2;0','11;-;3;1;=;-;2;0'
3285,'77-81=138','77+61=138',op_and_digit_balance,3,8,6,2,-,+,,,,,,,'7;7;-;8;1;=;1;3;8','7;7;+;6;1;=;1;3;8'
3286,'34-22=66','34+22=56',op_and_digit_balance,6,6,5,2,-,+,,,,,,,'3;4;-;2;2;=;6;6','3;4;+;2;2;=;5;6'
3287,'60+25=34','60-26=34',op_and_digit_balance,2,+,-,4,5,6,,,,,,,'6;0;+;2;5;=;3;4','6;0;-;2;6;=;3;4'
3288,'59+25=33','59-26=33',op_and_digit_balance,2,+,-,4,5,6,,,,,,,'5;9;+;2;5;=;3;3','5;9;-;2;6;=;3;3'
3289,'41-12=59','41+12=53',op_and_digit_balance,7,9,3,2,-,+,,,,,,,'4;1;-;1;2;=;5;9','4;1;+;1;2;=;5;3'
3290,'28-71=11','28-17=11',digit_to_digit,3,7,1,4,1,7,,,,,,,'2;8;-;7;1;=;11','2;8;-;1;7;=;11'
3291,'54+91=755','64+91=155',digit_to_digit,6,7,1,0,5,6,,,,,,,'5;4;+;9;1;=;7;5;5','6;4;+;9;1;=;1;5;5'
3292,'63-96=25','63-38=25',digit_to_digit,3,9,3,4,6,8,,,,,,,'6;3;-;9;6;=;2;5','6;3;-;3;8;=;2;5'
3293,'12+93=104','12+92=104',within_digit,4,3,2,,,,,,,,,,'1;2;+;9;3;=;1;0;4','1;2;+;9;2;=;1;0;4'
3294,'51+31=722','91+31=122',digit_to_digit,6,7,1,0,5,9,,,,,,,'5;1;+;3;1;=;7;2;2','9;1;+;3;1;=;1;2;2'
3295,'95+57=102','35+67=102',digit_to_digit,0,9,3,3,5,6,,,,,,,'9;5;+;5;7;=;1;0;2','3;5;+;6;7;=;1;0;2'
3296,'92-75=127','52+75=127',op_and_digit_balance,0,9,5,2,-,+,,,,,,,'9;2;-;7;5;=;1;2;7','5;2;+;7;5;=;1;2;7'
3297,'24=52--28','24-52=-28',swap_-_and_=,2,=,-,5,-,=,,,,,,,'2;4;=;5;2;-;-;2;8','2;4;-;5;2;=;-;2;8'
3298,'80=37-43','80-37=43',swap_-_and_=,2,=,-,5,-,=,,,,,,,'8;0;=;3;7;-;4;3','8;0;-;3;7;=;4;3'
3299,'88-12=17','89-72=17',digit_to_digit,1,8,9,3,1,7,,,,,,,'8;8;-;1;2;=;1;7','8;9;-;7;2;=;1;7'
3300,'21+57=-30','27-57=-30',op_and_digit_balance,2,+,-,1,1,7,,,,,,,'2;1;+;5;7;=;-;3;0','2;7;-;5;7;=;-;3;0'
3301,'52-19=31','52-15=37',digit_to_digit,4,9,5,7,1,7,,,,,,,'5;2;-;1;9;=;3;1','5;2;-;1;5;=;3;7'
3302,'21=94--73','21-94=-73',swap_-_and_=,2,=,-,5,-,=,,,,,,,'2;1;=;9;4;-;-;7;3','2;1;-;9;4;=;-;7;3'
3303,'20-95=-7','28-35=-7',digit_to_digit,3,9,3,1,0,8,,,,,,,'2;0;-;9;5;=;-;7','2;8;-;3;5;=;-;7'
3304,'45+43=3','46-43=3',op_and_digit_balance,2,+,-,1,5,6,,,,,,,'4;5;+;4;3;=;3','4;6;-;4;3;=;3'
3305,'91+98=-1','91-98=-7',op_and_digit_balance,2,+,-,7,1,7,,,,,,,'9;1;+;9;8;=;-;1','9;1;-;9;8;=;-;7'
3306,'17+33=49','17+32=49',within_digit,4,3,2,,,,,,,,,,'1;7;+;3;3;=;4;9','1;7;+;3;2;=;4;9'
3307,'99+21=18','99-21=78',op_and_digit_balance,2,+,-,6,1,7,,,,,,,'9;9;+;2;1;=;1;8','9;9;-;2;1;=;7;8'
3308,'91+93=1811','91+93=184',four_eleven,8,11,4,,,,,,,,,,'9;1;+;9;3;=;1;8;11','9;1;+;9;3;=;1;8;4'
3309,'64-61=7','64-57=7',digit_to_digit,3,6,5,4,1,7,,,,,,,'6;4;-;6;1;=;7','6;4;-;5;7;=;7'
3310,'28-41=-79','28-47=-19',digit_to_digit,7,7,1,4,1,7,,,,,,,'2;8;-;4;1;=;-;7;9','2;8;-;4;7;=;-;1;9'
3311,'47=77--30','47-77=-30',swap_-_and_=,2,=,-,5,-,=,,,,,,,'4;7;=;7;7;-;-;3;0','4;7;-;7;7;=;-;3;0'
3312,'67+80=7','87-80=7',op_and_digit_balance,2,+,-,0,6,8,,,,,,,'6;7;+;8;0;=;7','8;7;-;8;0;=;7'
3313,'87+86=176','87+88=175',digit_to_digit,8,6,5,4,6,8,,,,,,,'8;7;+;8;6;=;1;7;6','8;7;+;8;8;=;1;7;5'
3314,'84-47=141','94+47=141',op_and_digit_balance,0,8,9,2,-,+,,,,,,,'8;4;-;4;7;=;1;4;1','9;4;+;4;7;=;1;4;1'
3315,'34-74=80','94-14=80',digit_to_digit,3,7,1,0,3,9,,,,,,,'3;4;-;7;4;=;8;0','9;4;-;1;4;=;8;0'
3316,'22-46=88','22+46=68',op_and_digit_balance,6,8,6,2,-,+,,,,,,,'2;2;-;4;6;=;8;8','2;2;+;4;6;=;6;8'
3317,'14+81=-61','14-81=-67',op_and_digit_balance,2,+,-,8,1,7,,,,,,,'1;4;+;8;1;=;-;6;1','1;4;-;8;1;=;-;6;7'
3318,'98-22=15','38-22=16',digit_to_digit,0,9,3,7,5,6,,,,,,,'9;8;-;2;2;=;1;5','3;8;-;2;2;=;1;6'
3319,'90+31=131','90+31=121',within_digit,7,3,2,,,,,,,,,,'9;0;+;3;1;=;1;3;1','9;0;+;3;1;=;1;2;1'
3320,'57+59=150','51+99=150',digit_to_digit,1,7,1,3,5,9,,,,,,,'5;7;+;5;9;=;1;5;0','5;1;+;9;9;=;1;5;0'
3321,'73-87=-68','19-87=-68',digit_to_digit,0,7,1,1,3,9,,,,,,,'7;3;-;8;7;=;-;6;8','1;9;-;8;7;=;-;6;8'
3322,'89+59=749','89+59=148',digit_to_digit,6,7,1,8,9,8,,,,,,,'8;9;+;5;9;=;7;4;9','8;9;+;5;9;=;1;4;8'
3323,'29-80=105','25+80=105',op_and_digit_balance,1,9,5,2,-,+,,,,,,,'2;9;-;8;0;=;1;0;5','2;5;+;8;0;=;1;0;5'
3324,'59-36=91','55+36=91',op_and_digit_balance,1,9,5,2,-,+,,,,,,,'5;9;-;3;6;=;9;1','5;5;+;3;6;=;9;1'
3325,'65-98=103','65+38=103',op_and_digit_balance,3,9,3,2,-,+,,,,,,,'6;5;-;9;8;=;1;0;3','6;5;+;3;8;=;1;0;3'
3326,'18+48=726','78+48=126',digit_to_digit,6,7,1,0,1,7,,,,,,,'1;8;+;4;8;=;7;2;6','7;8;+;4;8;=;1;2;6'
3327,'39+36=73','35+38=73',digit_to_digit,1,9,5,4,6,8,,,,,,,'3;9;+;3;6;=;7;3','3;5;+;3;8;=;7;3'
3328,'55+35=30','65-35=30',op_and_digit_balance,2,+,-,0,5,6,,,,,,,'5;5;+;3;5;=;3;0','6;5;-;3;5;=;3;0'
3329,'51-90=27','57-30=27',digit_to_digit,3,9,3,1,1,7,,,,,,,'5;1;-;9;0;=;2;7','5;7;-;3;0;=;2;7'
3330,'89-66=135','69+66=135',op_and_digit_balance,0,8,6,2,-,+,,,,,,,'8;9;-;6;6;=;1;3;5','6;9;+;6;6;=;1;3;5'
3331,'95+23=62','85-23=62',op_and_digit_balance,2,+,-,0,9,8,,,,,,,'9;5;+;2;3;=;6;2','8;5;-;2;3;=;6;2'
3332,'64-88=153','64+89=153',op_and_digit_balance,4,8,9,2,-,+,,,,,,,'6;4;-;8;8;=;1;5;3','6;4;+;8;9;=;1;5;3'
3333,'42-70=-38','42-70=-28',within_digit,7,3,2,,,,,,,,,,'4;2;-;7;0;=;-;3;8','4;2;-;7;0;=;-;2;8'
3334,'43-98=81','43+38=81',op_and_digit_balance,3,9,3,2,-,+,,,,,,,'4;3;-;9;8;=;8;1','4;3;+;3;8;=;8;1'
3335,'82=69-13','82-69=13',swap_-_and_=,2,=,-,5,-,=,,,,,,,'8;2;=;6;9;-;1;3','8;2;-;6;9;=;1;3'
3336,'25-58=-23','25-58=-33',within_digit,7,2,3,,,,,,,,,,'2;5;-;5;8;=;-;2;3','2;5;-;5;8;=;-;3;3'
3337,'31+93=-56','37-93=-56',op_and_digit_balance,2,+,-,1,1,7,,,,,,,'3;1;+;9;3;=;-;5;6','3;7;-;9;3;=;-;5;6'
3338,'89-12=11','83-72=11',digit_to_digit,1,9,3,3,1,7,,,,,,,'8;9;-;1;2;=;11','8;3;-;7;2;=;11'
3339,'21+85=-58','27-85=-58',op_and_digit_balance,2,+,-,1,1,7,,,,,,,'2;1;+;8;5;=;-;5;8','2;7;-;8;5;=;-;5;8'
3340,'83=63-20','83-63=20',swap_-_and_=,2,=,-,5,-,=,,,,,,,'8;3;=;6;3;-;2;0','8;3;-;6;3;=;2;0'
3341,'94+84=148','84+64=148',digit_to_digit,3,8,6,0,9,8,,,,,,,'9;4;+;8;4;=;1;4;8','8;4;+;6;4;=;1;4;8'
3342,'59+32=97','55+32=87',digit_to_digit,1,9,5,6,9,8,,,,,,,'5;9;+;3;2;=;9;7','5;5;+;3;2;=;8;7'
3343,'61+54=129','61+64=125',digit_to_digit,8,9,5,3,5,6,,,,,,,'6;1;+;5;4;=;1;2;9','6;1;+;6;4;=;1;2;5'
3344,'91-85=116','31+85=116',op_and_digit_balance,0,9,3,2,-,+,,,,,,,'9;1;-;8;5;=;11;6','3;1;+;8;5;=;11;6'
3345,'32=72--40','32-72=-40',swap_-_and_=,2,=,-,5,-,=,,,,,,,'3;2;=;7;2;-;-;4;0','3;2;-;7;2;=;-;4;0'
3346,'34-78=52','34+18=52',op_and_digit_balance,3,7,1,2,-,+,,,,,,,'3;4;-;7;8;=;5;2','3;4;+;1;8;=;5;2'
3347,'33-70=109','33+70=103',op_and_digit_balance,8,9,3,2,-,+,,,,,,,'3;3;-;7;0;=;1;0;9','3;3;+;7;0;=;1;0;3'
3348,'68-51=120','69+51=120',op_and_digit_balance,1,8,9,2,-,+,,,,,,,'6;8;-;5;1;=;1;2;0','6;9;+;5;1;=;1;2;0'
3349,'83-96=139','83+56=139',op_and_digit_balance,3,9,5,2,-,+,,,,,,,'8;3;-;9;6;=;1;3;9','8;3;+;5;6;=;1;3;9'
3350,'34-48=80','34+46=80',op_and_digit_balance,4,8,6,2,-,+,,,,,,,'3;4;-;4;8;=;8;0','3;4;+;4;6;=;8;0'
3351,'18+17=21','10+17=27',digit_to_digit,1,8,0,7,1,7,,,,,,,'1;8;+;1;7;=;2;1','1;0;+;1;7;=;2;7'
3352,'27-39=68','27+39=66',op_and_digit_balance,7,8,6,2,-,+,,,,,,,'2;7;-;3;9;=;6;8','2;7;+;3;9;=;6;6'
3353,'98-86=194','98+96=194',op_and_digit_balance,3,8,9,2,-,+,,,,,,,'9;8;-;8;6;=;1;9;4','9;8;+;9;6;=;1;9;4'
3354,'24+19=99','24+75=99',digit_to_digit,4,9,5,3,1,7,,,,,,,'2;4;+;1;9;=;9;9','2;4;+;7;5;=;9;9'
3355,'17=94--77','17-94=-77',swap_-_and_=,2,=,-,5,-,=,,,,,,,'1;7;=;9;4;-;-;7;7','1;7;-;9;4;=;-;7;7'
3356,'25=85--60','25-85=-60',swap_-_and_=,2,=,-,5,-,=,,,,,,,'2;5;=;8;5;-;-;6;0','2;5;-;8;5;=;-;6;0'
3357,'77-47=118','77+41=118',op_and_digit_balance,4,7,1,2,-,+,,,,,,,'7;7;-;4;7;=;11;8','7;7;+;4;1;=;11;8'
3358,'76-42=58','16+42=58',op_and_digit_balance,0,7,1,2,-,+,,,,,,,'7;6;-;4;2;=;5;8','1;6;+;4;2;=;5;8'
3359,'93+28=131','93+38=131',within_digit,3,2,3,,,,,,,,,,'9;3;+;2;8;=;1;3;1','9;3;+;3;8;=;1;3;1'
3360,'84-92=116','84+32=116',op_and_digit_balance,3,9,3,2,-,+,,,,,,,'8;4;-;9;2;=;11;6','8;4;+;3;2;=;11;6'
3361,'49-47=98','49+47=96',op_and_digit_balance,7,8,6,2,-,+,,,,,,,'4;9;-;4;7;=;9;8','4;9;+;4;7;=;9;6'
3362,'58-88=138','50+88=138',op_and_digit_balance,1,8,0,2,-,+,,,,,,,'5;8;-;8;8;=;1;3;8','5;0;+;8;8;=;1;3;8'
3363,'59-80=138','59+80=139',op_and_digit_balance,8,8,9,2,-,+,,,,,,,'5;9;-;8;0;=;1;3;8','5;9;+;8;0;=;1;3;9'
3364,'22+95=127','32+95=127',within_digit,0,2,3,,,,,,,,,,'2;2;+;9;5;=;1;2;7','3;2;+;9;5;=;1;2;7'
3365,'75+16=53','75-16=59',op_and_digit_balance,2,+,-,7,3,9,,,,,,,'7;5;+;1;6;=;5;3','7;5;-;1;6;=;5;9'
3366,'40+21=15','40-21=19',op_and_digit_balance,2,+,-,7,5,9,,,,,,,'4;0;+;2;1;=;1;5','4;0;-;2;1;=;1;9'
3367,'50+90=748','58+90=148',digit_to_digit,6,7,1,1,0,8,,,,,,,'5;0;+;9;0;=;7;4;8','5;8;+;9;0;=;1;4;8'
3368,'20+10=-50','20-70=-50',op_and_digit_balance,2,+,-,3,1,7,,,,,,,'2;0;+;1;0;=;-;5;0','2;0;-;7;0;=;-;5;0'
3369,'13-11=1','12-11=1',within_digit,1,3,2,,,,,,,,,,'1;3;-;11;=;1','1;2;-;11;=;1'
3370,'57-54=-13','51-64=-13',digit_to_digit,1,7,1,3,5,6,,,,,,,'5;7;-;5;4;=;-;1;3','5;1;-;6;4;=;-;1;3'
3371,'54-35=29','54-25=29',within_digit,3,3,2,,,,,,,,,,'5;4;-;3;5;=;2;9','5;4;-;2;5;=;2;9'
3372,'89+61=27','88-61=27',op_and_digit_balance,2,+,-,1,9,8,,,,,,,'8;9;+;6;1;=;2;7','8;8;-;6;1;=;2;7'
3373,'23-55=-96','23-59=-36',digit_to_digit,7,9,3,4,5,9,,,,,,,'2;3;-;5;5;=;-;9;6','2;3;-;5;9;=;-;3;6'
3374,'35+79=-43','35-78=-43',op_and_digit_balance,2,+,-,4,9,8,,,,,,,'3;5;+;7;9;=;-;4;3','3;5;-;7;8;=;-;4;3'
3375,'29+22=41','25+22=47',digit_to_digit,1,9,5,7,1,7,,,,,,,'2;9;+;2;2;=;4;1','2;5;+;2;2;=;4;7'
3376,'18-94=24','78-54=24',digit_to_digit,3,9,5,0,1,7,,,,,,,'1;8;-;9;4;=;2;4','7;8;-;5;4;=;2;4'
3377,'96-87=189','96+87=183',op_and_digit_balance,8,9,3,2,-,+,,,,,,,'9;6;-;8;7;=;1;8;9','9;6;+;8;7;=;1;8;3'
3378,'33-85=-53','33-85=-52',within_digit,8,3,2,,,,,,,,,,'3;3;-;8;5;=;-;5;3','3;3;-;8;5;=;-;5;2'
3379,'72+39=101','72+29=101',within_digit,3,3,2,,,,,,,,,,'7;2;+;3;9;=;1;0;1','7;2;+;2;9;=;1;0;1'
3380,'70-28=99','70+29=99',op_and_digit_balance,4,8,9,2,-,+,,,,,,,'7;0;-;2;8;=;9;9','7;0;+;2;9;=;9;9'
3381,'95+29=119','96+23=119',digit_to_digit,4,9,3,1,5,6,,,,,,,'9;5;+;2;9;=;11;9','9;6;+;2;3;=;11;9'
3382,'52-98=-28','62-90=-28',digit_to_digit,4,8,0,0,5,6,,,,,,,'5;2;-;9;8;=;-;2;8','6;2;-;9;0;=;-;2;8'
3383,'53+25=38','63-25=38',op_and_digit_balance,2,+,-,0,5,6,,,,,,,'5;3;+;2;5;=;3;8','6;3;-;2;5;=;3;8'
3384,'96-68=184','96+68=164',op_and_digit_balance,7,8,6,2,-,+,,,,,,,'9;6;-;6;8;=;1;8;4','9;6;+;6;8;=;1;6;4'
3385,'71+51=65','71-5-1=65',,2,+,-,,,,,,,,,,7;1;+;5;1;=;6;5',7;1;-;5;-;1;=;6;5'
3386,'97-87=164','97+67=164',op_and_digit_balance,3,8,6,2,-,+,,,,,,,'9;7;-;8;7;=;1;6;4','9;7;+;6;7;=;1;6;4'
3387,'64-98=182','64+98=162',op_and_digit_balance,7,8,6,2,-,+,,,,,,,'6;4;-;9;8;=;1;8;2','6;4;+;9;8;=;1;6;2'
3388,'99=58-41','99-58=41',swap_-_and_=,2,=,-,5,-,=,,,,,,,'9;9;=;5;8;-;4;1','9;9;-;5;8;=;4;1'
3389,'26+39=-11','28-39=-11',op_and_digit_balance,2,+,-,1,6,8,,,,,,,'2;6;+;3;9;=;-;11','2;8;-;3;9;=;-;11'
3390,'29=51--22','29-51=-22',swap_-_and_=,2,=,-,5,-,=,,,,,,,'2;9;=;5;1;-;-;2;2','2;9;-;5;1;=;-;2;2'
3391,'50-28=76','50+26=76',op_and_digit_balance,4,8,6,2,-,+,,,,,,,'5;0;-;2;8;=;7;6','5;0;+;2;6;=;7;6'
3392,'14+11=63','74-11=63',op_and_digit_balance,2,+,-,0,1,7,,,,,,,'1;4;+;11;=;6;3','7;4;-;11;=;6;3'
3393,'73-88=-8','79-88=-9',digit_to_digit,7,8,9,1,3,9,,,,,,,'7;3;-;8;8;=;-;8','7;9;-;8;8;=;-;9'
3394,'74-87=761','74+87=161',op_and_digit_balance,6,7,1,2,-,+,,,,,,,'7;4;-;8;7;=;7;6;1','7;4;+;8;7;=;1;6;1'
3395,'91-93=-68','31-99=-68',digit_to_digit,0,9,3,4,3,9,,,,,,,'9;1;-;9;3;=;-;6;8','3;1;-;9;9;=;-;6;8'
3396,'14-72=-99','14-72=-58',digit_to_digit,7,9,5,8,9,8,,,,,,,'1;4;-;7;2;=;-;9;9','1;4;-;7;2;=;-;5;8'
3397,'31-80=-119','31-80=-49',four_eleven,7,11,4,,,,,,,,,,'3;1;-;8;0;=;-;11;9','3;1;-;8;0;=;-;4;9'
3398,'84+85=-2','84-86=-2',op_and_digit_balance,2,+,-,4,5,6,,,,,,,'8;4;+;8;5;=;-;2','8;4;-;8;6;=;-;2'
3399,'36-49=89','36+49=85',op_and_digit_balance,7,9,5,2,-,+,,,,,,,'3;6;-;4;9;=;8;9','3;6;+;4;9;=;8;5'
3400,'92+76=79','92-7-6=79',,2,+,-,,,,,,,,,,9;2;+;7;6;=;7;9',9;2;-;7;-;6;=;7;9'
3401,'50+53=-13','50-63=-13',op_and_digit_balance,2,+,-,3,5,6,,,,,,,'5;0;+;5;3;=;-;1;3','5;0;-;6;3;=;-;1;3'
3402,'58-42=75','58-42=16',digit_to_digit,6,7,1,7,5,6,,,,,,,'5;8;-;4;2;=;7;5','5;8;-;4;2;=;1;6'
3403,'95+57=102','35+67=102',digit_to_digit,0,9,3,3,5,6,,,,,,,'9;5;+;5;7;=;1;0;2','3;5;+;6;7;=;1;0;2'
3404,'16-46=61','16+45=61',op_and_digit_balance,4,6,5,2,-,+,,,,,,,'1;6;-;4;6;=;6;1','1;6;+;4;5;=;6;1'
3405,'37+18=109','31+78=109',digit_to_digit,1,7,1,3,1,7,,,,,,,'3;7;+;1;8;=;1;0;9','3;1;+;7;8;=;1;0;9'
3406,'25-44=-10','25-44=-19',within_digit,8,0,9,,,,,,,,,,'2;5;-;4;4;=;-;1;0','2;5;-;4;4;=;-;1;9'
3407,'12-16=-63','12-75=-63',digit_to_digit,4,6,5,3,1,7,,,,,,,'1;2;-;1;6;=;-;6;3','1;2;-;7;5;=;-;6;3'
3408,'93-71=124','53+71=124',op_and_digit_balance,0,9,5,2,-,+,,,,,,,'9;3;-;7;1;=;1;2;4','5;3;+;7;1;=;1;2;4'
3409,'25+15=11','26-15=11',op_and_digit_balance,2,+,-,1,5,6,,,,,,,'2;5;+;1;5;=;11','2;6;-;1;5;=;11'
3410,'43-38=87','43+38=81',op_and_digit_balance,7,7,1,2,-,+,,,,,,,'4;3;-;3;8;=;8;7','4;3;+;3;8;=;8;1'
3411,'28+53=79','20+59=79',digit_to_digit,1,8,0,4,3,9,,,,,,,'2;8;+;5;3;=;7;9','2;0;+;5;9;=;7;9'
3412,'85+98=164','66+98=164',digit_to_digit,0,8,6,1,5,6,,,,,,,'8;5;+;9;8;=;1;6;4','6;6;+;9;8;=;1;6;4'
3413,'38+64=92','28+64=92',within_digit,0,3,2,,,,,,,,,,'3;8;+;6;4;=;9;2','2;8;+;6;4;=;9;2'
3414,'38+16=82','98-16=82',op_and_digit_balance,2,+,-,0,3,9,,,,,,,'3;8;+;1;6;=;8;2','9;8;-;1;6;=;8;2'
3415,'35+39=128','35+93=128',digit_to_digit,4,9,3,3,3,9,,,,,,,'3;5;+;3;9;=;1;2;8','3;5;+;9;3;=;1;2;8'
3416,'99-16=109','93+16=109',op_and_digit_balance,1,9,3,2,-,+,,,,,,,'9;9;-;1;6;=;1;0;9','9;3;+;1;6;=;1;0;9'
3417,'87-37=724','87+37=124',op_and_digit_balance,6,7,1,2,-,+,,,,,,,'8;7;-;3;7;=;7;2;4','8;7;+;3;7;=;1;2;4'
3418,'93+73=10','83-73=10',op_and_digit_balance,2,+,-,0,9,8,,,,,,,'9;3;+;7;3;=;1;0','8;3;-;7;3;=;1;0'
3419,'37+39=58','97-39=58',op_and_digit_balance,2,+,-,0,3,9,,,,,,,'3;7;+;3;9;=;5;8','9;7;-;3;9;=;5;8'
3420,'77=39-38','77-39=38',swap_-_and_=,2,=,-,5,-,=,,,,,,,'7;7;=;3;9;-;3;8','7;7;-;3;9;=;3;8'
3421,'98-39=737','98+39=137',op_and_digit_balance,6,7,1,2,-,+,,,,,,,'9;8;-;3;9;=;7;3;7','9;8;+;3;9;=;1;3;7'
3422,'54-36=28','54-26=28',within_digit,3,3,2,,,,,,,,,,'5;4;-;3;6;=;2;8','5;4;-;2;6;=;2;8'
3423,'99+17=22','99-77=22',op_and_digit_balance,2,+,-,3,1,7,,,,,,,'9;9;+;1;7;=;2;2','9;9;-;7;7;=;2;2'
3424,'73-89=762','73+89=162',op_and_digit_balance,6,7,1,2,-,+,,,,,,,'7;3;-;8;9;=;7;6;2','7;3;+;8;9;=;1;6;2'
3425,'93-46=739','93+46=139',op_and_digit_balance,6,7,1,2,-,+,,,,,,,'9;3;-;4;6;=;7;3;9','9;3;+;4;6;=;1;3;9'
3426,'70-88=168','70+98=168',op_and_digit_balance,3,8,9,2,-,+,,,,,,,'7;0;-;8;8;=;1;6;8','7;0;+;9;8;=;1;6;8'
3427,'91+82=119','37+82=119',digit_to_digit,0,9,3,1,1,7,,,,,,,'9;1;+;8;2;=;11;9','3;7;+;8;2;=;11;9'
3428,'19+59=69','10+59=69',within_digit,1,9,0,,,,,,,,,,'1;9;+;5;9;=;6;9','1;0;+;5;9;=;6;9'
3429,'82-50=34','92-58=34',digit_to_digit,0,8,9,4,0,8,,,,,,,'8;2;-;5;0;=;3;4','9;2;-;5;8;=;3;4'
3430,'87+81=152','81+81=162',digit_to_digit,1,7,1,7,5,6,,,,,,,'8;7;+;8;1;=;1;5;2','8;1;+;8;1;=;1;6;2'
3431,'93=55-38','93-55=38',swap_-_and_=,2,=,-,5,-,=,,,,,,,'9;3;=;5;5;-;3;8','9;3;-;5;5;=;3;8'
3432,'92-58=110','52+58=110',op_and_digit_balance,0,9,5,2,-,+,,,,,,,'9;2;-;5;8;=;11;0','5;2;+;5;8;=;11;0'
3433,'85+61=192','85+67=152',digit_to_digit,7,9,5,4,1,7,,,,,,,'8;5;+;6;1;=;1;9;2','8;5;+;6;7;=;1;5;2'
3434,'79-59=198','79+59=138',op_and_digit_balance,7,9,3,2,-,+,,,,,,,'7;9;-;5;9;=;1;9;8','7;9;+;5;9;=;1;3;8'
3435,'52-58=12','62-50=12',digit_to_digit,4,8,0,0,5,6,,,,,,,'5;2;-;5;8;=;1;2','6;2;-;5;0;=;1;2'
3436,'25=24-1','25-24=1',swap_-_and_=,2,=,-,5,-,=,,,,,,,'2;5;=;2;4;-;1','2;5;-;2;4;=;1'
3437,'27-72=39','27+12=39',op_and_digit_balance,3,7,1,2,-,+,,,,,,,'2;7;-;7;2;=;3;9','2;7;+;1;2;=;3;9'
3438,'88-92=140','88+52=140',op_and_digit_balance,3,9,5,2,-,+,,,,,,,'8;8;-;9;2;=;1;4;0','8;8;+;5;2;=;1;4;0'
3439,'53+97=790','93+97=190',digit_to_digit,6,7,1,0,5,9,,,,,,,'5;3;+;9;7;=;7;9;0','9;3;+;9;7;=;1;9;0'
3440,'88-15=183','88+15=103',op_and_digit_balance,7,8,0,2,-,+,,,,,,,'8;8;-;1;5;=;1;8;3','8;8;+;1;5;=;1;0;3'
3441,'23=49--26','23-49=-26',swap_-_and_=,2,=,-,5,-,=,,,,,,,'2;3;=;4;9;-;-;2;6','2;3;-;4;9;=;-;2;6'
3442,'23-89=92','23+69=92',op_and_digit_balance,3,8,6,2,-,+,,,,,,,'2;3;-;8;9;=;9;2','2;3;+;6;9;=;9;2'
3443,'75+70=6','76-70=6',op_and_digit_balance,2,+,-,1,5,6,,,,,,,'7;5;+;7;0;=;6','7;6;-;7;0;=;6'
3444,'56-48=18','58-48=10',digit_to_digit,7,8,0,1,6,8,,,,,,,'5;6;-;4;8;=;1;8','5;8;-;4;8;=;1;0'
3445,'16-58=26','76-50=26',digit_to_digit,4,8,0,0,1,7,,,,,,,'1;6;-;5;8;=;2;6','7;6;-;5;0;=;2;6'
3446,'45-28=79','45+28=73',op_and_digit_balance,7,9,3,2,-,+,,,,,,,'4;5;-;2;8;=;7;9','4;5;+;2;8;=;7;3'
3447,'30-38=60','30+30=60',op_and_digit_balance,4,8,0,2,-,+,,,,,,,'3;0;-;3;8;=;6;0','3;0;+;3;0;=;6;0'
3448,'32-74=19','32-14=18',digit_to_digit,3,7,1,7,9,8,,,,,,,'3;2;-;7;4;=;1;9','3;2;-;1;4;=;1;8'
3449,'41-39=12','41-29=12',within_digit,3,3,2,,,,,,,,,,'4;1;-;3;9;=;1;2','4;1;-;2;9;=;1;2'
3450,'48-68=108','48+60=108',op_and_digit_balance,4,8,0,2,-,+,,,,,,,'4;8;-;6;8;=;1;0;8','4;8;+;6;0;=;1;0;8'
3451,'92-57=89','32+57=89',op_and_digit_balance,0,9,3,2,-,+,,,,,,,'9;2;-;5;7;=;8;9','3;2;+;5;7;=;8;9'
3452,'76+19=51','76-19=57',op_and_digit_balance,2,+,-,7,1,7,,,,,,,'7;6;+;1;9;=;5;1','7;6;-;1;9;=;5;7'
3453,'23-85=-43','23-66=-43',digit_to_digit,3,8,6,4,5,6,,,,,,,'2;3;-;8;5;=;-;4;3','2;3;-;6;6;=;-;4;3'
3454,'64=79--15','64-79=-15',swap_-_and_=,2,=,-,5,-,=,,,,,,,'6;4;=;7;9;-;-;1;5','6;4;-;7;9;=;-;1;5'
3455,'42+31=74','43+31=74',within_digit,1,2,3,,,,,,,,,,'4;2;+;3;1;=;7;4','4;3;+;3;1;=;7;4'
3456,'35-94=-15','35-54=-19',digit_to_digit,3,9,5,8,5,9,,,,,,,'3;5;-;9;4;=;-;1;5','3;5;-;5;4;=;-;1;9'
3457,'93-47=80','33+47=80',op_and_digit_balance,0,9,3,2,-,+,,,,,,,'9;3;-;4;7;=;8;0','3;3;+;4;7;=;8;0'
3458,'60+27=41','68-27=41',op_and_digit_balance,2,+,-,1,0,8,,,,,,,'6;0;+;2;7;=;4;1','6;8;-;2;7;=;4;1'
3459,'38-76=-45','30-76=-46',digit_to_digit,1,8,0,8,5,6,,,,,,,'3;8;-;7;6;=;-;4;5','3;0;-;7;6;=;-;4;6'
3460,'48-79=-21','48-75=-27',digit_to_digit,4,9,5,8,1,7,,,,,,,'4;8;-;7;9;=;-;2;1','4;8;-;7;5;=;-;2;7'
3461,'93+14=85','99-14=85',op_and_digit_balance,2,+,-,1,3,9,,,,,,,'9;3;+;1;4;=;8;5','9;9;-;1;4;=;8;5'
3462,'70+96=-25','70-96=-26',op_and_digit_balance,2,+,-,8,5,6,,,,,,,'7;0;+;9;6;=;-;2;5','7;0;-;9;6;=;-;2;6'
3463,'53+32=-39','53-92=-39',op_and_digit_balance,2,+,-,3,3,9,,,,,,,'5;3;+;3;2;=;-;3;9','5;3;-;9;2;=;-;3;9'
3464,'69+61=125','65+61=126',digit_to_digit,1,9,5,8,5,6,,,,,,,'6;9;+;6;1;=;1;2;5','6;5;+;6;1;=;1;2;6'
3465,'52+74=725','52+74=126',digit_to_digit,6,7,1,8,5,6,,,,,,,'5;2;+;7;4;=;7;2;5','5;2;+;7;4;=;1;2;6'
3466,'53+89=135','53+83=136',digit_to_digit,4,9,3,8,5,6,,,,,,,'5;3;+;8;9;=;1;3;5','5;3;+;8;3;=;1;3;6'
3467,'42-93=3','42-33=9',digit_to_digit,3,9,3,6,3,9,,,,,,,'4;2;-;9;3;=;3','4;2;-;3;3;=;9'
3468,'77-73=144','71+73=144',op_and_digit_balance,1,7,1,2,-,+,,,,,,,'7;7;-;7;3;=;1;4;4','7;1;+;7;3;=;1;4;4'
3469,'98-76=173','98+75=173',op_and_digit_balance,4,6,5,2,-,+,,,,,,,'9;8;-;7;6;=;1;7;3','9;8;+;7;5;=;1;7;3'
3470,'76=26-50','76-26=50',swap_-_and_=,2,=,-,5,-,=,,,,,,,'7;6;=;2;6;-;5;0','7;6;-;2;6;=;5;0'
3471,'51+97=758','61+97=158',digit_to_digit,6,7,1,0,5,6,,,,,,,'5;1;+;9;7;=;7;5;8','6;1;+;9;7;=;1;5;8'
3472,'88-21=41','68-21=47',digit_to_digit,0,8,6,7,1,7,,,,,,,'8;8;-;2;1;=;4;1','6;8;-;2;1;=;4;7'
3473,'46-79=725','46+79=125',op_and_digit_balance,6,7,1,2,-,+,,,,,,,'4;6;-;7;9;=;7;2;5','4;6;+;7;9;=;1;2;5'
3474,'47+53=190','47+53=100',within_digit,7,9,0,,,,,,,,,,'4;7;+;5;3;=;1;9;0','4;7;+;5;3;=;1;0;0'
3475,'80-97=31','88-57=31',digit_to_digit,3,9,5,1,0,8,,,,,,,'8;0;-;9;7;=;3;1','8;8;-;5;7;=;3;1'
3476,'97-78=135','57+78=135',op_and_digit_balance,0,9,5,2,-,+,,,,,,,'9;7;-;7;8;=;1;3;5','5;7;+;7;8;=;1;3;5'
3477,'61+78=-11','67-78=-11',op_and_digit_balance,2,+,-,1,1,7,,,,,,,'6;1;+;7;8;=;-;11','6;7;-;7;8;=;-;11'
3478,'72-48=25','73-48=25',within_digit,1,2,3,,,,,,,,,,'7;2;-;4;8;=;2;5','7;3;-;4;8;=;2;5'
3479,'98-70=108','98+10=108',op_and_digit_balance,3,7,1,2,-,+,,,,,,,'9;8;-;7;0;=;1;0;8','9;8;+;1;0;=;1;0;8'
3480,'60-32=38','60-22=38',within_digit,3,3,2,,,,,,,,,,'6;0;-;3;2;=;3;8','6;0;-;2;2;=;3;8'
3481,'49+41=88','48+41=89',digit_to_digit,7,8,9,1,9,8,,,,,,,'4;9;+;4;1;=;8;8','4;8;+;4;1;=;8;9'
3482,'51+54=146','51+94=145',digit_to_digit,8,6,5,3,5,9,,,,,,,'5;1;+;5;4;=;1;4;6','5;1;+;9;4;=;1;4;5'
3483,'58-41=89','58+41=99',op_and_digit_balance,6,8,9,2,-,+,,,,,,,'5;8;-;4;1;=;8;9','5;8;+;4;1;=;9;9'
3484,'58-67=123','56+67=123',op_and_digit_balance,1,8,6,2,-,+,,,,,,,'5;8;-;6;7;=;1;2;3','5;6;+;6;7;=;1;2;3'
3485,'77-62=138','77+62=139',op_and_digit_balance,8,8,9,2,-,+,,,,,,,'7;7;-;6;2;=;1;3;8','7;7;+;6;2;=;1;3;9'
3486,'31+42=49','91-42=49',op_and_digit_balance,2,+,-,0,3,9,,,,,,,'3;1;+;4;2;=;4;9','9;1;-;4;2;=;4;9'
3487,'90=60-30','90-60=30',swap_-_and_=,2,=,-,5,-,=,,,,,,,'9;0;=;6;0;-;3;0','9;0;-;6;0;=;3;0'
3488,'90-37=-1','30-37=-7',digit_to_digit,0,9,3,7,1,7,,,,,,,'9;0;-;3;7;=;-;1','3;0;-;3;7;=;-;7'
3489,'16+48=611','16+48=64',four_eleven,7,11,4,,,,,,,,,,'1;6;+;4;8;=;6;11','1;6;+;4;8;=;6;4'
3490,'84-74=98','84+14=98',op_and_digit_balance,3,7,1,2,-,+,,,,,,,'8;4;-;7;4;=;9;8','8;4;+;1;4;=;9;8'
3491,'33+73=-46','33-79=-46',op_and_digit_balance,2,+,-,4,3,9,,,,,,,'3;3;+;7;3;=;-;4;6','3;3;-;7;9;=;-;4;6'
3492,'13+85=-12','73-85=-12',op_and_digit_balance,2,+,-,0,1,7,,,,,,,'1;3;+;8;5;=;-;1;2','7;3;-;8;5;=;-;1;2'
3493,'84-71=-13','64-77=-13',digit_to_digit,0,8,6,4,1,7,,,,,,,'8;4;-;7;1;=;-;1;3','6;4;-;7;7;=;-;1;3'
3494,'92-42=74','32+42=74',op_and_digit_balance,0,9,3,2,-,+,,,,,,,'9;2;-;4;2;=;7;4','3;2;+;4;2;=;7;4'
3495,'17-75=-4','71-75=-4',digit_to_digit,1,7,1,0,1,7,,,,,,,'1;7;-;7;5;=;-;4','7;1;-;7;5;=;-;4'
3496,'92+54=147','93+54=147',within_digit,1,2,3,,,,,,,,,,'9;2;+;5;4;=;1;4;7','9;3;+;5;4;=;1;4;7'
3497,'23+83=705','23+83=106',digit_to_digit,6,7,1,8,5,6,,,,,,,'2;3;+;8;3;=;7;0;5','2;3;+;8;3;=;1;0;6'
3498,'87-74=1','81-74=7',digit_to_digit,1,7,1,6,1,7,,,,,,,'8;7;-;7;4;=;1','8;1;-;7;4;=;7'
3499,'75+28=51','79-28=51',op_and_digit_balance,2,+,-,1,5,9,,,,,,,'7;5;+;2;8;=;5;1','7;9;-;2;8;=;5;1'
3500,'43=81--38','43-81=-38',swap_-_and_=,2,=,-,5,-,=,,,,,,,'4;3;=;8;1;-;-;3;8','4;3;-;8;1;=;-;3;8'
3501,'40-51=-4','40-51=-11',four_eleven,7,4,11,,,,,,,,,,'4;0;-;5;1;=;-;4','4;0;-;5;1;=;-;11'
3502,'85-58=153','95+58=153',op_and_digit_balance,0,8,9,2,-,+,,,,,,,'8;5;-;5;8;=;1;5;3','9;5;+;5;8;=;1;5;3'
3503,'52-90=12','62-50=12',digit_to_digit,3,9,5,0,5,6,,,,,,,'5;2;-;9;0;=;1;2','6;2;-;5;0;=;1;2'
3504,'71-56=19','71-58=13',digit_to_digit,7,9,3,4,6,8,,,,,,,'7;1;-;5;6;=;1;9','7;1;-;5;8;=;1;3'
3505,'37+41=-10','37-47=-10',op_and_digit_balance,2,+,-,4,1,7,,,,,,,'3;7;+;4;1;=;-;1;0','3;7;-;4;7;=;-;1;0'
3506,'98-74=34','98-74=24',within_digit,6,3,2,,,,,,,,,,'9;8;-;7;4;=;3;4','9;8;-;7;4;=;2;4'
3507,'25+43=-17','26-43=-17',op_and_digit_balance,2,+,-,1,5,6,,,,,,,'2;5;+;4;3;=;-;1;7','2;6;-;4;3;=;-;1;7'
3508,'86-55=93','88-55=33',digit_to_digit,6,9,3,1,6,8,,,,,,,'8;6;-;5;5;=;9;3','8;8;-;5;5;=;3;3'
3509,'70+54=764','70+94=164',digit_to_digit,6,7,1,3,5,9,,,,,,,'7;0;+;5;4;=;7;6;4','7;0;+;9;4;=;1;6;4'
3510,'84-86=-24','64-88=-24',digit_to_digit,0,8,6,4,6,8,,,,,,,'8;4;-;8;6;=;-;2;4','6;4;-;8;8;=;-;2;4'
3511,'35-93=-68','25-93=-68',within_digit,0,3,2,,,,,,,,,,'3;5;-;9;3;=;-;6;8','2;5;-;9;3;=;-;6;8'
3512,'68-24=82','68+24=92',op_and_digit_balance,6,8,9,2,-,+,,,,,,,'6;8;-;2;4;=;8;2','6;8;+;2;4;=;9;2'
3513,'72+75=741','72+75=147',digit_to_digit,6,7,1,8,1,7,,,,,,,'7;2;+;7;5;=;7;4;1','7;2;+;7;5;=;1;4;7'
3514,'54=26-28','54-26=28',swap_-_and_=,2,=,-,5,-,=,,,,,,,'5;4;=;2;6;-;2;8','5;4;-;2;6;=;2;8'
3515,'17-32=49','77-32=45',digit_to_digit,7,9,5,0,1,7,,,,,,,'1;7;-;3;2;=;4;9','7;7;-;3;2;=;4;5'
3516,'79+25=53','79-26=53',op_and_digit_balance,2,+,-,4,5,6,,,,,,,'7;9;+;2;5;=;5;3','7;9;-;2;6;=;5;3'
3517,'83+12=39','83+12=95',digit_to_digit,7,9,5,6,3,9,,,,,,,'8;3;+;1;2;=;3;9','8;3;+;1;2;=;9;5'
3518,'69-28=87','69+28=97',op_and_digit_balance,6,8,9,2,-,+,,,,,,,'6;9;-;2;8;=;8;7','6;9;+;2;8;=;9;7'
3519,'51+52=104','51+53=104',within_digit,4,2,3,,,,,,,,,,'5;1;+;5;2;=;1;0;4','5;1;+;5;3;=;1;0;4'
3520,'21-56=-49','21-66=-45',digit_to_digit,8,9,5,3,5,6,,,,,,,'2;1;-;5;6;=;-;4;9','2;1;-;6;6;=;-;4;5'
3521,'57+55=-8','57-65=-8',op_and_digit_balance,2,+,-,3,5,6,,,,,,,'5;7;+;5;5;=;-;8','5;7;-;6;5;=;-;8'
3522,'81=10-71','81-10=71',swap_-_and_=,2,=,-,5,-,=,,,,,,,'8;1;=;1;0;-;7;1','8;1;-;1;0;=;7;1'
3523,'46-49=89','46+43=89',op_and_digit_balance,4,9,3,2,-,+,,,,,,,'4;6;-;4;9;=;8;9','4;6;+;4;3;=;8;9'
3524,'12-26=98','12+26=38',op_and_digit_balance,6,9,3,2,-,+,,,,,,,'1;2;-;2;6;=;9;8','1;2;+;2;6;=;3;8'
3525,'21+90=-63','21-90=-69',op_and_digit_balance,2,+,-,8,3,9,,,,,,,'2;1;+;9;0;=;-;6;3','2;1;-;9;0;=;-;6;9'
3526,'37+69=28','97-69=28',op_and_digit_balance,2,+,-,0,3,9,,,,,,,'3;7;+;6;9;=;2;8','9;7;-;6;9;=;2;8'
3527,'19+61=-48','19-67=-48',op_and_digit_balance,2,+,-,4,1,7,,,,,,,'1;9;+;6;1;=;-;4;8','1;9;-;6;7;=;-;4;8'
3528,'81+45=42','87-45=42',op_and_digit_balance,2,+,-,1,1,7,,,,,,,'8;1;+;4;5;=;4;2','8;7;-;4;5;=;4;2'
3529,'93-38=53','93-30=63',digit_to_digit,4,8,0,6,5,6,,,,,,,'9;3;-;3;8;=;5;3','9;3;-;3;0;=;6;3'
3530,'68-26=84','68+26=94',op_and_digit_balance,6,8,9,2,-,+,,,,,,,'6;8;-;2;6;=;8;4','6;8;+;2;6;=;9;4'
3531,'52-94=10','52-34=18',digit_to_digit,3,9,3,7,0,8,,,,,,,'5;2;-;9;4;=;1;0','5;2;-;3;4;=;1;8'
3532,'26-58=85','26+59=85',op_and_digit_balance,4,8,9,2,-,+,,,,,,,'2;6;-;5;8;=;8;5','2;6;+;5;9;=;8;5'
3533,'73+39=42','73+39=112',four_eleven,6,4,11,,,,,,,,,,'7;3;+;3;9;=;4;2','7;3;+;3;9;=;11;2'
3534,'54-69=-74','54-68=-14',digit_to_digit,7,7,1,4,9,8,,,,,,,'5;4;-;6;9;=;-;7;4','5;4;-;6;8;=;-;1;4'
3535,'20-83=113','20+93=113',op_and_digit_balance,3,8,9,2,-,+,,,,,,,'2;0;-;8;3;=;11;3','2;0;+;9;3;=;11;3'
3536,'42-78=128','42+78=120',op_and_digit_balance,8,8,0,2,-,+,,,,,,,'4;2;-;7;8;=;1;2;8','4;2;+;7;8;=;1;2;0'
3537,'67=81--14','67-81=-14',swap_-_and_=,2,=,-,5,-,=,,,,,,,'6;7;=;8;1;-;-;1;4','6;7;-;8;1;=;-;1;4'
3538,'71=32-39','71-32=39',swap_-_and_=,2,=,-,5,-,=,,,,,,,'7;1;=;3;2;-;3;9','7;1;-;3;2;=;3;9'
3539,'27+40=-21','27-48=-21',op_and_digit_balance,2,+,-,4,0,8,,,,,,,'2;7;+;4;0;=;-;2;1','2;7;-;4;8;=;-;2;1'
3540,'60-28=22','60-28=32',within_digit,6,2,3,,,,,,,,,,'6;0;-;2;8;=;2;2','6;0;-;2;8;=;3;2'
3541,'73-14=65','73-14=59',within_digit,6,6,5,7,5,9,,,,,,,'7;3;-;1;4;=;6;5','7;3;-;1;4;=;5;9'
3542,'83+47=42','89-47=42',op_and_digit_balance,2,+,-,1,3,9,,,,,,,'8;3;+;4;7;=;4;2','8;9;-;4;7;=;4;2'
3543,'68-76=142','66+76=142',op_and_digit_balance,1,8,6,2,-,+,,,,,,,'6;8;-;7;6;=;1;4;2','6;6;+;7;6;=;1;4;2'
3544,'42-13=65','42+13=55',op_and_digit_balance,6,6,5,2,-,+,,,,,,,'4;2;-;1;3;=;6;5','4;2;+;1;3;=;5;5'
3545,'37+63=34','97-63=34',op_and_digit_balance,2,+,-,0,3,9,,,,,,,'3;7;+;6;3;=;3;4','9;7;-;6;3;=;3;4'
3546,'29+58=-23','29-58=-29',op_and_digit_balance,2,+,-,8,3,9,,,,,,,'2;9;+;5;8;=;-;2;3','2;9;-;5;8;=;-;2;9'
3547,'12+22=50','72-22=50',op_and_digit_balance,2,+,-,0,1,7,,,,,,,'1;2;+;2;2;=;5;0','7;2;-;2;2;=;5;0'
3548,'47+45=90','41+49=90',digit_to_digit,1,7,1,4,5,9,,,,,,,'4;7;+;4;5;=;9;0','4;1;+;4;9;=;9;0'
3549,'73-48=35','73-48=25',within_digit,6,3,2,,,,,,,,,,'7;3;-;4;8;=;3;5','7;3;-;4;8;=;2;5'
3550,'20+62=-62','20-82=-62',op_and_digit_balance,2,+,-,3,6,8,,,,,,,'2;0;+;6;2;=;-;6;2','2;0;-;8;2;=;-;6;2'
3551,'90+70=128','50+78=128',digit_to_digit,0,9,5,4,0,8,,,,,,,'9;0;+;7;0;=;1;2;8','5;0;+;7;8;=;1;2;8'
3552,'54-32=-98','54-92=-38',digit_to_digit,7,9,3,3,3,9,,,,,,,'5;4;-;3;2;=;-;9;8','5;4;-;9;2;=;-;3;8'
3553,'73=91--18','73-91=-18',swap_-_and_=,2,=,-,5,-,=,,,,,,,'7;3;=;9;1;-;-;1;8','7;3;-;9;1;=;-;1;8'
3554,'40+55=136','40+95=135',digit_to_digit,8,6,5,3,5,9,,,,,,,'4;0;+;5;5;=;1;3;6','4;0;+;9;5;=;1;3;5'
3555,'72+72=64','12+72=84',digit_to_digit,0,7,1,6,6,8,,,,,,,'7;2;+;7;2;=;6;4','1;2;+;7;2;=;8;4'
3556,'53=80--27','53-80=-27',swap_-_and_=,2,=,-,5,-,=,,,,,,,'5;3;=;8;0;-;-;2;7','5;3;-;8;0;=;-;2;7'
3557,'63=75--12','63-75=-12',swap_-_and_=,2,=,-,5,-,=,,,,,,,'6;3;=;7;5;-;-;1;2','6;3;-;7;5;=;-;1;2'
3558,'82+79=760','82+78=160',digit_to_digit,6,7,1,4,9,8,,,,,,,'8;2;+;7;9;=;7;6;0','8;2;+;7;8;=;1;6;0'
3559,'42=48--6','42-48=-6',swap_-_and_=,2,=,-,5,-,=,,,,,,,'4;2;=;4;8;-;-;6','4;2;-;4;8;=;-;6'
3560,'46-98=744','46+98=144',op_and_digit_balance,6,7,1,2,-,+,,,,,,,'4;6;-;9;8;=;7;4;4','4;6;+;9;8;=;1;4;4'
3561,'96=76-20','96-76=20',swap_-_and_=,2,=,-,5,-,=,,,,,,,'9;6;=;7;6;-;2;0','9;6;-;7;6;=;2;0'
3562,'81+63=750','81+69=150',digit_to_digit,6,7,1,4,3,9,,,,,,,'8;1;+;6;3;=;7;5;0','8;1;+;6;9;=;1;5;0'
3563,'82=80-2','82-80=2',swap_-_and_=,2,=,-,5,-,=,,,,,,,'8;2;=;8;0;-;2','8;2;-;8;0;=;2'
3564,'82-86=-11','82-86=-4',four_eleven,7,11,4,,,,,,,,,,'8;2;-;8;6;=;-;11','8;2;-;8;6;=;-;4'
3565,'88+57=-9','88-97=-9',op_and_digit_balance,2,+,-,3,5,9,,,,,,,'8;8;+;5;7;=;-;9','8;8;-;9;7;=;-;9'
3566,'94+31=53','94-31=63',op_and_digit_balance,2,+,-,6,5,6,,,,,,,'9;4;+;3;1;=;5;3','9;4;-;3;1;=;6;3'
3567,'41+48=87','47+40=87',digit_to_digit,4,8,0,1,1,7,,,,,,,'4;1;+;4;8;=;8;7','4;7;+;4;0;=;8;7'
3568,'34+52=42','94-52=42',op_and_digit_balance,2,+,-,0,3,9,,,,,,,'3;4;+;5;2;=;4;2','9;4;-;5;2;=;4;2'
3569,'72-37=189','72+37=109',op_and_digit_balance,7,8,0,2,-,+,,,,,,,'7;2;-;3;7;=;1;8;9','7;2;+;3;7;=;1;0;9'
3570,'40+31=3','40-37=3',op_and_digit_balance,2,+,-,4,1,7,,,,,,,'4;0;+;3;1;=;3','4;0;-;3;7;=;3'
3571,'50-66=118','50+66=116',op_and_digit_balance,7,8,6,2,-,+,,,,,,,'5;0;-;6;6;=;11;8','5;0;+;6;6;=;11;6'
3572,'73+65=137','72+65=137',within_digit,1,3,2,,,,,,,,,,'7;3;+;6;5;=;1;3;7','7;2;+;6;5;=;1;3;7'
3573,'89-91=-11','80-91=-11',within_digit,1,9,0,,,,,,,,,,'8;9;-;9;1;=;-;11','8;0;-;9;1;=;-;11'
3574,'68+90=167','69+98=167',digit_to_digit,1,8,9,4,0,8,,,,,,,'6;8;+;9;0;=;1;6;7','6;9;+;9;8;=;1;6;7'
3575,'48+77=-25','48-77=-29',op_and_digit_balance,2,+,-,8,5,9,,,,,,,'4;8;+;7;7;=;-;2;5','4;8;-;7;7;=;-;2;9'
3576,'28-97=-83','28-97=-69',digit_to_digit,7,8,6,8,3,9,,,,,,,'2;8;-;9;7;=;-;8;3','2;8;-;9;7;=;-;6;9'
3577,'93=63-30','93-63=30',swap_-_and_=,2,=,-,5,-,=,,,,,,,'9;3;=;6;3;-;3;0','9;3;-;6;3;=;3;0'
3578,'92+50=122','32+90=122',digit_to_digit,0,9,3,3,5,9,,,,,,,'9;2;+;5;0;=;1;2;2','3;2;+;9;0;=;1;2;2'
3579,'42+14=-32','42-74=-32',op_and_digit_balance,2,+,-,3,1,7,,,,,,,'4;2;+;1;4;=;-;3;2','4;2;-;7;4;=;-;3;2'
3580,'21+31=-4','27-31=-4',op_and_digit_balance,2,+,-,1,1,7,,,,,,,'2;1;+;3;1;=;-;4','2;7;-;3;1;=;-;4'
3581,'75+32=51','19+32=51',digit_to_digit,0,7,1,1,5,9,,,,,,,'7;5;+;3;2;=;5;1','1;9;+;3;2;=;5;1'
3582,'93+45=744','99+45=144',digit_to_digit,6,7,1,1,3,9,,,,,,,'9;3;+;4;5;=;7;4;4','9;9;+;4;5;=;1;4;4'
3583,'48-83=129','46+83=129',op_and_digit_balance,1,8,6,2,-,+,,,,,,,'4;8;-;8;3;=;1;2;9','4;6;+;8;3;=;1;2;9'
3584,'46+25=23','48-25=23',op_and_digit_balance,2,+,-,1,6,8,,,,,,,'4;6;+;2;5;=;2;3','4;8;-;2;5;=;2;3'
3585,'27-81=-511','27-81=-54',four_eleven,8,11,4,,,,,,,,,,'2;7;-;8;1;=;-;5;11','2;7;-;8;1;=;-;5;4'
3586,'46+48=911','46+48=94',four_eleven,7,11,4,,,,,,,,,,'4;6;+;4;8;=;9;11','4;6;+;4;8;=;9;4'
3587,'88-88=177','88+89=177',op_and_digit_balance,4,8,9,2,-,+,,,,,,,'8;8;-;8;8;=;1;7;7','8;8;+;8;9;=;1;7;7'
3588,'68+14=74','88-14=74',op_and_digit_balance,2,+,-,0,6,8,,,,,,,'6;8;+;1;4;=;7;4','8;8;-;1;4;=;7;4'
3589,'32-77=709','32+77=109',op_and_digit_balance,6,7,1,2,-,+,,,,,,,'3;2;-;7;7;=;7;0;9','3;2;+;7;7;=;1;0;9'
3590,'67+81=746','67+81=148',digit_to_digit,6,7,1,8,6,8,,,,,,,'6;7;+;8;1;=;7;4;6','6;7;+;8;1;=;1;4;8'
3591,'66-49=111','66+45=111',op_and_digit_balance,4,9,5,2,-,+,,,,,,,'6;6;-;4;9;=;1;11','6;6;+;4;5;=;1;11'
3592,'68-19=79','60+19=79',op_and_digit_balance,1,8,0,2,-,+,,,,,,,'6;8;-;1;9;=;7;9','6;0;+;1;9;=;7;9'
3593,'71+97=100','71+37=108',digit_to_digit,3,9,3,8,0,8,,,,,,,'7;1;+;9;7;=;1;0;0','7;1;+;3;7;=;1;0;8'
3594,'88+95=164','68+96=164',digit_to_digit,0,8,6,4,5,6,,,,,,,'8;8;+;9;5;=;1;6;4','6;8;+;9;6;=;1;6;4'
3595,'33-27=72','93-21=72',digit_to_digit,4,7,1,0,3,9,,,,,,,'3;3;-;2;7;=;7;2','9;3;-;2;1;=;7;2'
3596,'34-94=-69','34-94=-60',within_digit,8,9,0,,,,,,,,,,'3;4;-;9;4;=;-;6;9','3;4;-;9;4;=;-;6;0'
3597,'62-19=113','62-19=43',four_eleven,6,11,4,,,,,,,,,,'6;2;-;1;9;=;11;3','6;2;-;1;9;=;4;3'
3598,'68-87=195','68+87=155',op_and_digit_balance,7,9,5,2,-,+,,,,,,,'6;8;-;8;7;=;1;9;5','6;8;+;8;7;=;1;5;5'
3599,'22-52=-78','22-92=-70',digit_to_digit,8,8,0,3,5,9,,,,,,,'2;2;-;5;2;=;-;7;8','2;2;-;9;2;=;-;7;0'
3600,'98-78=177','98+79=177',op_and_digit_balance,4,8,9,2,-,+,,,,,,,'9;8;-;7;8;=;1;7;7','9;8;+;7;9;=;1;7;7'
3601,'52+40=22','62-40=22',op_and_digit_balance,2,+,-,0,5,6,,,,,,,'5;2;+;4;0;=;2;2','6;2;-;4;0;=;2;2'
3602,'97-35=126','91+35=126',op_and_digit_balance,1,7,1,2,-,+,,,,,,,'9;7;-;3;5;=;1;2;6','9;1;+;3;5;=;1;2;6'
3603,'96=72-24','96-72=24',swap_-_and_=,2,=,-,5,-,=,,,,,,,'9;6;=;7;2;-;2;4','9;6;-;7;2;=;2;4'
3604,'62-43=705','62+43=105',op_and_digit_balance,6,7,1,2,-,+,,,,,,,'6;2;-;4;3;=;7;0;5','6;2;+;4;3;=;1;0;5'
3605,'54+50=-6','54-60=-6',op_and_digit_balance,2,+,-,3,5,6,,,,,,,'5;4;+;5;0;=;-;6','5;4;-;6;0;=;-;6'
3606,'33+36=59','33+26=59',within_digit,3,3,2,,,,,,,,,,'3;3;+;3;6;=;5;9','3;3;+;2;6;=;5;9'
3607,'35+36=-3','35-38=-3',op_and_digit_balance,2,+,-,4,6,8,,,,,,,'3;5;+;3;6;=;-;3','3;5;-;3;8;=;-;3'
3608,'92+20=182','82+20=102',digit_to_digit,7,8,0,0,9,8,,,,,,,'9;2;+;2;0;=;1;8;2','8;2;+;2;0;=;1;0;2'
3609,'78-28=104','78+26=104',op_and_digit_balance,4,8,6,2,-,+,,,,,,,'7;8;-;2;8;=;1;0;4','7;8;+;2;6;=;1;0;4'
3610,'40-63=109','40+63=103',op_and_digit_balance,8,9,3,2,-,+,,,,,,,'4;0;-;6;3;=;1;0;9','4;0;+;6;3;=;1;0;3'
3611,'64=48-16','64-48=16',swap_-_and_=,2,=,-,5,-,=,,,,,,,'6;4;=;4;8;-;1;6','6;4;-;4;8;=;1;6'
3612,'42+33=19','42+33=75',digit_to_digit,7,9,5,6,1,7,,,,,,,'4;2;+;3;3;=;1;9','4;2;+;3;3;=;7;5'
3613,'39-54=-24','30-54=-24',within_digit,1,9,0,,,,,,,,,,'3;9;-;5;4;=;-;2;4','3;0;-;5;4;=;-;2;4'
3614,'81-88=-21','61-88=-27',digit_to_digit,0,8,6,8,1,7,,,,,,,'8;1;-;8;8;=;-;2;1','6;1;-;8;8;=;-;2;7'
3615,'68-69=1','69-68=1',digit_to_digit,1,8,9,4,9,8,,,,,,,'6;8;-;6;9;=;1','6;9;-;6;8;=;1'
3616,'56-41=29','66-41=25',digit_to_digit,7,9,5,0,5,6,,,,,,,'5;6;-;4;1;=;2;9','6;6;-;4;1;=;2;5'
3617,'81+51=20','81-61=20',op_and_digit_balance,2,+,-,3,5,6,,,,,,,'8;1;+;5;1;=;2;0','8;1;-;6;1;=;2;0'
3618,'14+48=114','74+40=114',digit_to_digit,4,8,0,0,1,7,,,,,,,'1;4;+;4;8;=;11;4','7;4;+;4;0;=;11;4'
3619,'83-59=20','83-63=20',digit_to_digit,4,9,3,3,5,6,,,,,,,'8;3;-;5;9;=;2;0','8;3;-;6;3;=;2;0'
3620,'10+35=-26','10-36=-26',op_and_digit_balance,2,+,-,4,5,6,,,,,,,'1;0;+;3;5;=;-;2;6','1;0;-;3;6;=;-;2;6'
3621,'11+15=-5','11-16=-5',op_and_digit_balance,1,+,-,3,5,6,,,,,,,'11;+;1;5;=;-;5','11;-;1;6;=;-;5'
3622,'50+50=10','60-50=10',op_and_digit_balance,2,+,-,0,5,6,,,,,,,'5;0;+;5;0;=;1;0','6;0;-;5;0;=;1;0'
3623,'97+81=770','97+81=178',digit_to_digit,6,7,1,8,0,8,,,,,,,'9;7;+;8;1;=;7;7;0','9;7;+;8;1;=;1;7;8'
3624,'25-94=118','25+94=119',op_and_digit_balance,7,8,9,2,-,+,,,,,,,'2;5;-;9;4;=;11;8','2;5;+;9;4;=;11;9'
3625,'47-34=1','41-34=7',digit_to_digit,1,7,1,6,1,7,,,,,,,'4;7;-;3;4;=;1','4;1;-;3;4;=;7'
3626,'62-53=105','52+53=105',op_and_digit_balance,0,6,5,2,-,+,,,,,,,'6;2;-;5;3;=;1;0;5','5;2;+;5;3;=;1;0;5'
3627,'23-19=13','23-10=13',within_digit,4,9,0,,,,,,,,,,'2;3;-;1;9;=;1;3','2;3;-;1;0;=;1;3'
3628,'96-73=109','96+13=109',op_and_digit_balance,3,7,1,2,-,+,,,,,,,'9;6;-;7;3;=;1;0;9','9;6;+;1;3;=;1;0;9'
3629,'74+28=112','74+38=112',within_digit,3,2,3,,,,,,,,,,'7;4;+;2;8;=;11;2','7;4;+;3;8;=;11;2'
3630,'18=62--44','18-62=-44',swap_-_and_=,2,=,-,5,-,=,,,,,,,'1;8;=;6;2;-;-;4;4','1;8;-;6;2;=;-;4;4'
3631,'24-57=87','24+57=81',op_and_digit_balance,7,7,1,2,-,+,,,,,,,'2;4;-;5;7;=;8;7','2;4;+;5;7;=;8;1'
3632,'98-61=151','90+61=151',op_and_digit_balance,1,8,0,2,-,+,,,,,,,'9;8;-;6;1;=;1;5;1','9;0;+;6;1;=;1;5;1'
3633,'37+65=-26','37-65=-28',op_and_digit_balance,2,+,-,8,6,8,,,,,,,'3;7;+;6;5;=;-;2;6','3;7;-;6;5;=;-;2;8'
3634,'95+74=759','85+74=159',digit_to_digit,6,7,1,0,9,8,,,,,,,'9;5;+;7;4;=;7;5;9','8;5;+;7;4;=;1;5;9'
3635,'80+99=199','90+99=189',digit_to_digit,0,8,9,7,9,8,,,,,,,'8;0;+;9;9;=;1;9;9','9;0;+;9;9;=;1;8;9'
3636,'82-48=110','62+48=110',op_and_digit_balance,0,8,6,2,-,+,,,,,,,'8;2;-;4;8;=;11;0','6;2;+;4;8;=;11;0'
3637,'53+33=-40','53-93=-40',op_and_digit_balance,2,+,-,3,3,9,,,,,,,'5;3;+;3;3;=;-;4;0','5;3;-;9;3;=;-;4;0'
3638,'53+16=47','63-16=47',op_and_digit_balance,2,+,-,0,5,6,,,,,,,'5;3;+;1;6;=;4;7','6;3;-;1;6;=;4;7'
3639,'62-87=139','52+87=139',op_and_digit_balance,0,6,5,2,-,+,,,,,,,'6;2;-;8;7;=;1;3;9','5;2;+;8;7;=;1;3;9'
3640,'78-23=41','70-29=41',digit_to_digit,1,8,0,4,3,9,,,,,,,'7;8;-;2;3;=;4;1','7;0;-;2;9;=;4;1'
3641,'96+36=122','96+36=132',within_digit,7,2,3,,,,,,,,,,'9;6;+;3;6;=;1;2;2','9;6;+;3;6;=;1;3;2'
3642,'26+32=-4','28-32=-4',op_and_digit_balance,2,+,-,1,6,8,,,,,,,'2;6;+;3;2;=;-;4','2;8;-;3;2;=;-;4'
3643,'22+96=119','23+96=119',within_digit,1,2,3,,,,,,,,,,'2;2;+;9;6;=;11;9','2;3;+;9;6;=;11;9'
3644,'73+92=131','79+52=131',digit_to_digit,3,9,5,1,3,9,,,,,,,'7;3;+;9;2;=;1;3;1','7;9;+;5;2;=;1;3;1'
3645,'31+88=3','91-88=3',op_and_digit_balance,2,+,-,0,3,9,,,,,,,'3;1;+;8;8;=;3','9;1;-;8;8;=;3'
3646,'81-66=127','61+66=127',op_and_digit_balance,0,8,6,2,-,+,,,,,,,'8;1;-;6;6;=;1;2;7','6;1;+;6;6;=;1;2;7'
3647,'96+64=34','98-64=34',op_and_digit_balance,2,+,-,1,6,8,,,,,,,'9;6;+;6;4;=;3;4','9;8;-;6;4;=;3;4'
3648,'72-57=6','72-67=5',digit_to_digit,6,6,5,3,5,6,,,,,,,'7;2;-;5;7;=;6','7;2;-;6;7;=;5'
3649,'74+52=196','74+62=136',digit_to_digit,7,9,3,3,5,6,,,,,,,'7;4;+;5;2;=;1;9;6','7;4;+;6;2;=;1;3;6'
3650,'48-38=78','48+30=78',op_and_digit_balance,4,8,0,2,-,+,,,,,,,'4;8;-;3;8;=;7;8','4;8;+;3;0;=;7;8'
3651,'19-43=-211','19-43=-24',four_eleven,8,11,4,,,,,,,,,,'1;9;-;4;3;=;-;2;11','1;9;-;4;3;=;-;2;4'
3652,'43-79=722','43+79=122',op_and_digit_balance,6,7,1,2,-,+,,,,,,,'4;3;-;7;9;=;7;2;2','4;3;+;7;9;=;1;2;2'
3653,'94+33=137','94+33=127',within_digit,7,3,2,,,,,,,,,,'9;4;+;3;3;=;1;3;7','9;4;+;3;3;=;1;2;7'
3654,'52-81=-95','52-87=-35',digit_to_digit,7,9,3,4,1,7,,,,,,,'5;2;-;8;1;=;-;9;5','5;2;-;8;7;=;-;3;5'
3655,'79-22=95','73+22=95',op_and_digit_balance,1,9,3,2,-,+,,,,,,,'7;9;-;2;2;=;9;5','7;3;+;2;2;=;9;5'
3656,'48-22=25','48-23=25',within_digit,4,2,3,,,,,,,,,,'4;8;-;2;2;=;2;5','4;8;-;2;3;=;2;5'
3657,'64=18-46','64-18=46',swap_-_and_=,2,=,-,5,-,=,,,,,,,'6;4;=;1;8;-;4;6','6;4;-;1;8;=;4;6'
3658,'59-18=45','63-18=45',digit_to_digit,1,9,3,0,5,6,,,,,,,'5;9;-;1;8;=;4;5','6;3;-;1;8;=;4;5'
3659,'70-26=34','70-36=34',within_digit,3,2,3,,,,,,,,,,'7;0;-;2;6;=;3;4','7;0;-;3;6;=;3;4'
3660,'52+13=33','52-13=39',op_and_digit_balance,2,+,-,7,3,9,,,,,,,'5;2;+;1;3;=;3;3','5;2;-;1;3;=;3;9'
3661,'66+29=85','66+23=89',digit_to_digit,4,9,3,7,5,9,,,,,,,'6;6;+;2;9;=;8;5','6;6;+;2;3;=;8;9'
3662,'56+62=-26','56-82=-26',op_and_digit_balance,2,+,-,3,6,8,,,,,,,'5;6;+;6;2;=;-;2;6','5;6;-;8;2;=;-;2;6'
3663,'41-83=724','41+83=124',op_and_digit_balance,6,7,1,2,-,+,,,,,,,'4;1;-;8;3;=;7;2;4','4;1;+;8;3;=;1;2;4'
3664,'32=28-4','32-28=4',swap_-_and_=,2,=,-,5,-,=,,,,,,,'3;2;=;2;8;-;4','3;2;-;2;8;=;4'
3665,'10+21=-17','10-27=-17',op_and_digit_balance,2,+,-,4,1,7,,,,,,,'1;0;+;2;1;=;-;1;7','1;0;-;2;7;=;-;1;7'
3666,'14-37=-13','14-27=-13',within_digit,3,3,2,,,,,,,,,,'1;4;-;3;7;=;-;1;3','1;4;-;2;7;=;-;1;3'
3667,'63-65=-13','53-66=-13',digit_to_digit,0,6,5,4,5,6,,,,,,,'6;3;-;6;5;=;-;1;3','5;3;-;6;6;=;-;1;3'
3668,'39-98=-13','39-58=-19',digit_to_digit,3,9,5,8,3,9,,,,,,,'3;9;-;9;8;=;-;1;3','3;9;-;5;8;=;-;1;9'
3669,'55+96=-31','55-86=-31',op_and_digit_balance,2,+,-,3,9,8,,,,,,,'5;5;+;9;6;=;-;3;1','5;5;-;8;6;=;-;3;1'
3670,'15=12-3','15-12=3',swap_-_and_=,2,=,-,5,-,=,,,,,,,'1;5;=;1;2;-;3','1;5;-;1;2;=;3'
3671,'93=92-1','93-92=1',swap_-_and_=,2,=,-,5,-,=,,,,,,,'9;3;=;9;2;-;1','9;3;-;9;2;=;1'
3672,'21-62=-42','21-63=-42',within_digit,4,2,3,,,,,,,,,,'2;1;-;6;2;=;-;4;2','2;1;-;6;3;=;-;4;2'
3673,'50-81=191','50+81=131',op_and_digit_balance,7,9,3,2,-,+,,,,,,,'5;0;-;8;1;=;1;9;1','5;0;+;8;1;=;1;3;1'
3674,'71-56=727','71+56=127',op_and_digit_balance,6,7,1,2,-,+,,,,,,,'7;1;-;5;6;=;7;2;7','7;1;+;5;6;=;1;2;7'
3675,'77-75=-59','17-76=-59',digit_to_digit,0,7,1,4,5,6,,,,,,,'7;7;-;7;5;=;-;5;9','1;7;-;7;6;=;-;5;9'
3676,'98-45=12','58-46=12',digit_to_digit,0,9,5,4,5,6,,,,,,,'9;8;-;4;5;=;1;2','5;8;-;4;6;=;1;2'
3677,'55+93=-28','65-93=-28',op_and_digit_balance,2,+,-,0,5,6,,,,,,,'5;5;+;9;3;=;-;2;8','6;5;-;9;3;=;-;2;8'
3678,'88-50=8','98-90=8',digit_to_digit,0,8,9,3,5,9,,,,,,,'8;8;-;5;0;=;8','9;8;-;9;0;=;8'
3679,'72-81=-16','72-87=-15',digit_to_digit,8,6,5,4,1,7,,,,,,,'7;2;-;8;1;=;-;1;6','7;2;-;8;7;=;-;1;5'
3680,'97-38=735','97+38=135',op_and_digit_balance,6,7,1,2,-,+,,,,,,,'9;7;-;3;8;=;7;3;5','9;7;+;3;8;=;1;3;5'
3681,'13+29=44','19+25=44',digit_to_digit,4,9,5,1,3,9,,,,,,,'1;3;+;2;9;=;4;4','1;9;+;2;5;=;4;4'
3682,'46-60=108','46+60=106',op_and_digit_balance,8,8,6,2,-,+,,,,,,,'4;6;-;6;0;=;1;0;8','4;6;+;6;0;=;1;0;6'
3683,'52-50=-98','52-90=-38',digit_to_digit,7,9,3,3,5,9,,,,,,,'5;2;-;5;0;=;-;9;8','5;2;-;9;0;=;-;3;8'
3684,'66-45=28','66-46=20',digit_to_digit,7,8,0,4,5,6,,,,,,,'6;6;-;4;5;=;2;8','6;6;-;4;6;=;2;0'
3685,'29+92=-53','29-92=-63',op_and_digit_balance,2,+,-,7,5,6,,,,,,,'2;9;+;9;2;=;-;5;3','2;9;-;9;2;=;-;6;3'
3686,'30-36=3','38-35=3',digit_to_digit,4,6,5,1,0,8,,,,,,,'3;0;-;3;6;=;3','3;8;-;3;5;=;3'
3687,'78-76=94','18+76=94',op_and_digit_balance,0,7,1,2,-,+,,,,,,,'7;8;-;7;6;=;9;4','1;8;+;7;6;=;9;4'
3688,'55-29=42','65-23=42',digit_to_digit,4,9,3,0,5,6,,,,,,,'5;5;-;2;9;=;4;2','6;5;-;2;3;=;4;2'
3689,'24-83=-58','24-82=-58',within_digit,4,3,2,,,,,,,,,,'2;4;-;8;3;=;-;5;8','2;4;-;8;2;=;-;5;8'
3690,'75+55=-20','75-95=-20',op_and_digit_balance,2,+,-,3,5,9,,,,,,,'7;5;+;5;5;=;-;2;0','7;5;-;9;5;=;-;2;0'
3691,'77-53=70','17+53=70',op_and_digit_balance,0,7,1,2,-,+,,,,,,,'7;7;-;5;3;=;7;0','1;7;+;5;3;=;7;0'
3692,'35+41=88','39+41=80',digit_to_digit,7,8,0,1,5,9,,,,,,,'3;5;+;4;1;=;8;8','3;9;+;4;1;=;8;0'
3693,'88=74-14','88-74=14',swap_-_and_=,2,=,-,5,-,=,,,,,,,'8;8;=;7;4;-;1;4','8;8;-;7;4;=;1;4'
3694,'26+78=95','26+70=96',digit_to_digit,4,8,0,7,5,6,,,,,,,'2;6;+;7;8;=;9;5','2;6;+;7;0;=;9;6'
3695,'38+73=-41','38-79=-41',op_and_digit_balance,2,+,-,4,3,9,,,,,,,'3;8;+;7;3;=;-;4;1','3;8;-;7;9;=;-;4;1'
3696,'59-45=98','53+45=98',op_and_digit_balance,1,9,3,2,-,+,,,,,,,'5;9;-;4;5;=;9;8','5;3;+;4;5;=;9;8'
3697,'39=90--51','39-90=-51',swap_-_and_=,2,=,-,5,-,=,,,,,,,'3;9;=;9;0;-;-;5;1','3;9;-;9;0;=;-;5;1'
3698,'47-38=79','41+38=79',op_and_digit_balance,1,7,1,2,-,+,,,,,,,'4;7;-;3;8;=;7;9','4;1;+;3;8;=;7;9'
3699,'15+38=37','75-38=37',op_and_digit_balance,2,+,-,0,1,7,,,,,,,'1;5;+;3;8;=;3;7','7;5;-;3;8;=;3;7'
3700,'41-89=730','41+89=130',op_and_digit_balance,6,7,1,2,-,+,,,,,,,'4;1;-;8;9;=;7;3;0','4;1;+;8;9;=;1;3;0'
3701,'97+65=153','97+56=153',digit_to_digit,3,6,5,4,5,6,,,,,,,'9;7;+;6;5;=;1;5;3','9;7;+;5;6;=;1;5;3'
3702,'87-58=21','87-66=21',digit_to_digit,4,8,6,3,5,6,,,,,,,'8;7;-;5;8;=;2;1','8;7;-;6;6;=;2;1'
3703,'12+99=-67','12-99=-87',op_and_digit_balance,2,+,-,7,6,8,,,,,,,'1;2;+;9;9;=;-;6;7','1;2;-;9;9;=;-;8;7'
3704,'39+15=23','38-15=23',op_and_digit_balance,2,+,-,1,9,8,,,,,,,'3;9;+;1;5;=;2;3','3;8;-;1;5;=;2;3'
3705,'47-55=-24','41-65=-24',digit_to_digit,1,7,1,3,5,6,,,,,,,'4;7;-;5;5;=;-;2;4','4;1;-;6;5;=;-;2;4'
3706,'53+13=50','63-13=50',op_and_digit_balance,2,+,-,0,5,6,,,,,,,'5;3;+;1;3;=;5;0','6;3;-;1;3;=;5;0'
3707,'22-51=-39','22-57=-35',digit_to_digit,8,9,5,4,1,7,,,,,,,'2;2;-;5;1;=;-;3;9','2;2;-;5;7;=;-;3;5'
3708,'51+36=-45','51-96=-45',op_and_digit_balance,2,+,-,3,3,9,,,,,,,'5;1;+;3;6;=;-;4;5','5;1;-;9;6;=;-;4;5'
3709,'89-25=57','83-26=57',digit_to_digit,1,9,3,4,5,6,,,,,,,'8;9;-;2;5;=;5;7','8;3;-;2;6;=;5;7'
3710,'77-98=179','77+98=175',op_and_digit_balance,8,9,5,2,-,+,,,,,,,'7;7;-;9;8;=;1;7;9','7;7;+;9;8;=;1;7;5'
3711,'37-99=-72','27-99=-72',within_digit,0,3,2,,,,,,,,,,'3;7;-;9;9;=;-;7;2','2;7;-;9;9;=;-;7;2'
3712,'20-68=80','20+60=80',op_and_digit_balance,4,8,0,2,-,+,,,,,,,'2;0;-;6;8;=;8;0','2;0;+;6;0;=;8;0'
3713,'12-29=-27','12-39=-27',within_digit,3,2,3,,,,,,,,,,'1;2;-;2;9;=;-;2;7','1;2;-;3;9;=;-;2;7'
3714,'53+91=-39','53-91=-38',op_and_digit_balance,2,+,-,8,9,8,,,,,,,'5;3;+;9;1;=;-;3;9','5;3;-;9;1;=;-;3;8'
3715,'48-29=12','40-28=12',digit_to_digit,1,8,0,4,9,8,,,,,,,'4;8;-;2;9;=;1;2','4;0;-;2;8;=;1;2'
3716,'57-89=-41','57-98=-41',digit_to_digit,3,8,9,4,9,8,,,,,,,'5;7;-;8;9;=;-;4;1','5;7;-;9;8;=;-;4;1'
3717,'85-87=-7','86-87=-1',digit_to_digit,7,7,1,1,5,6,,,,,,,'8;5;-;8;7;=;-;7','8;6;-;8;7;=;-;1'
3718,'40-10=90','40+10=50',op_and_digit_balance,6,9,5,2,-,+,,,,,,,'4;0;-;1;0;=;9;0','4;0;+;1;0;=;5;0'
3719,'41+14=33','47-14=33',op_and_digit_balance,2,+,-,1,1,7,,,,,,,'4;1;+;1;4;=;3;3','4;7;-;1;4;=;3;3'
3720,'98-96=186','90+96=186',op_and_digit_balance,1,8,0,2,-,+,,,,,,,'9;8;-;9;6;=;1;8;6','9;0;+;9;6;=;1;8;6'
3721,'95+12=73','85-12=73',op_and_digit_balance,2,+,-,0,9,8,,,,,,,'9;5;+;1;2;=;7;3','8;5;-;1;2;=;7;3'
3722,'46-75=721','46+75=121',op_and_digit_balance,6,7,1,2,-,+,,,,,,,'4;6;-;7;5;=;7;2;1','4;6;+;7;5;=;1;2;1'
3723,'22-18=48','22+18=40',op_and_digit_balance,7,8,0,2,-,+,,,,,,,'2;2;-;1;8;=;4;8','2;2;+;1;8;=;4;0'
3724,'44+59=39','44+55=99',digit_to_digit,4,9,5,6,3,9,,,,,,,'4;4;+;5;9;=;3;9','4;4;+;5;5;=;9;9'
3725,'37+50=121','31+90=121',digit_to_digit,1,7,1,3,5,9,,,,,,,'3;7;+;5;0;=;1;2;1','3;1;+;9;0;=;1;2;1'
3726,'79-91=42','79-37=42',digit_to_digit,3,9,3,4,1,7,,,,,,,'7;9;-;9;1;=;4;2','7;9;-;3;7;=;4;2'
3727,'48-92=132','40+92=132',op_and_digit_balance,1,8,0,2,-,+,,,,,,,'4;8;-;9;2;=;1;3;2','4;0;+;9;2;=;1;3;2'
3728,'84-39=723','84+39=123',op_and_digit_balance,6,7,1,2,-,+,,,,,,,'8;4;-;3;9;=;7;2;3','8;4;+;3;9;=;1;2;3'
3729,'99-22=81','59+22=81',op_and_digit_balance,0,9,5,2,-,+,,,,,,,'9;9;-;2;2;=;8;1','5;9;+;2;2;=;8;1'
3730,'19-75=-50','15-75=-60',digit_to_digit,1,9,5,7,5,6,,,,,,,'1;9;-;7;5;=;-;5;0','1;5;-;7;5;=;-;6;0'
3731,'75+34=185','75+34=109',digit_to_digit,7,8,0,8,5,9,,,,,,,'7;5;+;3;4;=;1;8;5','7;5;+;3;4;=;1;0;9'
3732,'49+82=138','48+82=130',digit_to_digit,8,8,0,1,9,8,,,,,,,'4;9;+;8;2;=;1;3;8','4;8;+;8;2;=;1;3;0'
3733,'44-91=-63','44-97=-53',digit_to_digit,7,6,5,4,1,7,,,,,,,'4;4;-;9;1;=;-;6;3','4;4;-;9;7;=;-;5;3'
3734,'29+95=725','29+96=125',digit_to_digit,6,7,1,4,5,6,,,,,,,'2;9;+;9;5;=;7;2;5','2;9;+;9;6;=;1;2;5'
3735,'11-58=61','11+50=61',op_and_digit_balance,3,8,0,1,-,+,,,,,,,'11;-;5;8;=;6;1','11;+;5;0;=;6;1'
3736,'20+17=87','20+77=97',digit_to_digit,6,8,9,3,1,7,,,,,,,'2;0;+;1;7;=;8;7','2;0;+;7;7;=;9;7'
3737,'90+77=176','98+77=175',digit_to_digit,8,6,5,1,0,8,,,,,,,'9;0;+;7;7;=;1;7;6','9;8;+;7;7;=;1;7;5'
3738,'23+29=45','23+23=46',digit_to_digit,4,9,3,7,5,6,,,,,,,'2;3;+;2;9;=;4;5','2;3;+;2;3;=;4;6'
3739,'86=59-27','86-59=27',swap_-_and_=,2,=,-,5,-,=,,,,,,,'8;6;=;5;9;-;2;7','8;6;-;5;9;=;2;7'
3740,'73+84=103','19+84=103',digit_to_digit,0,7,1,1,3,9,,,,,,,'7;3;+;8;4;=;1;0;3','1;9;+;8;4;=;1;0;3'
3741,'23+30=-1','23-30=-7',op_and_digit_balance,2,+,-,7,1,7,,,,,,,'2;3;+;3;0;=;-;1','2;3;-;3;0;=;-;7'
3742,'27-63=84','21+63=84',op_and_digit_balance,1,7,1,2,-,+,,,,,,,'2;7;-;6;3;=;8;4','2;1;+;6;3;=;8;4'
3743,'71-36=47','77-36=41',digit_to_digit,7,7,1,1,1,7,,,,,,,'7;1;-;3;6;=;4;7','7;7;-;3;6;=;4;1'
3744,'88-70=11','89-78=11',digit_to_digit,1,8,9,4,0,8,,,,,,,'8;8;-;7;0;=;11','8;9;-;7;8;=;11'
3745,'73+53=26','79-53=26',op_and_digit_balance,2,+,-,1,3,9,,,,,,,'7;3;+;5;3;=;2;6','7;9;-;5;3;=;2;6'
3746,'57+80=127','57+80=137',within_digit,7,2,3,,,,,,,,,,'5;7;+;8;0;=;1;2;7','5;7;+;8;0;=;1;3;7'
3747,'90+10=48','30+18=48',digit_to_digit,0,9,3,4,0,8,,,,,,,'9;0;+;1;0;=;4;8','3;0;+;1;8;=;4;8'
3748,'97+49=137','97+40=137',within_digit,4,9,0,,,,,,,,,,'9;7;+;4;9;=;1;3;7','9;7;+;4;0;=;1;3;7'
3749,'13+15=4','19-15=4',op_and_digit_balance,2,+,-,1,3,9,,,,,,,'1;3;+;1;5;=;4','1;9;-;1;5;=;4'
3750,'38+74=113','38+74=112',within_digit,7,3,2,,,,,,,,,,'3;8;+;7;4;=;11;3','3;8;+;7;4;=;11;2'
3751,'15-74=2','16-14=2',digit_to_digit,3,7,1,1,5,6,,,,,,,'1;5;-;7;4;=;2','1;6;-;1;4;=;2'
3752,'51+62=723','61+62=123',digit_to_digit,6,7,1,0,5,6,,,,,,,'5;1;+;6;2;=;7;2;3','6;1;+;6;2;=;1;2;3'
3753,'92+77=759','82+77=159',digit_to_digit,6,7,1,0,9,8,,,,,,,'9;2;+;7;7;=;7;5;9','8;2;+;7;7;=;1;5;9'
3754,'68+29=81','68+29=97',digit_to_digit,6,8,9,7,1,7,,,,,,,'6;8;+;2;9;=;8;1','6;8;+;2;9;=;9;7'
3755,'53+85=-33','53-86=-33',op_and_digit_balance,2,+,-,4,5,6,,,,,,,'5;3;+;8;5;=;-;3;3','5;3;-;8;6;=;-;3;3'
3756,'36+98=-52','36-98=-62',op_and_digit_balance,2,+,-,7,5,6,,,,,,,'3;6;+;9;8;=;-;5;2','3;6;-;9;8;=;-;6;2'
3757,'50+24=25','50-24=26',op_and_digit_balance,2,+,-,7,5,6,,,,,,,'5;0;+;2;4;=;2;5','5;0;-;2;4;=;2;6'
3758,'45+89=-43','46-89=-43',op_and_digit_balance,2,+,-,1,5,6,,,,,,,'4;5;+;8;9;=;-;4;3','4;6;-;8;9;=;-;4;3'
3759,'36+24=14','38-24=14',op_and_digit_balance,2,+,-,1,6,8,,,,,,,'3;6;+;2;4;=;1;4','3;8;-;2;4;=;1;4'
3760,'68-89=-7','88-89=-1',digit_to_digit,7,7,1,0,6,8,,,,,,,'6;8;-;8;9;=;-;7','8;8;-;8;9;=;-;1'
3761,'76-44=128','76+44=120',op_and_digit_balance,8,8,0,2,-,+,,,,,,,'7;6;-;4;4;=;1;2;8','7;6;+;4;4;=;1;2;0'
3762,'91+41=198','91+47=138',digit_to_digit,7,9,3,4,1,7,,,,,,,'9;1;+;4;1;=;1;9;8','9;1;+;4;7;=;1;3;8'
3763,'70=34-36','70-34=36',swap_-_and_=,2,=,-,5,-,=,,,,,,,'7;0;=;3;4;-;3;6','7;0;-;3;4;=;3;6'
3764,'10+17=-1','10-17=-7',op_and_digit_balance,2,+,-,7,1,7,,,,,,,'1;0;+;1;7;=;-;1','1;0;-;1;7;=;-;7'
3765,'34-49=49','94-49=45',digit_to_digit,7,9,5,0,3,9,,,,,,,'3;4;-;4;9;=;4;9','9;4;-;4;9;=;4;5'
3766,'32+60=-48','32-80=-48',op_and_digit_balance,2,+,-,3,6,8,,,,,,,'3;2;+;6;0;=;-;4;8','3;2;-;8;0;=;-;4;8'
3767,'11-42=-21','11-42=-31',within_digit,6,2,3,,,,,,,,,,'11;-;4;2;=;-;2;1','11;-;4;2;=;-;3;1'
3768,'87-49=99','87-48=39',digit_to_digit,6,9,3,4,9,8,,,,,,,'8;7;-;4;9;=;9;9','8;7;-;4;8;=;3;9'
3769,'50+38=52','90-38=52',op_and_digit_balance,2,+,-,0,5,9,,,,,,,'5;0;+;3;8;=;5;2','9;0;-;3;8;=;5;2'
3770,'48+69=-20','48-68=-20',op_and_digit_balance,2,+,-,4,9,8,,,,,,,'4;8;+;6;9;=;-;2;0','4;8;-;6;8;=;-;2;0'
3771,'53-97=-411','53-97=-44',four_eleven,8,11,4,,,,,,,,,,'5;3;-;9;7;=;-;4;11','5;3;-;9;7;=;-;4;4'
3772,'83=29-54','83-29=54',swap_-_and_=,2,=,-,5,-,=,,,,,,,'8;3;=;2;9;-;5;4','8;3;-;2;9;=;5;4'
3773,'44=52--8','44-52=-8',swap_-_and_=,2,=,-,5,-,=,,,,,,,'4;4;=;5;2;-;-;8','4;4;-;5;2;=;-;8'
3774,'46-79=119','46+73=119',op_and_digit_balance,4,9,3,2,-,+,,,,,,,'4;6;-;7;9;=;11;9','4;6;+;7;3;=;11;9'
3775,'32-86=-64','22-86=-64',within_digit,0,3,2,,,,,,,,,,'3;2;-;8;6;=;-;6;4','2;2;-;8;6;=;-;6;4'
3776,'99-16=114','99+15=114',op_and_digit_balance,4,6,5,2,-,+,,,,,,,'9;9;-;1;6;=;11;4','9;9;+;1;5;=;11;4'
3777,'82-59=22','82-59=23',within_digit,7,2,3,,,,,,,,,,'8;2;-;5;9;=;2;2','8;2;-;5;9;=;2;3'
3778,'48-62=111','49+62=111',op_and_digit_balance,1,8,9,2,-,+,,,,,,,'4;8;-;6;2;=;1;11','4;9;+;6;2;=;1;11'
3779,'73+67=180','73+87=160',digit_to_digit,7,8,6,3,6,8,,,,,,,'7;3;+;6;7;=;1;8;0','7;3;+;8;7;=;1;6;0'
3780,'73-66=73','79-66=13',digit_to_digit,6,7,1,1,3,9,,,,,,,'7;3;-;6;6;=;7;3','7;9;-;6;6;=;1;3'
3781,'54+76=-12','64-76=-12',op_and_digit_balance,2,+,-,0,5,6,,,,,,,'5;4;+;7;6;=;-;1;2','6;4;-;7;6;=;-;1;2'
3782,'65=69--4','65-69=-4',swap_-_and_=,2,=,-,5,-,=,,,,,,,'6;5;=;6;9;-;-;4','6;5;-;6;9;=;-;4'
3783,'59-42=16','59-43=16',within_digit,4,2,3,,,,,,,,,,'5;9;-;4;2;=;1;6','5;9;-;4;3;=;1;6'
3784,'28+49=74','26+48=74',digit_to_digit,1,8,6,4,9,8,,,,,,,'2;8;+;4;9;=;7;4','2;6;+;4;8;=;7;4'
3785,'33+71=118','33+77=110',digit_to_digit,7,8,0,4,1,7,,,,,,,'3;3;+;7;1;=;11;8','3;3;+;7;7;=;11;0'
3786,'92-79=167','92+75=167',op_and_digit_balance,4,9,5,2,-,+,,,,,,,'9;2;-;7;9;=;1;6;7','9;2;+;7;5;=;1;6;7'
3787,'24+23=59','24+29=53',digit_to_digit,7,9,3,4,3,9,,,,,,,'2;4;+;2;3;=;5;9','2;4;+;2;9;=;5;3'
3788,'25+51=-25','26-51=-25',op_and_digit_balance,2,+,-,1,5,6,,,,,,,'2;5;+;5;1;=;-;2;5','2;6;-;5;1;=;-;2;5'
3789,'94-88=782','94+88=182',op_and_digit_balance,6,7,1,2,-,+,,,,,,,'9;4;-;8;8;=;7;8;2','9;4;+;8;8;=;1;8;2'
3790,'86+49=38','86-48=38',op_and_digit_balance,2,+,-,4,9,8,,,,,,,'8;6;+;4;9;=;3;8','8;6;-;4;8;=;3;8'
3791,'95-15=-40','35-75=-40',digit_to_digit,0,9,3,3,1,7,,,,,,,'9;5;-;1;5;=;-;4;0','3;5;-;7;5;=;-;4;0'
3792,'30+85=-59','30-89=-59',op_and_digit_balance,2,+,-,4,5,9,,,,,,,'3;0;+;8;5;=;-;5;9','3;0;-;8;9;=;-;5;9'
3793,'33-89=-44','39-83=-44',digit_to_digit,4,9,3,1,3,9,,,,,,,'3;3;-;8;9;=;-;4;4','3;9;-;8;3;=;-;4;4'
3794,'31-86=116','31+85=116',op_and_digit_balance,4,6,5,2,-,+,,,,,,,'3;1;-;8;6;=;11;6','3;1;+;8;5;=;11;6'
3795,'95+16=19','95-16=79',op_and_digit_balance,2,+,-,6,1,7,,,,,,,'9;5;+;1;6;=;1;9','9;5;-;1;6;=;7;9'
3796,'66+83=3','86-83=3',op_and_digit_balance,2,+,-,0,6,8,,,,,,,'6;6;+;8;3;=;3','8;6;-;8;3;=;3'
3797,'56=21-35','56-21=35',swap_-_and_=,2,=,-,5,-,=,,,,,,,'5;6;=;2;1;-;3;5','5;6;-;2;1;=;3;5'
3798,'30+78=56','38+18=56',digit_to_digit,3,7,1,1,0,8,,,,,,,'3;0;+;7;8;=;5;6','3;8;+;1;8;=;5;6'
3799,'91+33=54','31+33=64',digit_to_digit,0,9,3,6,5,6,,,,,,,'9;1;+;3;3;=;5;4','3;1;+;3;3;=;6;4'
3800,'69=36-33','69-36=33',swap_-_and_=,2,=,-,5,-,=,,,,,,,'6;9;=;3;6;-;3;3','6;9;-;3;6;=;3;3'
3801,'81+21=88','67+21=88',digit_to_digit,0,8,6,1,1,7,,,,,,,'8;1;+;2;1;=;8;8','6;7;+;2;1;=;8;8'
3802,'87+31=50','87-37=50',op_and_digit_balance,2,+,-,4,1,7,,,,,,,'8;7;+;3;1;=;5;0','8;7;-;3;7;=;5;0'
3803,'75-36=49','79-36=43',digit_to_digit,7,9,3,1,5,9,,,,,,,'7;5;-;3;6;=;4;9','7;9;-;3;6;=;4;3'
3804,'58+84=143','58+84=142',within_digit,8,3,2,,,,,,,,,,'5;8;+;8;4;=;1;4;3','5;8;+;8;4;=;1;4;2'
3805,'55=69--14','55-69=-14',swap_-_and_=,2,=,-,5,-,=,,,,,,,'5;5;=;6;9;-;-;1;4','5;5;-;6;9;=;-;1;4'
3806,'57+52=15','67-52=15',op_and_digit_balance,2,+,-,0,5,6,,,,,,,'5;7;+;5;2;=;1;5','6;7;-;5;2;=;1;5'
3807,'81-69=15','81-65=16',digit_to_digit,4,9,5,7,5,6,,,,,,,'8;1;-;6;9;=;1;5','8;1;-;6;5;=;1;6'
3808,'73+86=195','73+86=159',digit_to_digit,7,9,5,8,5,9,,,,,,,'7;3;+;8;6;=;1;9;5','7;3;+;8;6;=;1;5;9'
3809,'15+92=127','75+52=127',digit_to_digit,3,9,5,0,1,7,,,,,,,'1;5;+;9;2;=;1;2;7','7;5;+;5;2;=;1;2;7'
3810,'40-97=-41','40-81=-41',digit_to_digit,4,7,1,3,9,8,,,,,,,'4;0;-;9;7;=;-;4;1','4;0;-;8;1;=;-;4;1'
3811,'76-50=125','75+50=125',op_and_digit_balance,1,6,5,2,-,+,,,,,,,'7;6;-;5;0;=;1;2;5','7;5;+;5;0;=;1;2;5'
3812,'18-57=-48','19-67=-48',digit_to_digit,1,8,9,3,5,6,,,,,,,'1;8;-;5;7;=;-;4;8','1;9;-;6;7;=;-;4;8'
3813,'62-23=29','62-23=39',within_digit,6,2,3,,,,,,,,,,'6;2;-;2;3;=;2;9','6;2;-;2;3;=;3;9'
3814,'80+15=61','80-19=61',op_and_digit_balance,2,+,-,4,5,9,,,,,,,'8;0;+;1;5;=;6;1','8;0;-;1;9;=;6;1'
3815,'87-17=704','87+17=104',op_and_digit_balance,6,7,1,2,-,+,,,,,,,'8;7;-;1;7;=;7;0;4','8;7;+;1;7;=;1;0;4'
3816,'23=48--25','23-48=-25',swap_-_and_=,2,=,-,5,-,=,,,,,,,'2;3;=;4;8;-;-;2;5','2;3;-;4;8;=;-;2;5'
3817,'97-94=185','91+94=185',op_and_digit_balance,1,7,1,2,-,+,,,,,,,'9;7;-;9;4;=;1;8;5','9;1;+;9;4;=;1;8;5'
3818,'38+18=108','38+70=108',digit_to_digit,4,8,0,3,1,7,,,,,,,'3;8;+;1;8;=;1;0;8','3;8;+;7;0;=;1;0;8'
3819,'99+31=62','99-37=62',op_and_digit_balance,2,+,-,4,1,7,,,,,,,'9;9;+;3;1;=;6;2','9;9;-;3;7;=;6;2'
3820,'98=30-68','98-30=68',swap_-_and_=,2,=,-,5,-,=,,,,,,,'9;8;=;3;0;-;6;8','9;8;-;3;0;=;6;8'
3821,'93-83=776','93+83=176',op_and_digit_balance,6,7,1,2,-,+,,,,,,,'9;3;-;8;3;=;7;7;6','9;3;+;8;3;=;1;7;6'
3822,'84-91=47','84-37=47',digit_to_digit,3,9,3,4,1,7,,,,,,,'8;4;-;9;1;=;4;7','8;4;-;3;7;=;4;7'
3823,'74-42=118','74+42=116',op_and_digit_balance,7,8,6,2,-,+,,,,,,,'7;4;-;4;2;=;11;8','7;4;+;4;2;=;11;6'
3824,'77+52=70','77-5-2=70',,2,+,-,,,,,,,,,,7;7;+;5;2;=;7;0',7;7;-;5;-;2;=;7;0'
3825,'40+34=194','40+94=134',digit_to_digit,7,9,3,3,3,9,,,,,,,'4;0;+;3;4;=;1;9;4','4;0;+;9;4;=;1;3;4'
3826,'81-59=150','91+59=150',op_and_digit_balance,0,8,9,2,-,+,,,,,,,'8;1;-;5;9;=;1;5;0','9;1;+;5;9;=;1;5;0'
3827,'39-53=-111','39-53=-14',four_eleven,8,11,4,,,,,,,,,,'3;9;-;5;3;=;-;1;11','3;9;-;5;3;=;-;1;4'
3828,'85+25=50','85-25=60',op_and_digit_balance,2,+,-,6,5,6,,,,,,,'8;5;+;2;5;=;5;0','8;5;-;2;5;=;6;0'
3829,'66+38=724','86+38=124',digit_to_digit,6,7,1,0,6,8,,,,,,,'6;6;+;3;8;=;7;2;4','8;6;+;3;8;=;1;2;4'
3830,'67-86=753','67+86=153',op_and_digit_balance,6,7,1,2,-,+,,,,,,,'6;7;-;8;6;=;7;5;3','6;7;+;8;6;=;1;5;3'
3831,'48-61=110','49+61=110',op_and_digit_balance,1,8,9,2,-,+,,,,,,,'4;8;-;6;1;=;11;0','4;9;+;6;1;=;11;0'
3832,'98-28=127','98+29=127',op_and_digit_balance,4,8,9,2,-,+,,,,,,,'9;8;-;2;8;=;1;2;7','9;8;+;2;9;=;1;2;7'
3833,'17-93=-75','17-92=-75',within_digit,4,3,2,,,,,,,,,,'1;7;-;9;3;=;-;7;5','1;7;-;9;2;=;-;7;5'
3834,'43-88=-99','49-88=-39',digit_to_digit,7,9,3,1,3,9,,,,,,,'4;3;-;8;8;=;-;9;9','4;9;-;8;8;=;-;3;9'
3835,'22-30=62','22+30=52',op_and_digit_balance,6,6,5,2,-,+,,,,,,,'2;2;-;3;0;=;6;2','2;2;+;3;0;=;5;2'
3836,'59+19=50','69-19=50',op_and_digit_balance,2,+,-,0,5,6,,,,,,,'5;9;+;1;9;=;5;0','6;9;-;1;9;=;5;0'
3837,'46+39=75','46+29=75',within_digit,3,3,2,,,,,,,,,,'4;6;+;3;9;=;7;5','4;6;+;2;9;=;7;5'
3838,'70=26-44','70-26=44',swap_-_and_=,2,=,-,5,-,=,,,,,,,'7;0;=;2;6;-;4;4','7;0;-;2;6;=;4;4'
3839,'69-14=-11','63-74=-11',digit_to_digit,1,9,3,3,1,7,,,,,,,'6;9;-;1;4;=;-;11','6;3;-;7;4;=;-;11'
3840,'49-48=87','49+48=97',op_and_digit_balance,6,8,9,2,-,+,,,,,,,'4;9;-;4;8;=;8;7','4;9;+;4;8;=;9;7'
3841,'46=10-36','46-10=36',swap_-_and_=,2,=,-,5,-,=,,,,,,,'4;6;=;1;0;-;3;6','4;6;-;1;0;=;3;6'
3842,'35+52=-16','36-52=-16',op_and_digit_balance,2,+,-,1,5,6,,,,,,,'3;5;+;5;2;=;-;1;6','3;6;-;5;2;=;-;1;6'
3843,'32+21=5','32-27=5',op_and_digit_balance,2,+,-,4,1,7,,,,,,,'3;2;+;2;1;=;5','3;2;-;2;7;=;5'
3844,'78=34-44','78-34=44',swap_-_and_=,2,=,-,5,-,=,,,,,,,'7;8;=;3;4;-;4;4','7;8;-;3;4;=;4;4'
3845,'33+95=-52','33-95=-62',op_and_digit_balance,2,+,-,7,5,6,,,,,,,'3;3;+;9;5;=;-;5;2','3;3;-;9;5;=;-;6;2'
3846,'67+92=-5','87-92=-5',op_and_digit_balance,2,+,-,0,6,8,,,,,,,'6;7;+;9;2;=;-;5','8;7;-;9;2;=;-;5'
3847,'94-32=86','54+32=86',op_and_digit_balance,0,9,5,2,-,+,,,,,,,'9;4;-;3;2;=;8;6','5;4;+;3;2;=;8;6'
3848,'17=64--47','17-64=-47',swap_-_and_=,2,=,-,5,-,=,,,,,,,'1;7;=;6;4;-;-;4;7','1;7;-;6;4;=;-;4;7'
3849,'97+93=14','97-83=14',op_and_digit_balance,2,+,-,3,9,8,,,,,,,'9;7;+;9;3;=;1;4','9;7;-;8;3;=;1;4'
3850,'12-63=76','12+63=75',op_and_digit_balance,7,6,5,2,-,+,,,,,,,'1;2;-;6;3;=;7;6','1;2;+;6;3;=;7;5'
3851,'63+21=811','63+21=84',four_eleven,7,11,4,,,,,,,,,,'6;3;+;2;1;=;8;11','6;3;+;2;1;=;8;4'
3852,'58+58=45','58-5-8=45',,2,+,-,,,,,,,,,,5;8;+;5;8;=;4;5',5;8;-;5;-;8;=;4;5'
3853,'99-69=164','99+65=164',op_and_digit_balance,4,9,5,2,-,+,,,,,,,'9;9;-;6;9;=;1;6;4','9;9;+;6;5;=;1;6;4'
3854,'63-18=115','63-18=45',four_eleven,6,11,4,,,,,,,,,,'6;3;-;1;8;=;11;5','6;3;-;1;8;=;4;5'
3855,'56+31=35','66-31=35',op_and_digit_balance,2,+,-,0,5,6,,,,,,,'5;6;+;3;1;=;3;5','6;6;-;3;1;=;3;5'
3856,'33+26=1','33-26=7',op_and_digit_balance,2,+,-,6,1,7,,,,,,,'3;3;+;2;6;=;1','3;3;-;2;6;=;7'
3857,'91+87=718','91+87=178',digit_to_digit,6,7,1,7,1,7,,,,,,,'9;1;+;8;7;=;7;1;8','9;1;+;8;7;=;1;7;8'
3858,'57+76=-21','57-78=-21',op_and_digit_balance,2,+,-,4,6,8,,,,,,,'5;7;+;7;6;=;-;2;1','5;7;-;7;8;=;-;2;1'
3859,'73+26=38','73+25=98',digit_to_digit,4,6,5,6,3,9,,,,,,,'7;3;+;2;6;=;3;8','7;3;+;2;5;=;9;8'
3860,'58+88=136','68+68=136',digit_to_digit,3,8,6,0,5,6,,,,,,,'5;8;+;8;8;=;1;3;6','6;8;+;6;8;=;1;3;6'
3861,'78+36=166','70+96=166',digit_to_digit,1,8,0,3,3,9,,,,,,,'7;8;+;3;6;=;1;6;6','7;0;+;9;6;=;1;6;6'
3862,'65=26-39','65-26=39',swap_-_and_=,2,=,-,5,-,=,,,,,,,'6;5;=;2;6;-;3;9','6;5;-;2;6;=;3;9'
3863,'75=92--17','75-92=-17',swap_-_and_=,2,=,-,5,-,=,,,,,,,'7;5;=;9;2;-;-;1;7','7;5;-;9;2;=;-;1;7'
3864,'50+11=47','58-11=47',op_and_digit_balance,2,+,-,1,0,8,,,,,,,'5;0;+;11;=;4;7','5;8;-;11;=;4;7'
3865,'49-96=144','49+95=144',op_and_digit_balance,4,6,5,2,-,+,,,,,,,'4;9;-;9;6;=;1;4;4','4;9;+;9;5;=;1;4;4'
3866,'37-90=87','37+50=87',op_and_digit_balance,3,9,5,2,-,+,,,,,,,'3;7;-;9;0;=;8;7','3;7;+;5;0;=;8;7'
3867,'83-37=45','82-37=45',within_digit,1,3,2,,,,,,,,,,'8;3;-;3;7;=;4;5','8;2;-;3;7;=;4;5'
3868,'24+30=-5','24-30=-6',op_and_digit_balance,2,+,-,7,5,6,,,,,,,'2;4;+;3;0;=;-;5','2;4;-;3;0;=;-;6'
3869,'15=40--25','15-40=-25',swap_-_and_=,2,=,-,5,-,=,,,,,,,'1;5;=;4;0;-;-;2;5','1;5;-;4;0;=;-;2;5'
3870,'23+93=75','23+53=76',digit_to_digit,3,9,5,7,5,6,,,,,,,'2;3;+;9;3;=;7;5','2;3;+;5;3;=;7;6'
3871,'49+45=68','43+45=88',digit_to_digit,1,9,3,6,6,8,,,,,,,'4;9;+;4;5;=;6;8','4;3;+;4;5;=;8;8'
3872,'52+86=150','52+98=150',digit_to_digit,3,8,9,4,6,8,,,,,,,'5;2;+;8;6;=;1;5;0','5;2;+;9;8;=;1;5;0'
3873,'95+94=130','96+34=130',digit_to_digit,3,9,3,1,5,6,,,,,,,'9;5;+;9;4;=;1;3;0','9;6;+;3;4;=;1;3;0'
3874,'24+16=9','24-16=8',op_and_digit_balance,2,+,-,6,9,8,,,,,,,'2;4;+;1;6;=;9','2;4;-;1;6;=;8'
3875,'88+49=35','88-49=39',op_and_digit_balance,2,+,-,7,5,9,,,,,,,'8;8;+;4;9;=;3;5','8;8;-;4;9;=;3;9'
3876,'39+52=47','99-52=47',op_and_digit_balance,2,+,-,0,3,9,,,,,,,'3;9;+;5;2;=;4;7','9;9;-;5;2;=;4;7'
3877,'65=51-14','65-51=14',swap_-_and_=,2,=,-,5,-,=,,,,,,,'6;5;=;5;1;-;1;4','6;5;-;5;1;=;1;4'
3878,'46-88=144','46+98=144',op_and_digit_balance,3,8,9,2,-,+,,,,,,,'4;6;-;8;8;=;1;4;4','4;6;+;9;8;=;1;4;4'
3879,'46-37=19','46-27=19',within_digit,3,3,2,,,,,,,,,,'4;6;-;3;7;=;1;9','4;6;-;2;7;=;1;9'
3880,'87=86-1','87-86=1',swap_-_and_=,2,=,-,5,-,=,,,,,,,'8;7;=;8;6;-;1','8;7;-;8;6;=;1'
3881,'64+25=35','64-25=39',op_and_digit_balance,2,+,-,7,5,9,,,,,,,'6;4;+;2;5;=;3;5','6;4;-;2;5;=;3;9'
3882,'60-64=76','80-64=16',digit_to_digit,6,7,1,0,6,8,,,,,,,'6;0;-;6;4;=;7;6','8;0;-;6;4;=;1;6'
3883,'98-25=124','99+25=124',op_and_digit_balance,1,8,9,2,-,+,,,,,,,'9;8;-;2;5;=;1;2;4','9;9;+;2;5;=;1;2;4'
3884,'86+10=75','66+10=76',digit_to_digit,0,8,6,7,5,6,,,,,,,'8;6;+;1;0;=;7;5','6;6;+;1;0;=;7;6'
3885,'16=34--18','16-34=-18',swap_-_and_=,2,=,-,5,-,=,,,,,,,'1;6;=;3;4;-;-;1;8','1;6;-;3;4;=;-;1;8'
3886,'94+55=113','54+59=113',digit_to_digit,0,9,5,4,5,9,,,,,,,'9;4;+;5;5;=;11;3','5;4;+;5;9;=;11;3'
3887,'83+76=1','83-76=7',op_and_digit_balance,2,+,-,6,1,7,,,,,,,'8;3;+;7;6;=;1','8;3;-;7;6;=;7'
3888,'26+20=116','26+20=46',four_eleven,6,11,4,,,,,,,,,,'2;6;+;2;0;=;11;6','2;6;+;2;0;=;4;6'
3889,'95+20=15','95-20=75',op_and_digit_balance,2,+,-,6,1,7,,,,,,,'9;5;+;2;0;=;1;5','9;5;-;2;0;=;7;5'
3890,'73-37=35','72-37=35',within_digit,1,3,2,,,,,,,,,,'7;3;-;3;7;=;3;5','7;2;-;3;7;=;3;5'
3891,'27-98=-17','27-98=-71',digit_to_digit,8,7,1,7,1,7,,,,,,,'2;7;-;9;8;=;-;1;7','2;7;-;9;8;=;-;7;1'
3892,'93-14=78','92-14=78',within_digit,1,3,2,,,,,,,,,,'9;3;-;1;4;=;7;8','9;2;-;1;4;=;7;8'
3893,'48-78=127','48+79=127',op_and_digit_balance,4,8,9,2,-,+,,,,,,,'4;8;-;7;8;=;1;2;7','4;8;+;7;9;=;1;2;7'
3894,'32-31=67','92-31=61',digit_to_digit,7,7,1,0,3,9,,,,,,,'3;2;-;3;1;=;6;7','9;2;-;3;1;=;6;1'
3895,'52+83=149','62+83=145',digit_to_digit,8,9,5,0,5,6,,,,,,,'5;2;+;8;3;=;1;4;9','6;2;+;8;3;=;1;4;5'
3896,'78-96=172','76+96=172',op_and_digit_balance,1,8,6,2,-,+,,,,,,,'7;8;-;9;6;=;1;7;2','7;6;+;9;6;=;1;7;2'
3897,'85-97=-5','85-91=-6',digit_to_digit,4,7,1,7,5,6,,,,,,,'8;5;-;9;7;=;-;5','8;5;-;9;1;=;-;6'
3898,'77+74=31','17+74=91',digit_to_digit,0,7,1,6,3,9,,,,,,,'7;7;+;7;4;=;3;1','1;7;+;7;4;=;9;1'
3899,'43-97=-42','49-91=-42',digit_to_digit,4,7,1,1,3,9,,,,,,,'4;3;-;9;7;=;-;4;2','4;9;-;9;1;=;-;4;2'
3900,'53+30=29','59-30=29',op_and_digit_balance,2,+,-,1,3,9,,,,,,,'5;3;+;3;0;=;2;9','5;9;-;3;0;=;2;9'
3901,'88+31=109','88+21=109',within_digit,3,3,2,,,,,,,,,,'8;8;+;3;1;=;1;0;9','8;8;+;2;1;=;1;0;9'
3902,'31+75=45','31+15=46',digit_to_digit,3,7,1,7,5,6,,,,,,,'3;1;+;7;5;=;4;5','3;1;+;1;5;=;4;6'
3903,'66-63=-5','58-63=-5',digit_to_digit,0,6,5,1,6,8,,,,,,,'6;6;-;6;3;=;-;5','5;8;-;6;3;=;-;5'
3904,'20+12=6','20-12=8',op_and_digit_balance,2,+,-,6,6,8,,,,,,,'2;0;+;1;2;=;6','2;0;-;1;2;=;8'
3905,'37+69=185','37+69=106',digit_to_digit,7,8,0,8,5,6,,,,,,,'3;7;+;6;9;=;1;8;5','3;7;+;6;9;=;1;0;6'
3906,'37-89=106','37+69=106',op_and_digit_balance,3,8,6,2,-,+,,,,,,,'3;7;-;8;9;=;1;0;6','3;7;+;6;9;=;1;0;6'
3907,'74=97--23','74-97=-23',swap_-_and_=,2,=,-,5,-,=,,,,,,,'7;4;=;9;7;-;-;2;3','7;4;-;9;7;=;-;2;3'
3908,'20=98--78','20-98=-78',swap_-_and_=,2,=,-,5,-,=,,,,,,,'2;0;=;9;8;-;-;7;8','2;0;-;9;8;=;-;7;8'
3909,'37-54=85','31+54=85',op_and_digit_balance,1,7,1,2,-,+,,,,,,,'3;7;-;5;4;=;8;5','3;1;+;5;4;=;8;5'
3910,'32-99=-1','32-39=-7',digit_to_digit,3,9,3,7,1,7,,,,,,,'3;2;-;9;9;=;-;1','3;2;-;3;9;=;-;7'
3911,'87-17=184','87+17=104',op_and_digit_balance,7,8,0,2,-,+,,,,,,,'8;7;-;1;7;=;1;8;4','8;7;+;1;7;=;1;0;4'
3912,'51=88--37','51-88=-37',swap_-_and_=,2,=,-,5,-,=,,,,,,,'5;1;=;8;8;-;-;3;7','5;1;-;8;8;=;-;3;7'
3913,'89-52=21','83-62=21',digit_to_digit,1,9,3,3,5,6,,,,,,,'8;9;-;5;2;=;2;1','8;3;-;6;2;=;2;1'
3914,'99+39=0','99-99=0',op_and_digit_balance,2,+,-,3,3,9,,,,,,,'9;9;+;3;9;=;0','9;9;-;9;9;=;0'
3915,'95+85=781','95+86=181',digit_to_digit,6,7,1,4,5,6,,,,,,,'9;5;+;8;5;=;7;8;1','9;5;+;8;6;=;1;8;1'
3916,'73-59=13','72-59=13',within_digit,1,3,2,,,,,,,,,,'7;3;-;5;9;=;1;3','7;2;-;5;9;=;1;3'
3917,'67=65-2','67-65=2',swap_-_and_=,2,=,-,5,-,=,,,,,,,'6;7;=;6;5;-;2','6;7;-;6;5;=;2'
3918,'51+71=-14','57-71=-14',op_and_digit_balance,2,+,-,1,1,7,,,,,,,'5;1;+;7;1;=;-;1;4','5;7;-;7;1;=;-;1;4'
3919,'65+83=-24','65-89=-24',op_and_digit_balance,2,+,-,4,3,9,,,,,,,'6;5;+;8;3;=;-;2;4','6;5;-;8;9;=;-;2;4'
3920,'89-51=28','89-51=38',within_digit,6,2,3,,,,,,,,,,'8;9;-;5;1;=;2;8','8;9;-;5;1;=;3;8'
3921,'93-92=125','93+32=125',op_and_digit_balance,3,9,3,2,-,+,,,,,,,'9;3;-;9;2;=;1;2;5','9;3;+;3;2;=;1;2;5'
3922,'89-45=49','89-46=43',digit_to_digit,7,9,3,4,5,6,,,,,,,'8;9;-;4;5;=;4;9','8;9;-;4;6;=;4;3'
3923,'11+29=-19','11-29=-18',op_and_digit_balance,1,+,-,7,9,8,,,,,,,'11;+;2;9;=;-;1;9','11;-;2;9;=;-;1;8'
3924,'47-78=725','47+78=125',op_and_digit_balance,6,7,1,2,-,+,,,,,,,'4;7;-;7;8;=;7;2;5','4;7;+;7;8;=;1;2;5'
3925,'74+93=-9','74-83=-9',op_and_digit_balance,2,+,-,3,9,8,,,,,,,'7;4;+;9;3;=;-;9','7;4;-;8;3;=;-;9'
3926,'14+66=89','14+66=80',within_digit,7,9,0,,,,,,,,,,'1;4;+;6;6;=;8;9','1;4;+;6;6;=;8;0'
3927,'42-47=-4','43-47=-4',within_digit,1,2,3,,,,,,,,,,'4;2;-;4;7;=;-;4','4;3;-;4;7;=;-;4'
3928,'15=11-4','15-11=4',swap_-_and_=,2,=,-,4,-,=,,,,,,,'1;5;=;11;-;4','1;5;-;11;=;4'
3929,'55-29=78','55+23=78',op_and_digit_balance,4,9,3,2,-,+,,,,,,,'5;5;-;2;9;=;7;8','5;5;+;2;3;=;7;8'
3930,'79+23=192','79+23=102',within_digit,7,9,0,,,,,,,,,,'7;9;+;2;3;=;1;9;2','7;9;+;2;3;=;1;0;2'
3931,'92-90=-48','32-80=-48',digit_to_digit,0,9,3,3,9,8,,,,,,,'9;2;-;9;0;=;-;4;8','3;2;-;8;0;=;-;4;8'
3932,'91+95=706','91+95=186',digit_to_digit,6,7,1,7,0,8,,,,,,,'9;1;+;9;5;=;7;0;6','9;1;+;9;5;=;1;8;6'
3933,'77-63=740','77+63=140',op_and_digit_balance,6,7,1,2,-,+,,,,,,,'7;7;-;6;3;=;7;4;0','7;7;+;6;3;=;1;4;0'
3934,'97+50=149','91+58=149',digit_to_digit,1,7,1,4,0,8,,,,,,,'9;7;+;5;0;=;1;4;9','9;1;+;5;8;=;1;4;9'
3935,'74-15=65','74-15=59',digit_to_digit,6,6,5,7,5,9,,,,,,,'7;4;-;1;5;=;6;5','7;4;-;1;5;=;5;9'
3936,'82-80=3','83-80=3',within_digit,1,2,3,,,,,,,,,,'8;2;-;8;0;=;3','8;3;-;8;0;=;3'
3937,'48+13=60','48+12=60',within_digit,4,3,2,,,,,,,,,,'4;8;+;1;3;=;6;0','4;8;+;1;2;=;6;0'
3938,'28+65=54','29+65=94',digit_to_digit,1,8,9,6,5,9,,,,,,,'2;8;+;6;5;=;5;4','2;9;+;6;5;=;9;4'
3939,'92+34=48','82-34=48',op_and_digit_balance,2,+,-,0,9,8,,,,,,,'9;2;+;3;4;=;4;8','8;2;-;3;4;=;4;8'
3940,'65+72=-1','65-72=-7',op_and_digit_balance,2,+,-,7,1,7,,,,,,,'6;5;+;7;2;=;-;1','6;5;-;7;2;=;-;7'
3941,'25-72=37','25+12=37',op_and_digit_balance,3,7,1,2,-,+,,,,,,,'2;5;-;7;2;=;3;7','2;5;+;1;2;=;3;7'
3942,'51-18=49','61-18=43',digit_to_digit,7,9,3,0,5,6,,,,,,,'5;1;-;1;8;=;4;9','6;1;-;1;8;=;4;3'
3943,'22-18=-48','22-70=-48',digit_to_digit,4,8,0,3,1,7,,,,,,,'2;2;-;1;8;=;-;4;8','2;2;-;7;0;=;-;4;8'
3944,'87-26=119','87+26=113',op_and_digit_balance,7,9,3,2,-,+,,,,,,,'8;7;-;2;6;=;11;9','8;7;+;2;6;=;11;3'
3945,'90-59=92','90-58=32',digit_to_digit,6,9,3,4,9,8,,,,,,,'9;0;-;5;9;=;9;2','9;0;-;5;8;=;3;2'
3946,'79+31=40','79+31=110',four_eleven,6,4,11,,,,,,,,,,'7;9;+;3;1;=;4;0','7;9;+;3;1;=;11;0'
3947,'59+33=25','58-33=25',op_and_digit_balance,2,+,-,1,9,8,,,,,,,'5;9;+;3;3;=;2;5','5;8;-;3;3;=;2;5'
3948,'44+93=136','44+92=136',within_digit,4,3,2,,,,,,,,,,'4;4;+;9;3;=;1;3;6','4;4;+;9;2;=;1;3;6'
3949,'50+54=-44','50-94=-44',op_and_digit_balance,2,+,-,3,5,9,,,,,,,'5;0;+;5;4;=;-;4;4','5;0;-;9;4;=;-;4;4'
3950,'53+57=109','52+57=109',within_digit,1,3,2,,,,,,,,,,'5;3;+;5;7;=;1;0;9','5;2;+;5;7;=;1;0;9'
3951,'78+10=60','78-10=68',op_and_digit_balance,2,+,-,7,0,8,,,,,,,'7;8;+;1;0;=;6;0','7;8;-;1;0;=;6;8'
3952,'71+73=64','71+13=84',digit_to_digit,3,7,1,6,6,8,,,,,,,'7;1;+;7;3;=;6;4','7;1;+;1;3;=;8;4'
3953,'71+23=42','71-29=42',op_and_digit_balance,2,+,-,4,3,9,,,,,,,'7;1;+;2;3;=;4;2','7;1;-;2;9;=;4;2'
3954,'92=40-52','92-40=52',swap_-_and_=,2,=,-,5,-,=,,,,,,,'9;2;=;4;0;-;5;2','9;2;-;4;0;=;5;2'
3955,'83-26=189','83+26=109',op_and_digit_balance,7,8,0,2,-,+,,,,,,,'8;3;-;2;6;=;1;8;9','8;3;+;2;6;=;1;0;9'
3956,'54=37-17','54-37=17',swap_-_and_=,2,=,-,5,-,=,,,,,,,'5;4;=;3;7;-;1;7','5;4;-;3;7;=;1;7'
3957,'31+82=-45','37-82=-45',op_and_digit_balance,2,+,-,1,1,7,,,,,,,'3;1;+;8;2;=;-;4;5','3;7;-;8;2;=;-;4;5'
3958,'30+37=121','30+91=121',digit_to_digit,4,7,1,3,3,9,,,,,,,'3;0;+;3;7;=;1;2;1','3;0;+;9;1;=;1;2;1'
3959,'27=46--19','27-46=-19',swap_-_and_=,2,=,-,5,-,=,,,,,,,'2;7;=;4;6;-;-;1;9','2;7;-;4;6;=;-;1;9'
3960,'51-96=87','51+36=87',op_and_digit_balance,3,9,3,2,-,+,,,,,,,'5;1;-;9;6;=;8;7','5;1;+;3;6;=;8;7'
3961,'93+48=140','92+48=140',within_digit,1,3,2,,,,,,,,,,'9;3;+;4;8;=;1;4;0','9;2;+;4;8;=;1;4;0'
3962,'77-74=91','17+74=91',op_and_digit_balance,0,7,1,2,-,+,,,,,,,'7;7;-;7;4;=;9;1','1;7;+;7;4;=;9;1'
3963,'71=67-4','71-67=4',swap_-_and_=,2,=,-,5,-,=,,,,,,,'7;1;=;6;7;-;4','7;1;-;6;7;=;4'
3964,'46+82=720','46+82=128',digit_to_digit,6,7,1,8,0,8,,,,,,,'4;6;+;8;2;=;7;2;0','4;6;+;8;2;=;1;2;8'
3965,'53+75=-23','53-76=-23',op_and_digit_balance,2,+,-,4,5,6,,,,,,,'5;3;+;7;5;=;-;2;3','5;3;-;7;6;=;-;2;3'
3966,'54-77=731','54+77=131',op_and_digit_balance,6,7,1,2,-,+,,,,,,,'5;4;-;7;7;=;7;3;1','5;4;+;7;7;=;1;3;1'
3967,'55-54=47','95-54=41',digit_to_digit,7,7,1,0,5,9,,,,,,,'5;5;-;5;4;=;4;7','9;5;-;5;4;=;4;1'
3968,'45-26=21','46-25=21',digit_to_digit,4,6,5,1,5,6,,,,,,,'4;5;-;2;6;=;2;1','4;6;-;2;5;=;2;1'
3969,'96+11=181','96+11=107',digit_to_digit,6,8,0,7,1,7,,,,,,,'9;6;+;11;=;1;8;1','9;6;+;11;=;1;0;7'
3970,'16-27=37','16+21=37',op_and_digit_balance,4,7,1,2,-,+,,,,,,,'1;6;-;2;7;=;3;7','1;6;+;2;1;=;3;7'
3971,'82-10=102','92+10=102',op_and_digit_balance,0,8,9,2,-,+,,,,,,,'8;2;-;1;0;=;1;0;2','9;2;+;1;0;=;1;0;2'
3972,'38+68=705','38+68=106',digit_to_digit,6,7,1,8,5,6,,,,,,,'3;8;+;6;8;=;7;0;5','3;8;+;6;8;=;1;0;6'
3973,'26+31=69','26+37=63',digit_to_digit,7,9,3,4,1,7,,,,,,,'2;6;+;3;1;=;6;9','2;6;+;3;7;=;6;3'
3974,'36=88--52','36-88=-52',swap_-_and_=,2,=,-,5,-,=,,,,,,,'3;6;=;8;8;-;-;5;2','3;6;-;8;8;=;-;5;2'
3975,'41-34=17','41-24=17',within_digit,3,3,2,,,,,,,,,,'4;1;-;3;4;=;1;7','4;1;-;2;4;=;1;7'
3976,'70-87=137','70+67=137',op_and_digit_balance,3,8,6,2,-,+,,,,,,,'7;0;-;8;7;=;1;3;7','7;0;+;6;7;=;1;3;7'
3977,'70=81--11','70-81=-11',swap_-_and_=,2,=,-,5,-,=,,,,,,,'7;0;=;8;1;-;-;11','7;0;-;8;1;=;-;11'
3978,'83-35=50','93-35=58',digit_to_digit,0,8,9,7,0,8,,,,,,,'8;3;-;3;5;=;5;0','9;3;-;3;5;=;5;8'
3979,'90+57=81','30+57=87',digit_to_digit,0,9,3,7,1,7,,,,,,,'9;0;+;5;7;=;8;1','3;0;+;5;7;=;8;7'
3980,'55+29=27','56-29=27',op_and_digit_balance,2,+,-,1,5,6,,,,,,,'5;5;+;2;9;=;2;7','5;6;-;2;9;=;2;7'
3981,'80-94=154','60+94=154',op_and_digit_balance,0,8,6,2,-,+,,,,,,,'8;0;-;9;4;=;1;5;4','6;0;+;9;4;=;1;5;4'
3982,'54+55=-11','54-65=-11',op_and_digit_balance,2,+,-,3,5,6,,,,,,,'5;4;+;5;5;=;-;11','5;4;-;6;5;=;-;11'
3983,'55+58=-2','56-58=-2',op_and_digit_balance,2,+,-,1,5,6,,,,,,,'5;5;+;5;8;=;-;2','5;6;-;5;8;=;-;2'
3984,'82-93=185','92+93=185',op_and_digit_balance,0,8,9,2,-,+,,,,,,,'8;2;-;9;3;=;1;8;5','9;2;+;9;3;=;1;8;5'
3985,'21+51=-36','21-57=-36',op_and_digit_balance,2,+,-,4,1,7,,,,,,,'2;1;+;5;1;=;-;3;6','2;1;-;5;7;=;-;3;6'
3986,'29+55=-66','29-95=-66',op_and_digit_balance,2,+,-,3,5,9,,,,,,,'2;9;+;5;5;=;-;6;6','2;9;-;9;5;=;-;6;6'
3987,'63-30=59','83-30=53',digit_to_digit,7,9,3,0,6,8,,,,,,,'6;3;-;3;0;=;5;9','8;3;-;3;0;=;5;3'
3988,'88-84=182','88+94=182',op_and_digit_balance,3,8,9,2,-,+,,,,,,,'8;8;-;8;4;=;1;8;2','8;8;+;9;4;=;1;8;2'
3989,'53+13=-20','53-73=-20',op_and_digit_balance,2,+,-,3,1,7,,,,,,,'5;3;+;1;3;=;-;2;0','5;3;-;7;3;=;-;2;0'
3990,'13+41=32','73-41=32',op_and_digit_balance,2,+,-,0,1,7,,,,,,,'1;3;+;4;1;=;3;2','7;3;-;4;1;=;3;2'
3991,'13-89=98','13+85=98',op_and_digit_balance,4,9,5,2,-,+,,,,,,,'1;3;-;8;9;=;9;8','1;3;+;8;5;=;9;8'
3992,'59+35=100','65+35=100',digit_to_digit,1,9,5,0,5,6,,,,,,,'5;9;+;3;5;=;1;0;0','6;5;+;3;5;=;1;0;0'
3993,'44+49=99','44+45=89',digit_to_digit,4,9,5,6,9,8,,,,,,,'4;4;+;4;9;=;9;9','4;4;+;4;5;=;8;9'
3994,'61-58=17','67-50=17',digit_to_digit,4,8,0,1,1,7,,,,,,,'6;1;-;5;8;=;1;7','6;7;-;5;0;=;1;7'
3995,'39-14=59','39+14=53',op_and_digit_balance,7,9,3,2,-,+,,,,,,,'3;9;-;1;4;=;5;9','3;9;+;1;4;=;5;3'
3996,'93-98=189','93+96=189',op_and_digit_balance,4,8,6,2,-,+,,,,,,,'9;3;-;9;8;=;1;8;9','9;3;+;9;6;=;1;8;9'
3997,'87-47=734','87+47=134',op_and_digit_balance,6,7,1,2,-,+,,,,,,,'8;7;-;4;7;=;7;3;4','8;7;+;4;7;=;1;3;4'
3998,'53+10=62','53+10=63',within_digit,7,2,3,,,,,,,,,,'5;3;+;1;0;=;6;2','5;3;+;1;0;=;6;3'
3999,'13+62=74','12+62=74',within_digit,1,3,2,,,,,,,,,,'1;3;+;6;2;=;7;4','1;2;+;6;2;=;7;4'
4000,'36-58=-12','38-50=-12',digit_to_digit,4,8,0,1,6,8,,,,,,,'3;6;-;5;8;=;-;1;2','3;8;-;5;0;=;-;1;2'
4001,'15-58=77','75-58=17',digit_to_digit,6,7,1,0,1,7,,,,,,,'1;5;-;5;8;=;7;7','7;5;-;5;8;=;1;7'
4002,'15-93=48','15+33=48',op_and_digit_balance,3,9,3,2,-,+,,,,,,,'1;5;-;9;3;=;4;8','1;5;+;3;3;=;4;8'
4003,'88-77=175','98+77=175',op_and_digit_balance,0,8,9,2,-,+,,,,,,,'8;8;-;7;7;=;1;7;5','9;8;+;7;7;=;1;7;5'
4004,'76-73=2','76-73=3',within_digit,6,2,3,,,,,,,,,,'7;6;-;7;3;=;2','7;6;-;7;3;=;3'
4005,'10+22=48','70-22=48',op_and_digit_balance,2,+,-,0,1,7,,,,,,,'1;0;+;2;2;=;4;8','7;0;-;2;2;=;4;8'
4006,'12-78=54','72-18=54',digit_to_digit,3,7,1,0,1,7,,,,,,,'1;2;-;7;8;=;5;4','7;2;-;1;8;=;5;4'
4007,'12-87=-63','12-81=-69',digit_to_digit,4,7,1,8,3,9,,,,,,,'1;2;-;8;7;=;-;6;3','1;2;-;8;1;=;-;6;9'
4008,'46-97=743','46+97=143',op_and_digit_balance,6,7,1,2,-,+,,,,,,,'4;6;-;9;7;=;7;4;3','4;6;+;9;7;=;1;4;3'
4009,'95-38=139','95+38=133',op_and_digit_balance,8,9,3,2,-,+,,,,,,,'9;5;-;3;8;=;1;3;9','9;5;+;3;8;=;1;3;3'
4010,'57+10=-13','57-70=-13',op_and_digit_balance,2,+,-,3,1,7,,,,,,,'5;7;+;1;0;=;-;1;3','5;7;-;7;0;=;-;1;3'
4011,'50+63=118','50+69=119',digit_to_digit,7,8,9,4,3,9,,,,,,,'5;0;+;6;3;=;11;8','5;0;+;6;9;=;11;9'
4012,'34-45=78','34+45=79',op_and_digit_balance,7,8,9,2,-,+,,,,,,,'3;4;-;4;5;=;7;8','3;4;+;4;5;=;7;9'
4013,'63+31=911','63+31=94',four_eleven,7,11,4,,,,,,,,,,'6;3;+;3;1;=;9;11','6;3;+;3;1;=;9;4'
4014,'42-59=95','42+53=95',op_and_digit_balance,4,9,3,2,-,+,,,,,,,'4;2;-;5;9;=;9;5','4;2;+;5;3;=;9;5'
4015,'24-76=108','24+76=100',op_and_digit_balance,8,8,0,2,-,+,,,,,,,'2;4;-;7;6;=;1;0;8','2;4;+;7;6;=;1;0;0'
4016,'99-22=127','99+22=121',op_and_digit_balance,8,7,1,2,-,+,,,,,,,'9;9;-;2;2;=;1;2;7','9;9;+;2;2;=;1;2;1'
4017,'98-33=75','98-23=75',within_digit,3,3,2,,,,,,,,,,'9;8;-;3;3;=;7;5','9;8;-;2;3;=;7;5'
4018,'95+91=-6','85-91=-6',op_and_digit_balance,2,+,-,0,9,8,,,,,,,'9;5;+;9;1;=;-;6','8;5;-;9;1;=;-;6'
4019,'68-28=86','68+28=96',op_and_digit_balance,6,8,9,2,-,+,,,,,,,'6;8;-;2;8;=;8;6','6;8;+;2;8;=;9;6'
4020,'28-88=126','28+98=126',op_and_digit_balance,3,8,9,2,-,+,,,,,,,'2;8;-;8;8;=;1;2;6','2;8;+;9;8;=;1;2;6'
4021,'84+94=116','84+34=118',digit_to_digit,3,9,3,7,6,8,,,,,,,'8;4;+;9;4;=;11;6','8;4;+;3;4;=;11;8'
4022,'87+38=135','87+38=125',within_digit,7,3,2,,,,,,,,,,'8;7;+;3;8;=;1;3;5','8;7;+;3;8;=;1;2;5'
4023,'66-22=78','56+22=78',op_and_digit_balance,0,6,5,2,-,+,,,,,,,'6;6;-;2;2;=;7;8','5;6;+;2;2;=;7;8'
4024,'52=44-8','52-44=8',swap_-_and_=,2,=,-,5,-,=,,,,,,,'5;2;=;4;4;-;8','5;2;-;4;4;=;8'
4025,'29-41=-78','29-47=-18',digit_to_digit,7,7,1,4,1,7,,,,,,,'2;9;-;4;1;=;-;7;8','2;9;-;4;7;=;-;1;8'
4026,'47+34=97','47+34=81',digit_to_digit,7,7,1,6,9,8,,,,,,,'4;7;+;3;4;=;9;7','4;7;+;3;4;=;8;1'
4027,'88-20=188','88+20=108',op_and_digit_balance,7,8,0,2,-,+,,,,,,,'8;8;-;2;0;=;1;8;8','8;8;+;2;0;=;1;0;8'
4028,'73-71=1','72-71=1',within_digit,1,3,2,,,,,,,,,,'7;3;-;7;1;=;1','7;2;-;7;1;=;1'
4029,'28-29=67','28+29=57',op_and_digit_balance,6,6,5,2,-,+,,,,,,,'2;8;-;2;9;=;6;7','2;8;+;2;9;=;5;7'
4030,'17-28=-4','17-28=-11',four_eleven,7,4,11,,,,,,,,,,'1;7;-;2;8;=;-;4','1;7;-;2;8;=;-;11'
4031,'49-92=-4','48-52=-4',digit_to_digit,3,9,5,1,9,8,,,,,,,'4;9;-;9;2;=;-;4','4;8;-;5;2;=;-;4'
4032,'80+81=-7','80-87=-7',op_and_digit_balance,2,+,-,4,1,7,,,,,,,'8;0;+;8;1;=;-;7','8;0;-;8;7;=;-;7'
4033,'76+12=4','76-72=4',op_and_digit_balance,2,+,-,3,1,7,,,,,,,'7;6;+;1;2;=;4','7;6;-;7;2;=;4'
4034,'21-38=-3','27-30=-3',digit_to_digit,4,8,0,1,1,7,,,,,,,'2;1;-;3;8;=;-;3','2;7;-;3;0;=;-;3'
4035,'60+93=169','60+99=159',digit_to_digit,7,6,5,4,3,9,,,,,,,'6;0;+;9;3;=;1;6;9','6;0;+;9;9;=;1;5;9'
4036,'45-89=-36','45-83=-38',digit_to_digit,4,9,3,8,6,8,,,,,,,'4;5;-;8;9;=;-;3;6','4;5;-;8;3;=;-;3;8'
4037,'74+86=-14','74-88=-14',op_and_digit_balance,2,+,-,4,6,8,,,,,,,'7;4;+;8;6;=;-;1;4','7;4;-;8;8;=;-;1;4'
4038,'71+93=1611','71+93=164',four_eleven,8,11,4,,,,,,,,,,'7;1;+;9;3;=;1;6;11','7;1;+;9;3;=;1;6;4'
4039,'24=89--65','24-89=-65',swap_-_and_=,2,=,-,5,-,=,,,,,,,'2;4;=;8;9;-;-;6;5','2;4;-;8;9;=;-;6;5'
4040,'31-59=38','91-53=38',digit_to_digit,4,9,3,0,3,9,,,,,,,'3;1;-;5;9;=;3;8','9;1;-;5;3;=;3;8'
4041,'82-65=747','82+65=147',op_and_digit_balance,6,7,1,2,-,+,,,,,,,'8;2;-;6;5;=;7;4;7','8;2;+;6;5;=;1;4;7'
4042,'51+61=30','91-61=30',op_and_digit_balance,2,+,-,0,5,9,,,,,,,'5;1;+;6;1;=;3;0','9;1;-;6;1;=;3;0'
4043,'27-31=-70','27-37=-10',digit_to_digit,7,7,1,4,1,7,,,,,,,'2;7;-;3;1;=;-;7;0','2;7;-;3;7;=;-;1;0'
4044,'74-81=-73','14-87=-73',digit_to_digit,0,7,1,4,1,7,,,,,,,'7;4;-;8;1;=;-;7;3','1;4;-;8;7;=;-;7;3'
4045,'70-85=95','10+85=95',op_and_digit_balance,0,7,1,2,-,+,,,,,,,'7;0;-;8;5;=;9;5','1;0;+;8;5;=;9;5'
4046,'24-83=707','24+83=107',op_and_digit_balance,6,7,1,2,-,+,,,,,,,'2;4;-;8;3;=;7;0;7','2;4;+;8;3;=;1;0;7'
4047,'61+91=148','51+97=148',digit_to_digit,0,6,5,4,1,7,,,,,,,'6;1;+;9;1;=;1;4;8','5;1;+;9;7;=;1;4;8'
4048,'91-37=64','91-27=64',within_digit,3,3,2,,,,,,,,,,'9;1;-;3;7;=;6;4','9;1;-;2;7;=;6;4'
4049,'47=54--7','47-54=-7',swap_-_and_=,2,=,-,5,-,=,,,,,,,'4;7;=;5;4;-;-;7','4;7;-;5;4;=;-;7'
4050,'82+34=117','83+34=117',within_digit,1,2,3,,,,,,,,,,'8;2;+;3;4;=;11;7','8;3;+;3;4;=;11;7'
4051,'12+13=89','12+73=85',digit_to_digit,7,9,5,3,1,7,,,,,,,'1;2;+;1;3;=;8;9','1;2;+;7;3;=;8;5'
4052,'95=36-59','95-36=59',swap_-_and_=,2,=,-,5,-,=,,,,,,,'9;5;=;3;6;-;5;9','9;5;-;3;6;=;5;9'
4053,'12+19=87','72+15=87',digit_to_digit,4,9,5,0,1,7,,,,,,,'1;2;+;1;9;=;8;7','7;2;+;1;5;=;8;7'
4054,'50+35=25','60-35=25',op_and_digit_balance,2,+,-,0,5,6,,,,,,,'5;0;+;3;5;=;2;5','6;0;-;3;5;=;2;5'
4055,'78+35=42','78-36=42',op_and_digit_balance,2,+,-,4,5,6,,,,,,,'7;8;+;3;5;=;4;2','7;8;-;3;6;=;4;2'
4056,'39+35=0','39-39=0',op_and_digit_balance,2,+,-,4,5,9,,,,,,,'3;9;+;3;5;=;0','3;9;-;3;9;=;0'
4057,'41-61=-74','47-61=-14',digit_to_digit,7,7,1,1,1,7,,,,,,,'4;1;-;6;1;=;-;7;4','4;7;-;6;1;=;-;1;4'
4058,'29=95--66','29-95=-66',swap_-_and_=,2,=,-,5,-,=,,,,,,,'2;9;=;9;5;-;-;6;6','2;9;-;9;5;=;-;6;6'
4059,'47=71--24','47-71=-24',swap_-_and_=,2,=,-,5,-,=,,,,,,,'4;7;=;7;1;-;-;2;4','4;7;-;7;1;=;-;2;4'
4060,'56-57=8','66-57=9',digit_to_digit,6,8,9,0,5,6,,,,,,,'5;6;-;5;7;=;8','6;6;-;5;7;=;9'
4061,'57-20=91','57-20=37',digit_to_digit,6,9,3,7,1,7,,,,,,,'5;7;-;2;0;=;9;1','5;7;-;2;0;=;3;7'
4062,'78+21=83','78+21=99',digit_to_digit,6,8,9,7,3,9,,,,,,,'7;8;+;2;1;=;8;3','7;8;+;2;1;=;9;9'
4063,'54+49=15','64-49=15',op_and_digit_balance,2,+,-,0,5,6,,,,,,,'5;4;+;4;9;=;1;5','6;4;-;4;9;=;1;5'
4064,'89-56=-11','85-96=-11',digit_to_digit,1,9,5,3,5,9,,,,,,,'8;9;-;5;6;=;-;11','8;5;-;9;6;=;-;11'
4065,'38+75=23','98-75=23',op_and_digit_balance,2,+,-,0,3,9,,,,,,,'3;8;+;7;5;=;2;3','9;8;-;7;5;=;2;3'
4066,'57-86=-3','57-66=-9',digit_to_digit,3,8,6,7,3,9,,,,,,,'5;7;-;8;6;=;-;3','5;7;-;6;6;=;-;9'
4067,'17-15=3','17-15=2',within_digit,6,3,2,,,,,,,,,,'1;7;-;1;5;=;3','1;7;-;1;5;=;2'
4068,'96-83=139','56+83=139',op_and_digit_balance,0,9,5,2,-,+,,,,,,,'9;6;-;8;3;=;1;3;9','5;6;+;8;3;=;1;3;9'
4069,'95+42=17','35+42=77',digit_to_digit,0,9,3,6,1,7,,,,,,,'9;5;+;4;2;=;1;7','3;5;+;4;2;=;7;7'
4070,'84+29=104','84+20=104',within_digit,4,9,0,,,,,,,,,,'8;4;+;2;9;=;1;0;4','8;4;+;2;0;=;1;0;4'
4071,'76-10=8','18-10=8',digit_to_digit,0,7,1,1,6,8,,,,,,,'7;6;-;1;0;=;8','1;8;-;1;0;=;8'
4072,'82-75=57','82-15=67',digit_to_digit,3,7,1,6,5,6,,,,,,,'8;2;-;7;5;=;5;7','8;2;-;1;5;=;6;7'
4073,'12+20=-6','12-20=-8',op_and_digit_balance,2,+,-,7,6,8,,,,,,,'1;2;+;2;0;=;-;6','1;2;-;2;0;=;-;8'
4074,'71+53=70','17+53=70',digit_to_digit,0,7,1,1,1,7,,,,,,,'7;1;+;5;3;=;7;0','1;7;+;5;3;=;7;0'
4075,'15+49=50','15+43=58',digit_to_digit,4,9,3,7,0,8,,,,,,,'1;5;+;4;9;=;5;0','1;5;+;4;3;=;5;8'
4076,'25-72=17','29-12=17',digit_to_digit,3,7,1,1,5,9,,,,,,,'2;5;-;7;2;=;1;7','2;9;-;1;2;=;1;7'
4077,'12+84=85','12+84=96',digit_to_digit,6,8,9,7,5,6,,,,,,,'1;2;+;8;4;=;8;5','1;2;+;8;4;=;9;6'
4078,'33-67=94','33+61=94',op_and_digit_balance,4,7,1,2,-,+,,,,,,,'3;3;-;6;7;=;9;4','3;3;+;6;1;=;9;4'
4079,'61+30=23','61-38=23',op_and_digit_balance,2,+,-,4,0,8,,,,,,,'6;1;+;3;0;=;2;3','6;1;-;3;8;=;2;3'
4080,'48+72=116','46+72=118',digit_to_digit,1,8,6,7,6,8,,,,,,,'4;8;+;7;2;=;11;6','4;6;+;7;2;=;11;8'
4081,'33-62=99','33+62=95',op_and_digit_balance,7,9,5,2,-,+,,,,,,,'3;3;-;6;2;=;9;9','3;3;+;6;2;=;9;5'
4082,'71-99=-12','71-83=-12',digit_to_digit,4,9,3,3,9,8,,,,,,,'7;1;-;9;9;=;-;1;2','7;1;-;8;3;=;-;1;2'
4083,'18+89=181','18+89=107',digit_to_digit,7,8,0,8,1,7,,,,,,,'1;8;+;8;9;=;1;8;1','1;8;+;8;9;=;1;0;7'
4084,'23+64=86','22+64=86',within_digit,1,3,2,,,,,,,,,,'2;3;+;6;4;=;8;6','2;2;+;6;4;=;8;6'
4085,'61-59=720','61+59=120',op_and_digit_balance,6,7,1,2,-,+,,,,,,,'6;1;-;5;9;=;7;2;0','6;1;+;5;9;=;1;2;0'
4086,'46+51=-45','46-91=-45',op_and_digit_balance,2,+,-,3,5,9,,,,,,,'4;6;+;5;1;=;-;4;5','4;6;-;9;1;=;-;4;5'
4087,'29+59=98','39+59=98',within_digit,0,2,3,,,,,,,,,,'2;9;+;5;9;=;9;8','3;9;+;5;9;=;9;8'
4088,'76-97=113','16+97=113',op_and_digit_balance,0,7,1,2,-,+,,,,,,,'7;6;-;9;7;=;11;3','1;6;+;9;7;=;11;3'
4089,'54=92--38','54-92=-38',swap_-_and_=,2,=,-,5,-,=,,,,,,,'5;4;=;9;2;-;-;3;8','5;4;-;9;2;=;-;3;8'
4090,'72-71=743','72+71=143',op_and_digit_balance,6,7,1,2,-,+,,,,,,,'7;2;-;7;1;=;7;4;3','7;2;+;7;1;=;1;4;3'
4091,'11+12=33','11+12=23',within_digit,5,3,2,,,,,,,,,,'11;+;1;2;=;3;3','11;+;1;2;=;2;3'
4092,'68-17=86','69+17=86',op_and_digit_balance,1,8,9,2,-,+,,,,,,,'6;8;-;1;7;=;8;6','6;9;+;1;7;=;8;6'
4093,'63-93=-34','59-93=-34',digit_to_digit,0,6,5,1,3,9,,,,,,,'6;3;-;9;3;=;-;3;4','5;9;-;9;3;=;-;3;4'
4094,'10=57--47','10-57=-47',swap_-_and_=,2,=,-,5,-,=,,,,,,,'1;0;=;5;7;-;-;4;7','1;0;-;5;7;=;-;4;7'
4095,'76-13=29','16+13=29',op_and_digit_balance,0,7,1,2,-,+,,,,,,,'7;6;-;1;3;=;2;9','1;6;+;1;3;=;2;9'
4096,'91-42=139','91+42=133',op_and_digit_balance,8,9,3,2,-,+,,,,,,,'9;1;-;4;2;=;1;3;9','9;1;+;4;2;=;1;3;3'
4097,'37-97=74','37+37=74',op_and_digit_balance,3,9,3,2,-,+,,,,,,,'3;7;-;9;7;=;7;4','3;7;+;3;7;=;7;4'
4098,'36=34-2','36-34=2',swap_-_and_=,2,=,-,5,-,=,,,,,,,'3;6;=;3;4;-;2','3;6;-;3;4;=;2'
4099,'23-93=118','23+93=116',op_and_digit_balance,7,8,6,2,-,+,,,,,,,'2;3;-;9;3;=;11;8','2;3;+;9;3;=;11;6'
4100,'79-61=22','79-57=22',digit_to_digit,3,6,5,4,1,7,,,,,,,'7;9;-;6;1;=;2;2','7;9;-;5;7;=;2;2'
4101,'80-83=6','89-83=6',within_digit,1,0,9,,,,,,,,,,'8;0;-;8;3;=;6','8;9;-;8;3;=;6'
4102,'13+76=96','19+76=95',digit_to_digit,7,6,5,1,3,9,,,,,,,'1;3;+;7;6;=;9;6','1;9;+;7;6;=;9;5'
4103,'10-55=75','70-55=15',digit_to_digit,6,7,1,0,1,7,,,,,,,'1;0;-;5;5;=;7;5','7;0;-;5;5;=;1;5'
4104,'64+13=-9','64-73=-9',op_and_digit_balance,2,+,-,3,1,7,,,,,,,'6;4;+;1;3;=;-;9','6;4;-;7;3;=;-;9'
4105,'12+30=112','12+30=42',four_eleven,6,11,4,,,,,,,,,,'1;2;+;3;0;=;11;2','1;2;+;3;0;=;4;2'
4106,'80-91=43','80-37=43',digit_to_digit,3,9,3,4,1,7,,,,,,,'8;0;-;9;1;=;4;3','8;0;-;3;7;=;4;3'
4107,'73-73=1','73-72=1',within_digit,4,3,2,,,,,,,,,,'7;3;-;7;3;=;1','7;3;-;7;2;=;1'
4108,'87-92=779','87+92=179',op_and_digit_balance,6,7,1,2,-,+,,,,,,,'8;7;-;9;2;=;7;7;9','8;7;+;9;2;=;1;7;9'
4109,'74-87=167','74+87=161',op_and_digit_balance,8,7,1,2,-,+,,,,,,,'7;4;-;8;7;=;1;6;7','7;4;+;8;7;=;1;6;1'
4110,'19+48=51','13+48=61',digit_to_digit,1,9,3,6,5,6,,,,,,,'1;9;+;4;8;=;5;1','1;3;+;4;8;=;6;1'
4111,'40+50=700','40+60=100',digit_to_digit,6,7,1,3,5,6,,,,,,,'4;0;+;5;0;=;7;0;0','4;0;+;6;0;=;1;0;0'
4112,'81-58=140','81+59=140',op_and_digit_balance,4,8,9,2,-,+,,,,,,,'8;1;-;5;8;=;1;4;0','8;1;+;5;9;=;1;4;0'
4113,'49=71--22','49-71=-22',swap_-_and_=,2,=,-,5,-,=,,,,,,,'4;9;=;7;1;-;-;2;2','4;9;-;7;1;=;-;2;2'
4114,'51=78--27','51-78=-27',swap_-_and_=,2,=,-,5,-,=,,,,,,,'5;1;=;7;8;-;-;2;7','5;1;-;7;8;=;-;2;7'
4115,'46-28=28','48-20=28',digit_to_digit,4,8,0,1,6,8,,,,,,,'4;6;-;2;8;=;2;8','4;8;-;2;0;=;2;8'
4116,'95=45-50','95-45=50',swap_-_and_=,2,=,-,5,-,=,,,,,,,'9;5;=;4;5;-;5;0','9;5;-;4;5;=;5;0'
4117,'72-82=194','72+82=154',op_and_digit_balance,7,9,5,2,-,+,,,,,,,'7;2;-;8;2;=;1;9;4','7;2;+;8;2;=;1;5;4'
4118,'51+21=24','51-27=24',op_and_digit_balance,2,+,-,4,1,7,,,,,,,'5;1;+;2;1;=;2;4','5;1;-;2;7;=;2;4'
4119,'22+41=68','22+47=69',digit_to_digit,7,8,9,4,1,7,,,,,,,'2;2;+;4;1;=;6;8','2;2;+;4;7;=;6;9'
4120,'12+71=149','72+71=143',digit_to_digit,8,9,3,0,1,7,,,,,,,'1;2;+;7;1;=;1;4;9','7;2;+;7;1;=;1;4;3'
4121,'55-42=87','55+42=97',op_and_digit_balance,6,8,9,2,-,+,,,,,,,'5;5;-;4;2;=;8;7','5;5;+;4;2;=;9;7'
4122,'80+49=32','80-48=32',op_and_digit_balance,2,+,-,4,9,8,,,,,,,'8;0;+;4;9;=;3;2','8;0;-;4;8;=;3;2'
4123,'70-88=-70','10-88=-78',digit_to_digit,0,7,1,8,0,8,,,,,,,'7;0;-;8;8;=;-;7;0','1;0;-;8;8;=;-;7;8'
4124,'59+43=108','65+43=108',digit_to_digit,1,9,5,0,5,6,,,,,,,'5;9;+;4;3;=;1;0;8','6;5;+;4;3;=;1;0;8'
4125,'25+90=-55','25-90=-65',op_and_digit_balance,2,+,-,7,5,6,,,,,,,'2;5;+;9;0;=;-;5;5','2;5;-;9;0;=;-;6;5'
4126,'64+40=44','84-40=44',op_and_digit_balance,2,+,-,0,6,8,,,,,,,'6;4;+;4;0;=;4;4','8;4;-;4;0;=;4;4'
4127,'50+57=111','60+51=111',digit_to_digit,4,7,1,0,5,6,,,,,,,'5;0;+;5;7;=;1;11','6;0;+;5;1;=;1;11'
4128,'23-99=-15','23-38=-15',digit_to_digit,3,9,3,4,9,8,,,,,,,'2;3;-;9;9;=;-;1;5','2;3;-;3;8;=;-;1;5'
4129,'75+21=55','76-21=55',op_and_digit_balance,2,+,-,1,5,6,,,,,,,'7;5;+;2;1;=;5;5','7;6;-;2;1;=;5;5'
4130,'88-17=106','89+17=106',op_and_digit_balance,1,8,9,2,-,+,,,,,,,'8;8;-;1;7;=;1;0;6','8;9;+;1;7;=;1;0;6'
4131,'15+17=58','75-17=58',op_and_digit_balance,2,+,-,0,1,7,,,,,,,'1;5;+;1;7;=;5;8','7;5;-;1;7;=;5;8'
4132,'83-79=182','83+79=162',op_and_digit_balance,7,8,6,2,-,+,,,,,,,'8;3;-;7;9;=;1;8;2','8;3;+;7;9;=;1;6;2'
4133,'28+22=60','28+32=60',within_digit,3,2,3,,,,,,,,,,'2;8;+;2;2;=;6;0','2;8;+;3;2;=;6;0'
4134,'84-24=58','84-24=60',digit_to_digit,7,8,0,6,5,6,,,,,,,'8;4;-;2;4;=;5;8','8;4;-;2;4;=;6;0'
4135,'50+23=21','50-23=27',op_and_digit_balance,2,+,-,7,1,7,,,,,,,'5;0;+;2;3;=;2;1','5;0;-;2;3;=;2;7'
4136,'85+10=76','86-10=76',op_and_digit_balance,2,+,-,1,5,6,,,,,,,'8;5;+;1;0;=;7;6','8;6;-;1;0;=;7;6'
4137,'31+14=77','91-14=77',op_and_digit_balance,2,+,-,0,3,9,,,,,,,'3;1;+;1;4;=;7;7','9;1;-;1;4;=;7;7'
4138,'24-84=118','24+94=118',op_and_digit_balance,3,8,9,2,-,+,,,,,,,'2;4;-;8;4;=;11;8','2;4;+;9;4;=;11;8'
4139,'51+33=10','51-33=18',op_and_digit_balance,2,+,-,7,0,8,,,,,,,'5;1;+;3;3;=;1;0','5;1;-;3;3;=;1;8'
4140,'39=51--12','39-51=-12',swap_-_and_=,2,=,-,5,-,=,,,,,,,'3;9;=;5;1;-;-;1;2','3;9;-;5;1;=;-;1;2'
4141,'42+49=81','42+45=87',digit_to_digit,4,9,5,7,1,7,,,,,,,'4;2;+;4;9;=;8;1','4;2;+;4;5;=;8;7'
4142,'80-25=45','80-35=45',within_digit,3,2,3,,,,,,,,,,'8;0;-;2;5;=;4;5','8;0;-;3;5;=;4;5'
4143,'93+49=126','83+43=126',digit_to_digit,4,9,3,0,9,8,,,,,,,'9;3;+;4;9;=;1;2;6','8;3;+;4;3;=;1;2;6'
4144,'41-95=96','41+55=96',op_and_digit_balance,3,9,5,2,-,+,,,,,,,'4;1;-;9;5;=;9;6','4;1;+;5;5;=;9;6'
4145,'72-62=734','72+62=134',op_and_digit_balance,6,7,1,2,-,+,,,,,,,'7;2;-;6;2;=;7;3;4','7;2;+;6;2;=;1;3;4'
4146,'75-92=44','76-32=44',digit_to_digit,3,9,3,1,5,6,,,,,,,'7;5;-;9;2;=;4;4','7;6;-;3;2;=;4;4'
4147,'52-18=52','62-10=52',digit_to_digit,4,8,0,0,5,6,,,,,,,'5;2;-;1;8;=;5;2','6;2;-;1;0;=;5;2'
4148,'52-60=42','92-50=42',digit_to_digit,3,6,5,0,5,9,,,,,,,'5;2;-;6;0;=;4;2','9;2;-;5;0;=;4;2'
4149,'23+14=5','23-14=9',op_and_digit_balance,2,+,-,6,5,9,,,,,,,'2;3;+;1;4;=;5','2;3;-;1;4;=;9'
4150,'54+60=-5','54-60=-6',op_and_digit_balance,2,+,-,7,5,6,,,,,,,'5;4;+;6;0;=;-;5','5;4;-;6;0;=;-;6'
4151,'44-96=-94','44-98=-54',digit_to_digit,7,9,5,4,6,8,,,,,,,'4;4;-;9;6;=;-;9;4','4;4;-;9;8;=;-;5;4'
4152,'59+61=138','69+61=130',digit_to_digit,8,8,0,0,5,6,,,,,,,'5;9;+;6;1;=;1;3;8','6;9;+;6;1;=;1;3;0'
4153,'17-47=90','77-47=30',digit_to_digit,6,9,3,0,1,7,,,,,,,'1;7;-;4;7;=;9;0','7;7;-;4;7;=;3;0'
4154,'66+58=1211','66+58=124',four_eleven,8,11,4,,,,,,,,,,'6;6;+;5;8;=;1;2;11','6;6;+;5;8;=;1;2;4'
4155,'56=18-38','56-18=38',swap_-_and_=,2,=,-,5,-,=,,,,,,,'5;6;=;1;8;-;3;8','5;6;-;1;8;=;3;8'
4156,'13+13=60','73-13=60',op_and_digit_balance,2,+,-,0,1,7,,,,,,,'1;3;+;1;3;=;6;0','7;3;-;1;3;=;6;0'
4157,'82+25=708','82+26=108',digit_to_digit,6,7,1,4,5,6,,,,,,,'8;2;+;2;5;=;7;0;8','8;2;+;2;6;=;1;0;8'
4158,'93+87=12','99-87=12',op_and_digit_balance,2,+,-,1,3,9,,,,,,,'9;3;+;8;7;=;1;2','9;9;-;8;7;=;1;2'
4159,'80=71-9','80-71=9',swap_-_and_=,2,=,-,5,-,=,,,,,,,'8;0;=;7;1;-;9','8;0;-;7;1;=;9'
4160,'56-13=42','56-13=43',within_digit,7,2,3,,,,,,,,,,'5;6;-;1;3;=;4;2','5;6;-;1;3;=;4;3'
4161,'43=11-32','43-11=32',swap_-_and_=,2,=,-,4,-,=,,,,,,,'4;3;=;11;-;3;2','4;3;-;11;=;3;2'
4162,'67=11-56','67-11=56',swap_-_and_=,2,=,-,4,-,=,,,,,,,'6;7;=;11;-;5;6','6;7;-;11;=;5;6'
4163,'56-61=36','96-61=35',digit_to_digit,7,6,5,0,5,9,,,,,,,'5;6;-;6;1;=;3;6','9;6;-;6;1;=;3;5'
4164,'25-62=-91','25-62=-37',digit_to_digit,7,9,3,8,1,7,,,,,,,'2;5;-;6;2;=;-;9;1','2;5;-;6;2;=;-;3;7'
4165,'86-13=77','96-19=77',digit_to_digit,0,8,9,4,3,9,,,,,,,'8;6;-;1;3;=;7;7','9;6;-;1;9;=;7;7'
4166,'76-62=-45','16-62=-46',digit_to_digit,0,7,1,8,5,6,,,,,,,'7;6;-;6;2;=;-;4;5','1;6;-;6;2;=;-;4;6'
4167,'20+83=-55','28-83=-55',op_and_digit_balance,2,+,-,1,0,8,,,,,,,'2;0;+;8;3;=;-;5;5','2;8;-;8;3;=;-;5;5'
4168,'80-55=735','80+55=135',op_and_digit_balance,6,7,1,2,-,+,,,,,,,'8;0;-;5;5;=;7;3;5','8;0;+;5;5;=;1;3;5'
4169,'60+55=-5','60-65=-5',op_and_digit_balance,2,+,-,3,5,6,,,,,,,'6;0;+;5;5;=;-;5','6;0;-;6;5;=;-;5'
4170,'31+58=-21','31-58=-27',op_and_digit_balance,2,+,-,8,1,7,,,,,,,'3;1;+;5;8;=;-;2;1','3;1;-;5;8;=;-;2;7'
4171,'47-87=114','47+67=114',op_and_digit_balance,3,8,6,2,-,+,,,,,,,'4;7;-;8;7;=;11;4','4;7;+;6;7;=;11;4'
4172,'39+13=106','33+73=106',digit_to_digit,1,9,3,3,1,7,,,,,,,'3;9;+;1;3;=;1;0;6','3;3;+;7;3;=;1;0;6'
4173,'93+84=15','99-84=15',op_and_digit_balance,2,+,-,1,3,9,,,,,,,'9;3;+;8;4;=;1;5','9;9;-;8;4;=;1;5'
4174,'28-88=114','26+88=114',op_and_digit_balance,1,8,6,2,-,+,,,,,,,'2;8;-;8;8;=;11;4','2;6;+;8;8;=;11;4'
4175,'98+88=170','90+88=178',digit_to_digit,1,8,0,8,0,8,,,,,,,'9;8;+;8;8;=;1;7;0','9;0;+;8;8;=;1;7;8'
4176,'82=27-55','82-27=55',swap_-_and_=,2,=,-,5,-,=,,,,,,,'8;2;=;2;7;-;5;5','8;2;-;2;7;=;5;5'
4177,'93-25=84','93-29=64',digit_to_digit,6,8,6,4,5,9,,,,,,,'9;3;-;2;5;=;8;4','9;3;-;2;9;=;6;4'
4178,'26-19=39','26+13=39',op_and_digit_balance,4,9,3,2,-,+,,,,,,,'2;6;-;1;9;=;3;9','2;6;+;1;3;=;3;9'
4179,'51+40=51','91-40=51',op_and_digit_balance,2,+,-,0,5,9,,,,,,,'5;1;+;4;0;=;5;1','9;1;-;4;0;=;5;1'
4180,'75+82=-6','76-82=-6',op_and_digit_balance,2,+,-,1,5,6,,,,,,,'7;5;+;8;2;=;-;6','7;6;-;8;2;=;-;6'
4181,'78-42=112','70+42=112',op_and_digit_balance,1,8,0,2,-,+,,,,,,,'7;8;-;4;2;=;11;2','7;0;+;4;2;=;11;2'
4182,'45+31=8','45-37=8',op_and_digit_balance,2,+,-,4,1,7,,,,,,,'4;5;+;3;1;=;8','4;5;-;3;7;=;8'
4183,'12+99=-81','12-99=-87',op_and_digit_balance,2,+,-,8,1,7,,,,,,,'1;2;+;9;9;=;-;8;1','1;2;-;9;9;=;-;8;7'
4184,'39+67=-29','38-67=-29',op_and_digit_balance,2,+,-,1,9,8,,,,,,,'3;9;+;6;7;=;-;2;9','3;8;-;6;7;=;-;2;9'
4185,'88-35=124','89+35=124',op_and_digit_balance,1,8,9,2,-,+,,,,,,,'8;8;-;3;5;=;1;2;4','8;9;+;3;5;=;1;2;4'
4186,'50+95=165','60+95=155',digit_to_digit,7,6,5,0,5,6,,,,,,,'5;0;+;9;5;=;1;6;5','6;0;+;9;5;=;1;5;5'
4187,'52+21=72','52+21=73',within_digit,7,2,3,,,,,,,,,,'5;2;+;2;1;=;7;2','5;2;+;2;1;=;7;3'
4188,'99+11=40','99+11=110',four_eleven,5,4,11,,,,,,,,,,'9;9;+;11;=;4;0','9;9;+;11;=;11;0'
4189,'90+35=66','30+36=66',digit_to_digit,0,9,3,4,5,6,,,,,,,'9;0;+;3;5;=;6;6','3;0;+;3;6;=;6;6'
4190,'54-79=193','54+79=133',op_and_digit_balance,7,9,3,2,-,+,,,,,,,'5;4;-;7;9;=;1;9;3','5;4;+;7;9;=;1;3;3'
4191,'78-95=-78','78-96=-18',digit_to_digit,7,7,1,4,5,6,,,,,,,'7;8;-;9;5;=;-;7;8','7;8;-;9;6;=;-;1;8'
4192,'96-29=65','36+29=65',op_and_digit_balance,0,9,3,2,-,+,,,,,,,'9;6;-;2;9;=;6;5','3;6;+;2;9;=;6;5'
4193,'99-98=193','95+98=193',op_and_digit_balance,1,9,5,2,-,+,,,,,,,'9;9;-;9;8;=;1;9;3','9;5;+;9;8;=;1;9;3'
4194,'45-96=741','45+96=141',op_and_digit_balance,6,7,1,2,-,+,,,,,,,'4;5;-;9;6;=;7;4;1','4;5;+;9;6;=;1;4;1'
4195,'75-36=93','75-36=39',digit_to_digit,6,9,3,7,3,9,,,,,,,'7;5;-;3;6;=;9;3','7;5;-;3;6;=;3;9'
4196,'12-64=-53','12-64=-52',within_digit,8,3,2,,,,,,,,,,'1;2;-;6;4;=;-;5;3','1;2;-;6;4;=;-;5;2'
4197,'30+85=-56','30-86=-56',op_and_digit_balance,2,+,-,4,5,6,,,,,,,'3;0;+;8;5;=;-;5;6','3;0;-;8;6;=;-;5;6'
4198,'44=42-2','44-42=2',swap_-_and_=,2,=,-,5,-,=,,,,,,,'4;4;=;4;2;-;2','4;4;-;4;2;=;2'
4199,'96-91=67','98-31=67',digit_to_digit,3,9,3,1,6,8,,,,,,,'9;6;-;9;1;=;6;7','9;8;-;3;1;=;6;7'
4200,'53-49=18','59-49=10',digit_to_digit,7,8,0,1,3,9,,,,,,,'5;3;-;4;9;=;1;8','5;9;-;4;9;=;1;0'
4201,'18-87=106','18+87=105',op_and_digit_balance,8,6,5,2,-,+,,,,,,,'1;8;-;8;7;=;1;0;6','1;8;+;8;7;=;1;0;5'
4202,'85+51=35','86-51=35',op_and_digit_balance,2,+,-,1,5,6,,,,,,,'8;5;+;5;1;=;3;5','8;6;-;5;1;=;3;5'
4203,'21-93=-71','21-92=-71',within_digit,4,3,2,,,,,,,,,,'2;1;-;9;3;=;-;7;1','2;1;-;9;2;=;-;7;1'
4204,'10+82=-12','70-82=-12',op_and_digit_balance,2,+,-,0,1,7,,,,,,,'1;0;+;8;2;=;-;1;2','7;0;-;8;2;=;-;1;2'
4205,'69-31=26','63-37=26',digit_to_digit,1,9,3,4,1,7,,,,,,,'6;9;-;3;1;=;2;6','6;3;-;3;7;=;2;6'
4206,'89-51=99','89-51=38',digit_to_digit,6,9,3,7,9,8,,,,,,,'8;9;-;5;1;=;9;9','8;9;-;5;1;=;3;8'
4207,'84-24=58','84-24=60',digit_to_digit,7,8,0,6,5,6,,,,,,,'8;4;-;2;4;=;5;8','8;4;-;2;4;=;6;0'
4208,'10+59=-45','10-59=-49',op_and_digit_balance,2,+,-,8,5,9,,,,,,,'1;0;+;5;9;=;-;4;5','1;0;-;5;9;=;-;4;9'
4209,'96-11=67','56+11=67',op_and_digit_balance,0,9,5,2,-,+,,,,,,,'9;6;-;11;=;6;7','5;6;+;11;=;6;7'
4210,'60-97=-23','68-91=-23',digit_to_digit,4,7,1,1,0,8,,,,,,,'6;0;-;9;7;=;-;2;3','6;8;-;9;1;=;-;2;3'
4211,'69-89=152','69+83=152',op_and_digit_balance,4,9,3,2,-,+,,,,,,,'6;9;-;8;9;=;1;5;2','6;9;+;8;3;=;1;5;2'
4212,'28-68=86','28+68=96',op_and_digit_balance,6,8,9,2,-,+,,,,,,,'2;8;-;6;8;=;8;6','2;8;+;6;8;=;9;6'
4213,'25+31=-12','25-37=-12',op_and_digit_balance,2,+,-,4,1,7,,,,,,,'2;5;+;3;1;=;-;1;2','2;5;-;3;7;=;-;1;2'
4214,'62-42=184','62+42=104',op_and_digit_balance,7,8,0,2,-,+,,,,,,,'6;2;-;4;2;=;1;8;4','6;2;+;4;2;=;1;0;4'
4215,'33-74=187','33+74=107',op_and_digit_balance,7,8,0,2,-,+,,,,,,,'3;3;-;7;4;=;1;8;7','3;3;+;7;4;=;1;0;7'
4216,'64-27=21','54-27=27',digit_to_digit,0,6,5,7,1,7,,,,,,,'6;4;-;2;7;=;2;1','5;4;-;2;7;=;2;7'
4217,'90+13=71','90-13=77',op_and_digit_balance,2,+,-,7,1,7,,,,,,,'9;0;+;1;3;=;7;1','9;0;-;1;3;=;7;7'
4218,'44-56=108','44+56=100',op_and_digit_balance,8,8,0,2,-,+,,,,,,,'4;4;-;5;6;=;1;0;8','4;4;+;5;6;=;1;0;0'
4219,'55+55=-10','55-65=-10',op_and_digit_balance,2,+,-,3,5,6,,,,,,,'5;5;+;5;5;=;-;1;0','5;5;-;6;5;=;-;1;0'
4220,'41+53=180','47+53=100',digit_to_digit,7,8,0,1,1,7,,,,,,,'4;1;+;5;3;=;1;8;0','4;7;+;5;3;=;1;0;0'
4221,'43+43=6','49-43=6',op_and_digit_balance,2,+,-,1,3,9,,,,,,,'4;3;+;4;3;=;6','4;9;-;4;3;=;6'
4222,'83+49=731','83+48=131',digit_to_digit,6,7,1,4,9,8,,,,,,,'8;3;+;4;9;=;7;3;1','8;3;+;4;8;=;1;3;1'
4223,'31-45=-78','31-49=-18',digit_to_digit,7,7,1,4,5,9,,,,,,,'3;1;-;4;5;=;-;7;8','3;1;-;4;9;=;-;1;8'
4224,'50+75=-26','50-76=-26',op_and_digit_balance,2,+,-,4,5,6,,,,,,,'5;0;+;7;5;=;-;2;6','5;0;-;7;6;=;-;2;6'
4225,'18-71=87','16+71=87',op_and_digit_balance,1,8,6,2,-,+,,,,,,,'1;8;-;7;1;=;8;7','1;6;+;7;1;=;8;7'
4226,'69-29=92','63+29=92',op_and_digit_balance,1,9,3,2,-,+,,,,,,,'6;9;-;2;9;=;9;2','6;3;+;2;9;=;9;2'
4227,'64+85=-22','64-86=-22',op_and_digit_balance,2,+,-,4,5,6,,,,,,,'6;4;+;8;5;=;-;2;2','6;4;-;8;6;=;-;2;2'
4228,'88-76=764','88+76=164',op_and_digit_balance,6,7,1,2,-,+,,,,,,,'8;8;-;7;6;=;7;6;4','8;8;+;7;6;=;1;6;4'
4229,'90-23=1','30-23=7',digit_to_digit,0,9,3,6,1,7,,,,,,,'9;0;-;2;3;=;1','3;0;-;2;3;=;7'
4230,'26+95=723','28+95=123',digit_to_digit,6,7,1,1,6,8,,,,,,,'2;6;+;9;5;=;7;2;3','2;8;+;9;5;=;1;2;3'
4231,'19=32--13','19-32=-13',swap_-_and_=,2,=,-,5,-,=,,,,,,,'1;9;=;3;2;-;-;1;3','1;9;-;3;2;=;-;1;3'
4232,'33-32=-69','33-92=-59',digit_to_digit,7,6,5,3,3,9,,,,,,,'3;3;-;3;2;=;-;6;9','3;3;-;9;2;=;-;5;9'
4233,'38-87=126','39+87=126',op_and_digit_balance,1,8,9,2,-,+,,,,,,,'3;8;-;8;7;=;1;2;6','3;9;+;8;7;=;1;2;6'
4234,'19-91=70','19+51=70',op_and_digit_balance,3,9,5,2,-,+,,,,,,,'1;9;-;9;1;=;7;0','1;9;+;5;1;=;7;0'
4235,'71+51=14','71-57=14',op_and_digit_balance,2,+,-,4,1,7,,,,,,,'7;1;+;5;1;=;1;4','7;1;-;5;7;=;1;4'
4236,'80-26=116','90+26=116',op_and_digit_balance,0,8,9,2,-,+,,,,,,,'8;0;-;2;6;=;11;6','9;0;+;2;6;=;11;6'
4237,'50+25=33','58-25=33',op_and_digit_balance,2,+,-,1,0,8,,,,,,,'5;0;+;2;5;=;3;3','5;8;-;2;5;=;3;3'
4238,'92+67=148','82+67=149',digit_to_digit,8,8,9,0,9,8,,,,,,,'9;2;+;6;7;=;1;4;8','8;2;+;6;7;=;1;4;9'
4239,'51-41=76','57-41=16',digit_to_digit,6,7,1,1,1,7,,,,,,,'5;1;-;4;1;=;7;6','5;7;-;4;1;=;1;6'
4240,'18-38=48','18+30=48',op_and_digit_balance,4,8,0,2,-,+,,,,,,,'1;8;-;3;8;=;4;8','1;8;+;3;0;=;4;8'
4241,'51+11=50','61-11=50',op_and_digit_balance,2,+,-,0,5,6,,,,,,,'5;1;+;11;=;5;0','6;1;-;11;=;5;0'
4242,'49-72=115','43+72=115',op_and_digit_balance,1,9,3,2,-,+,,,,,,,'4;9;-;7;2;=;11;5','4;3;+;7;2;=;11;5'
4243,'63+80=3','83-80=3',op_and_digit_balance,2,+,-,0,6,8,,,,,,,'6;3;+;8;0;=;3','8;3;-;8;0;=;3'
4244,'35+68=21','35-6-8=21',,2,+,-,,,,,,,,,,3;5;+;6;8;=;2;1',3;5;-;6;-;8;=;2;1'
4245,'89+26=45','89+26=115',four_eleven,6,4,11,,,,,,,,,,'8;9;+;2;6;=;4;5','8;9;+;2;6;=;11;5'
4246,'59-69=122','59+63=122',op_and_digit_balance,4,9,3,2,-,+,,,,,,,'5;9;-;6;9;=;1;2;2','5;9;+;6;3;=;1;2;2'
4247,'41-69=104','41+63=104',op_and_digit_balance,4,9,3,2,-,+,,,,,,,'4;1;-;6;9;=;1;0;4','4;1;+;6;3;=;1;0;4'
4248,'24-39=-6','24-30=-6',within_digit,4,9,0,,,,,,,,,,'2;4;-;3;9;=;-;6','2;4;-;3;0;=;-;6'
4249,'19=52--33','19-52=-33',swap_-_and_=,2,=,-,5,-,=,,,,,,,'1;9;=;5;2;-;-;3;3','1;9;-;5;2;=;-;3;3'
4250,'81+55=25','81-55=26',op_and_digit_balance,2,+,-,7,5,6,,,,,,,'8;1;+;5;5;=;2;5','8;1;-;5;5;=;2;6'
4251,'89+85=185','99+86=185',digit_to_digit,0,8,9,4,5,6,,,,,,,'8;9;+;8;5;=;1;8;5','9;9;+;8;6;=;1;8;5'
4252,'58-75=-26','50-76=-26',digit_to_digit,1,8,0,4,5,6,,,,,,,'5;8;-;7;5;=;-;2;6','5;0;-;7;6;=;-;2;6'
4253,'81-92=-4','81-92=-11',four_eleven,7,4,11,,,,,,,,,,'8;1;-;9;2;=;-;4','8;1;-;9;2;=;-;11'
4254,'99+54=5','99-94=5',op_and_digit_balance,2,+,-,3,5,9,,,,,,,'9;9;+;5;4;=;5','9;9;-;9;4;=;5'
4255,'49+30=18','48-30=18',op_and_digit_balance,2,+,-,1,9,8,,,,,,,'4;9;+;3;0;=;1;8','4;8;-;3;0;=;1;8'
4256,'92=52-40','92-52=40',swap_-_and_=,2,=,-,5,-,=,,,,,,,'9;2;=;5;2;-;4;0','9;2;-;5;2;=;4;0'
4257,'13+15=-3','13-16=-3',op_and_digit_balance,2,+,-,4,5,6,,,,,,,'1;3;+;1;5;=;-;3','1;3;-;1;6;=;-;3'
4258,'91-32=-61','31-92=-61',digit_to_digit,0,9,3,3,3,9,,,,,,,'9;1;-;3;2;=;-;6;1','3;1;-;9;2;=;-;6;1'
4259,'27-68=96','27+68=95',op_and_digit_balance,7,6,5,2,-,+,,,,,,,'2;7;-;6;8;=;9;6','2;7;+;6;8;=;9;5'
4260,'14+19=55','74-19=55',op_and_digit_balance,2,+,-,0,1,7,,,,,,,'1;4;+;1;9;=;5;5','7;4;-;1;9;=;5;5'
4261,'18+82=38','16+82=98',digit_to_digit,1,8,6,6,3,9,,,,,,,'1;8;+;8;2;=;3;8','1;6;+;8;2;=;9;8'
4262,'75+80=-13','75-88=-13',op_and_digit_balance,2,+,-,4,0,8,,,,,,,'7;5;+;8;0;=;-;1;3','7;5;-;8;8;=;-;1;3'
4263,'70-38=-20','18-38=-20',digit_to_digit,0,7,1,1,0,8,,,,,,,'7;0;-;3;8;=;-;2;0','1;8;-;3;8;=;-;2;0'
4264,'59+56=156','99+56=155',digit_to_digit,8,6,5,0,5,9,,,,,,,'5;9;+;5;6;=;1;5;6','9;9;+;5;6;=;1;5;5'
4265,'86+36=123','88+35=123',digit_to_digit,4,6,5,1,6,8,,,,,,,'8;6;+;3;6;=;1;2;3','8;8;+;3;5;=;1;2;3'
4266,'72-90=102','12+90=102',op_and_digit_balance,0,7,1,2,-,+,,,,,,,'7;2;-;9;0;=;1;0;2','1;2;+;9;0;=;1;0;2'
4267,'67+10=51','67-10=57',op_and_digit_balance,2,+,-,7,1,7,,,,,,,'6;7;+;1;0;=;5;1','6;7;-;1;0;=;5;7'
4268,'33-19=111','33-19=14',four_eleven,7,11,4,,,,,,,,,,'3;3;-;1;9;=;1;11','3;3;-;1;9;=;1;4'
4269,'54+50=-6','54-60=-6',op_and_digit_balance,2,+,-,3,5,6,,,,,,,'5;4;+;5;0;=;-;6','5;4;-;6;0;=;-;6'
4270,'46+54=148','46+94=140',digit_to_digit,8,8,0,3,5,9,,,,,,,'4;6;+;5;4;=;1;4;8','4;6;+;9;4;=;1;4;0'
4271,'73-90=763','73+90=163',op_and_digit_balance,6,7,1,2,-,+,,,,,,,'7;3;-;9;0;=;7;6;3','7;3;+;9;0;=;1;6;3'
4272,'66-55=0','56-56=0',digit_to_digit,0,6,5,4,5,6,,,,,,,'6;6;-;5;5;=;0','5;6;-;5;6;=;0'
4273,'23=58--35','23-58=-35',swap_-_and_=,2,=,-,5,-,=,,,,,,,'2;3;=;5;8;-;-;3;5','2;3;-;5;8;=;-;3;5'
4274,'74-55=73','74-55=19',digit_to_digit,6,7,1,7,3,9,,,,,,,'7;4;-;5;5;=;7;3','7;4;-;5;5;=;1;9'
4275,'96+80=146','86+60=146',digit_to_digit,3,8,6,0,9,8,,,,,,,'9;6;+;8;0;=;1;4;6','8;6;+;6;0;=;1;4;6'
4276,'33+15=-42','33-75=-42',op_and_digit_balance,2,+,-,3,1,7,,,,,,,'3;3;+;1;5;=;-;4;2','3;3;-;7;5;=;-;4;2'
4277,'22+51=72','22+51=73',within_digit,7,2,3,,,,,,,,,,'2;2;+;5;1;=;7;2','2;2;+;5;1;=;7;3'
4278,'81+31=-10','81-91=-10',op_and_digit_balance,2,+,-,3,3,9,,,,,,,'8;1;+;3;1;=;-;1;0','8;1;-;9;1;=;-;1;0'
4279,'97-49=-11','37-48=-11',digit_to_digit,0,9,3,4,9,8,,,,,,,'9;7;-;4;9;=;-;11','3;7;-;4;8;=;-;11'
4280,'84+24=118','84+34=118',within_digit,3,2,3,,,,,,,,,,'8;4;+;2;4;=;11;8','8;4;+;3;4;=;11;8'
4281,'85-19=10','85-15=70',digit_to_digit,4,9,5,6,1,7,,,,,,,'8;5;-;1;9;=;1;0','8;5;-;1;5;=;7;0'
4282,'51+15=46','61-15=46',op_and_digit_balance,2,+,-,0,5,6,,,,,,,'5;1;+;1;5;=;4;6','6;1;-;1;5;=;4;6'
4283,'17=26--9','17-26=-9',swap_-_and_=,2,=,-,5,-,=,,,,,,,'1;7;=;2;6;-;-;9','1;7;-;2;6;=;-;9'
4284,'86-30=126','96+30=126',op_and_digit_balance,0,8,9,2,-,+,,,,,,,'8;6;-;3;0;=;1;2;6','9;6;+;3;0;=;1;2;6'
4285,'95+95=134','39+95=134',digit_to_digit,0,9,3,1,5,9,,,,,,,'9;5;+;9;5;=;1;3;4','3;9;+;9;5;=;1;3;4'
4286,'12+43=-37','12-49=-37',op_and_digit_balance,2,+,-,4,3,9,,,,,,,'1;2;+;4;3;=;-;3;7','1;2;-;4;9;=;-;3;7'
4287,'58+10=58','68-10=58',op_and_digit_balance,2,+,-,0,5,6,,,,,,,'5;8;+;1;0;=;5;8','6;8;-;1;0;=;5;8'
4288,'78-61=129','78+51=129',op_and_digit_balance,3,6,5,2,-,+,,,,,,,'7;8;-;6;1;=;1;2;9','7;8;+;5;1;=;1;2;9'
4289,'76+52=70','18+52=70',digit_to_digit,0,7,1,1,6,8,,,,,,,'7;6;+;5;2;=;7;0','1;8;+;5;2;=;7;0'
4290,'63-60=723','63+60=123',op_and_digit_balance,6,7,1,2,-,+,,,,,,,'6;3;-;6;0;=;7;2;3','6;3;+;6;0;=;1;2;3'
4291,'54+39=193','54+99=153',digit_to_digit,7,9,5,3,3,9,,,,,,,'5;4;+;3;9;=;1;9;3','5;4;+;9;9;=;1;5;3'
4292,'27+25=93','27+26=53',digit_to_digit,6,9,5,4,5,6,,,,,,,'2;7;+;2;5;=;9;3','2;7;+;2;6;=;5;3'
4293,'25+94=12','25-9-4=12',,2,+,-,,,,,,,,,,2;5;+;9;4;=;1;2',2;5;-;9;-;4;=;1;2'
4294,'15+23=-4','19-23=-4',op_and_digit_balance,2,+,-,1,5,9,,,,,,,'1;5;+;2;3;=;-;4','1;9;-;2;3;=;-;4'
4295,'81+45=32','81-49=32',op_and_digit_balance,2,+,-,4,5,9,,,,,,,'8;1;+;4;5;=;3;2','8;1;-;4;9;=;3;2'
4296,'72+91=-25','72-97=-25',op_and_digit_balance,2,+,-,4,1,7,,,,,,,'7;2;+;9;1;=;-;2;5','7;2;-;9;7;=;-;2;5'
4297,'73=31-42','73-31=42',swap_-_and_=,2,=,-,5,-,=,,,,,,,'7;3;=;3;1;-;4;2','7;3;-;3;1;=;4;2'
4298,'94-27=721','94+27=121',op_and_digit_balance,6,7,1,2,-,+,,,,,,,'9;4;-;2;7;=;7;2;1','9;4;+;2;7;=;1;2;1'
4299,'41+45=-8','41-49=-8',op_and_digit_balance,2,+,-,4,5,9,,,,,,,'4;1;+;4;5;=;-;8','4;1;-;4;9;=;-;8'
4300,'85=55-30','85-55=30',swap_-_and_=,2,=,-,5,-,=,,,,,,,'8;5;=;5;5;-;3;0','8;5;-;5;5;=;3;0'
4301,'98-58=110','98-58=40',four_eleven,6,11,4,,,,,,,,,,'9;8;-;5;8;=;11;0','9;8;-;5;8;=;4;0'
4302,'90+99=137','38+99=137',digit_to_digit,0,9,3,1,0,8,,,,,,,'9;0;+;9;9;=;1;3;7','3;8;+;9;9;=;1;3;7'
4303,'78-97=-21','70-97=-27',digit_to_digit,1,8,0,8,1,7,,,,,,,'7;8;-;9;7;=;-;2;1','7;0;-;9;7;=;-;2;7'
4304,'61-82=-19','67-82=-15',digit_to_digit,8,9,5,1,1,7,,,,,,,'6;1;-;8;2;=;-;1;9','6;7;-;8;2;=;-;1;5'
4305,'97-15=41','57-16=41',digit_to_digit,0,9,5,4,5,6,,,,,,,'9;7;-;1;5;=;4;1','5;7;-;1;6;=;4;1'
4306,'16-65=-59','16-69=-53',digit_to_digit,8,9,3,4,5,9,,,,,,,'1;6;-;6;5;=;-;5;9','1;6;-;6;9;=;-;5;3'
4307,'47-85=112','47+65=112',op_and_digit_balance,3,8,6,2,-,+,,,,,,,'4;7;-;8;5;=;11;2','4;7;+;6;5;=;11;2'
4308,'78-70=-2','76-78=-2',digit_to_digit,1,8,6,4,0,8,,,,,,,'7;8;-;7;0;=;-;2','7;6;-;7;8;=;-;2'
4309,'78+78=146','70+78=148',digit_to_digit,1,8,0,8,6,8,,,,,,,'7;8;+;7;8;=;1;4;6','7;0;+;7;8;=;1;4;8'
4310,'47+20=19','47-28=19',op_and_digit_balance,2,+,-,4,0,8,,,,,,,'4;7;+;2;0;=;1;9','4;7;-;2;8;=;1;9'
4311,'11+75=30','11+19=30',digit_to_digit,2,7,1,3,5,9,,,,,,,'11;+;7;5;=;3;0','11;+;1;9;=;3;0'
4312,'87-90=187','97+90=187',op_and_digit_balance,0,8,9,2,-,+,,,,,,,'8;7;-;9;0;=;1;8;7','9;7;+;9;0;=;1;8;7'
4313,'92+59=135','82+53=135',digit_to_digit,4,9,3,0,9,8,,,,,,,'9;2;+;5;9;=;1;3;5','8;2;+;5;3;=;1;3;5'
4314,'37-91=68','37+31=68',op_and_digit_balance,3,9,3,2,-,+,,,,,,,'3;7;-;9;1;=;6;8','3;7;+;3;1;=;6;8'
4315,'48-21=89','48+21=69',op_and_digit_balance,6,8,6,2,-,+,,,,,,,'4;8;-;2;1;=;8;9','4;8;+;2;1;=;6;9'
4316,'97-28=5','37-28=9',digit_to_digit,0,9,3,6,5,9,,,,,,,'9;7;-;2;8;=;5','3;7;-;2;8;=;9'
4317,'90-61=38','99-61=38',within_digit,1,0,9,,,,,,,,,,'9;0;-;6;1;=;3;8','9;9;-;6;1;=;3;8'
4318,'51-66=35','91-56=35',digit_to_digit,3,6,5,0,5,9,,,,,,,'5;1;-;6;6;=;3;5','9;1;-;5;6;=;3;5'
4319,'62-18=72','62+10=72',op_and_digit_balance,4,8,0,2,-,+,,,,,,,'6;2;-;1;8;=;7;2','6;2;+;1;0;=;7;2'
4320,'93+98=-15','83-98=-15',op_and_digit_balance,2,+,-,0,9,8,,,,,,,'9;3;+;9;8;=;-;1;5','8;3;-;9;8;=;-;1;5'
4321,'38-47=79','38+41=79',op_and_digit_balance,4,7,1,2,-,+,,,,,,,'3;8;-;4;7;=;7;9','3;8;+;4;1;=;7;9'
4322,'31+14=705','31+74=105',digit_to_digit,6,7,1,3,1,7,,,,,,,'3;1;+;1;4;=;7;0;5','3;1;+;7;4;=;1;0;5'
4323,'81-77=152','81+71=152',op_and_digit_balance,4,7,1,2,-,+,,,,,,,'8;1;-;7;7;=;1;5;2','8;1;+;7;1;=;1;5;2'
4324,'66-95=-39','66-95=-29',within_digit,7,3,2,,,,,,,,,,'6;6;-;9;5;=;-;3;9','6;6;-;9;5;=;-;2;9'
4325,'89=11-78','89-11=78',swap_-_and_=,2,=,-,4,-,=,,,,,,,'8;9;=;11;-;7;8','8;9;-;11;=;7;8'
4326,'35+54=148','95+54=149',digit_to_digit,8,8,9,0,3,9,,,,,,,'3;5;+;5;4;=;1;4;8','9;5;+;5;4;=;1;4;9'
4327,'57+56=117','51+66=117',digit_to_digit,1,7,1,3,5,6,,,,,,,'5;7;+;5;6;=;11;7','5;1;+;6;6;=;11;7'
4328,'23+59=16','23+53=76',digit_to_digit,4,9,3,6,1,7,,,,,,,'2;3;+;5;9;=;1;6','2;3;+;5;3;=;7;6'
4329,'92+50=32','82-50=32',op_and_digit_balance,2,+,-,0,9,8,,,,,,,'9;2;+;5;0;=;3;2','8;2;-;5;0;=;3;2'
4330,'89-76=175','99+76=175',op_and_digit_balance,0,8,9,2,-,+,,,,,,,'8;9;-;7;6;=;1;7;5','9;9;+;7;6;=;1;7;5'
4331,'36-17=9','26-17=9',within_digit,0,3,2,,,,,,,,,,'3;6;-;1;7;=;9','2;6;-;1;7;=;9'
4332,'64+40=1011','64+40=104',four_eleven,8,11,4,,,,,,,,,,'6;4;+;4;0;=;1;0;11','6;4;+;4;0;=;1;0;4'
4333,'78-24=-5','18-24=-6',digit_to_digit,0,7,1,7,5,6,,,,,,,'7;8;-;2;4;=;-;5','1;8;-;2;4;=;-;6'
4334,'61+42=13','61-42=19',op_and_digit_balance,2,+,-,7,3,9,,,,,,,'6;1;+;4;2;=;1;3','6;1;-;4;2;=;1;9'
4335,'84-84=768','84+84=168',op_and_digit_balance,6,7,1,2,-,+,,,,,,,'8;4;-;8;4;=;7;6;8','8;4;+;8;4;=;1;6;8'
4336,'12+25=47','72-25=47',op_and_digit_balance,2,+,-,0,1,7,,,,,,,'1;2;+;2;5;=;4;7','7;2;-;2;5;=;4;7'
4337,'40-99=-13','40-59=-19',digit_to_digit,3,9,5,8,3,9,,,,,,,'4;0;-;9;9;=;-;1;3','4;0;-;5;9;=;-;1;9'
4338,'42+15=21','42-15=27',op_and_digit_balance,2,+,-,7,1,7,,,,,,,'4;2;+;1;5;=;2;1','4;2;-;1;5;=;2;7'
4339,'60+12=49','60-12=48',op_and_digit_balance,2,+,-,7,9,8,,,,,,,'6;0;+;1;2;=;4;9','6;0;-;1;2;=;4;8'
4340,'23-31=-9','22-31=-9',within_digit,1,3,2,,,,,,,,,,'2;3;-;3;1;=;-;9','2;2;-;3;1;=;-;9'
4341,'36-61=87','36+61=97',op_and_digit_balance,6,8,9,2,-,+,,,,,,,'3;6;-;6;1;=;8;7','3;6;+;6;1;=;9;7'
4342,'96=16-80','96-16=80',swap_-_and_=,2,=,-,5,-,=,,,,,,,'9;6;=;1;6;-;8;0','9;6;-;1;6;=;8;0'
4343,'90+35=54','90-36=54',op_and_digit_balance,2,+,-,4,5,6,,,,,,,'9;0;+;3;5;=;5;4','9;0;-;3;6;=;5;4'
4344,'67-15=76','61+15=76',op_and_digit_balance,1,7,1,2,-,+,,,,,,,'6;7;-;1;5;=;7;6','6;1;+;1;5;=;7;6'
4345,'42-27=89','42+27=69',op_and_digit_balance,6,8,6,2,-,+,,,,,,,'4;2;-;2;7;=;8;9','4;2;+;2;7;=;6;9'
4346,'17-28=48','77-29=48',digit_to_digit,4,8,9,0,1,7,,,,,,,'1;7;-;2;8;=;4;8','7;7;-;2;9;=;4;8'
4347,'51+98=-37','51-88=-37',op_and_digit_balance,2,+,-,3,9,8,,,,,,,'5;1;+;9;8;=;-;3;7','5;1;-;8;8;=;-;3;7'
4348,'36+53=58','3-6+53=50',,7,8,0,,,,,,,,,,3;6;+;5;3;=;5;8',3;-;6;+;5;3;=;5;0'
4349,'69+92=88','6-9+92=89',,7,8,9,,,,,,,,,,6;9;+;9;2;=;8;8',6;-;9;+;9;2;=;8;9'
4350,'27+95=98','2-7+95=90',,7,8,0,,,,,,,,,,2;7;+;9;5;=;9;8',2;-;7;+;9;5;=;9;0'
4351,'33+19=18','3-3+19=19',,7,8,9,,,,,,,,,,3;3;+;1;9;=;1;8',3;-;3;+;1;9;=;1;9'
4352,'67+90=88','6-7+90=89',,7,8,9,,,,,,,,,,6;7;+;9;0;=;8;8',6;-;7;+;9;0;=;8;9'
4353,'30+27=38','3-0+27=30',,7,8,0,,,,,,,,,,3;0;+;2;7;=;3;8',3;-;0;+;2;7;=;3;0'
4354,'71+65=77','7-1+65=71',,7,7,1,,,,,,,,,,7;1;+;6;5;=;7;7',7;-;1;+;6;5;=;7;1'
4355,'53+11=19','5-3+11=13',,7,9,3,,,,,,,,,,5;3;+;1;1;=;1;9',5;-;3;+;1;1;=;1;3'
4356,'10+88=88','1-0+88=89',,7,8,9,,,,,,,,,,1;0;+;8;8;=;8;8',1;-;0;+;8;8;=;8;9'
4357,'30+72=76','3-0+72=75',,7,6,5,,,,,,,,,,3;0;+;7;2;=;7;6',3;-;0;+;7;2;=;7;5'
4358,'24+77=79','2-4+77=75',,7,9,5,,,,,,,,,,2;4;+;7;7;=;7;9',2;-;4;+;7;7;=;7;5'
4359,'24+78=78','2-4+78=76',,7,8,6,,,,,,,,,,2;4;+;7;8;=;7;8',2;-;4;+;7;8;=;7;6'
4360,'59+35=37','5-9+35=31',,7,7,1,,,,,,,,,,5;9;+;3;5;=;3;7',5;-;9;+;3;5;=;3;1'
4361,'20+17=18','2-0+17=19',,7,8,9,,,,,,,,,,2;0;+;1;7;=;1;8',2;-;0;+;1;7;=;1;9'
4362,'17+51=49','1-7+51=45',,7,9,5,,,,,,,,,,1;7;+;5;1;=;4;9',1;-;7;+;5;1;=;4;5'
4363,'95+12=18','9-5+12=16',,7,8,6,,,,,,,,,,9;5;+;1;2;=;1;8',9;-;5;+;1;2;=;1;6'
4364,'61+48=59','6-1+48=53',,7,9,3,,,,,,,,,,6;1;+;4;8;=;5;9',6;-;1;+;4;8;=;5;3'
4365,'23+21=28','2-3+21=20',,7,8,0,,,,,,,,,,2;3;+;2;1;=;2;8',2;-;3;+;2;1;=;2;0'
4366,'23+77=78','2-3+77=76',,7,8,6,,,,,,,,,,2;3;+;7;7;=;7;8',2;-;3;+;7;7;=;7;6'
4367,'64+64=68','6-4+64=66',,7,8,6,,,,,,,,,,6;4;+;6;4;=;6;8',6;-;4;+;6;4;=;6;6'
4368,'13+47=49','1-3+47=45',,7,9,5,,,,,,,,,,1;3;+;4;7;=;4;9',1;-;3;+;4;7;=;4;5'
4369,'41+67=78','4-1+67=70',,7,8,0,,,,,,,,,,4;1;+;6;7;=;7;8',4;-;1;+;6;7;=;7;0'
4370,'69+84=87','6-9+84=81',,7,7,1,,,,,,,,,,6;9;+;8;4;=;8;7',6;-;9;+;8;4;=;8;1'
4371,'19+69=67','1-9+69=61',,7,7,1,,,,,,,,,,1;9;+;6;9;=;6;7',1;-;9;+;6;9;=;6;1'
4372,'11+20=28','1-1+20=20',,7,8,0,,,,,,,,,,1;1;+;2;0;=;2;8',1;-;1;+;2;0;=;2;0'
4373,'18+73=68','1-8+73=66',,7,8,6,,,,,,,,,,1;8;+;7;3;=;6;8',1;-;8;+;7;3;=;6;6'
4374,'61+50=59','6-1+50=55',,7,9,5,,,,,,,,,,6;1;+;5;0;=;5;9',6;-;1;+;5;0;=;5;5'
4375,'87+15=18','8-7+15=16',,7,8,6,,,,,,,,,,8;7;+;1;5;=;1;8',8;-;7;+;1;5;=;1;6'
4376,'55+60=68','5-5+60=60',,7,8,0,,,,,,,,,,5;5;+;6;0;=;6;8',5;-;5;+;6;0;=;6;0'
4377,'35+51=48','3-5+51=49',,7,8,9,,,,,,,,,,3;5;+;5;1;=;4;8',3;-;5;+;5;1;=;4;9'
4378,'11+73=79','1-1+73=73',,7,9,3,,,,,,,,,,1;1;+;7;3;=;7;9',1;-;1;+;7;3;=;7;3'
4379,'82+75=87','8-2+75=81',,7,7,1,,,,,,,,,,8;2;+;7;5;=;8;7',8;-;2;+;7;5;=;8;1'
4380,'48+87=89','4-8+87=83',,7,9,3,,,,,,,,,,4;8;+;8;7;=;8;9',4;-;8;+;8;7;=;8;3'
4381,'91+22=38','9-1+22=30',,7,8,0,,,,,,,,,,9;1;+;2;2;=;3;8',9;-;1;+;2;2;=;3;0'
4382,'88+25=29','8-8+25=25',,7,9,5,,,,,,,,,,8;8;+;2;5;=;2;9',8;-;8;+;2;5;=;2;5'
4383,'30+38=47','3-0+38=41',,7,7,1,,,,,,,,,,3;0;+;3;8;=;4;7',3;-;0;+;3;8;=;4;1'
4384,'12+34=39','1-2+34=33',,7,9,3,,,,,,,,,,1;2;+;3;4;=;3;9',1;-;2;+;3;4;=;3;3'
4385,'41+60=69','4-1+60=63',,7,9,3,,,,,,,,,,4;1;+;6;0;=;6;9',4;-;1;+;6;0;=;6;3'
4386,'73+72=78','7-3+72=76',,7,8,6,,,,,,,,,,7;3;+;7;2;=;7;8',7;-;3;+;7;2;=;7;6'
4387,'26+94=98','2-6+94=90',,7,8,0,,,,,,,,,,2;6;+;9;4;=;9;8',2;-;6;+;9;4;=;9;0'
4388,'91+22=38','9-1+22=30',,7,8,0,,,,,,,,,,9;1;+;2;2;=;3;8',9;-;1;+;2;2;=;3;0'
4389,'61+38=49','6-1+38=43',,7,9,3,,,,,,,,,,6;1;+;3;8;=;4;9',6;-;1;+;3;8;=;4;3'
4390,'74+96=98','7-4+96=99',,7,8,9,,,,,,,,,,7;4;+;9;6;=;9;8',7;-;4;+;9;6;=;9;9'
4391,'74+30=39','7-4+30=33',,7,9,3,,,,,,,,,,7;4;+;3;0;=;3;9',7;-;4;+;3;0;=;3;3'
4392,'44+66=68','4-4+66=66',,7,8,6,,,,,,,,,,4;4;+;6;6;=;6;8',4;-;4;+;6;6;=;6;6'
4393,'23+96=99','2-3+96=95',,7,9,5,,,,,,,,,,2;3;+;9;6;=;9;9',2;-;3;+;9;6;=;9;5'
4394,'24+77=79','2-4+77=75',,7,9,5,,,,,,,,,,2;4;+;7;7;=;7;9',2;-;4;+;7;7;=;7;5'
4395,'29+20=19','2-9+20=13',,7,9,3,,,,,,,,,,2;9;+;2;0;=;1;9',2;-;9;+;2;0;=;1;3'
4396,'92+36=49','9-2+36=43',,7,9,3,,,,,,,,,,9;2;+;3;6;=;4;9',9;-;2;+;3;6;=;4;3'
4397,'55+39=38','5-5+39=39',,7,8,9,,,,,,,,,,5;5;+;3;9;=;3;8',5;-;5;+;3;9;=;3;9'
4398,'79+42=48','7-9+42=40',,7,8,0,,,,,,,,,,7;9;+;4;2;=;4;8',7;-;9;+;4;2;=;4;0'
4399,'31+73=79','3-1+73=75',,7,9,5,,,,,,,,,,3;1;+;7;3;=;7;9',3;-;1;+;7;3;=;7;5'
4400,'32+92=99','3-2+92=93',,7,9,3,,,,,,,,,,3;2;+;9;2;=;9;9',3;-;2;+;9;2;=;9;3'
4401,'95+72=78','9-5+72=76',,7,8,6,,,,,,,,,,9;5;+;7;2;=;7;8',9;-;5;+;7;2;=;7;6'
4402,'88+85=86','8-8+85=85',,7,6,5,,,,,,,,,,8;8;+;8;5;=;8;6',8;-;8;+;8;5;=;8;5'
4403,'30+18=27','3-0+18=21',,7,7,1,,,,,,,,,,3;0;+;1;8;=;2;7',3;-;0;+;1;8;=;2;1'
4404,'81+92=98','8-1+92=99',,7,8,9,,,,,,,,,,8;1;+;9;2;=;9;8',8;-;1;+;9;2;=;9;9'
4405,'73+81=89','7-3+81=85',,7,9,5,,,,,,,,,,7;3;+;8;1;=;8;9',7;-;3;+;8;1;=;8;5'
4406,'99+90=98','9-9+90=90',,7,8,0,,,,,,,,,,9;9;+;9;0;=;9;8',9;-;9;+;9;0;=;9;0'
4407,'63+12=16','6-3+12=15',,7,6,5,,,,,,,,,,6;3;+;1;2;=;1;6',6;-;3;+;1;2;=;1;5'
4408,'58+62=58','5-8+62=59',,7,8,9,,,,,,,,,,5;8;+;6;2;=;5;8',5;-;8;+;6;2;=;5;9'
4409,'81+59=68','8-1+59=66',,7,8,6,,,,,,,,,,8;1;+;5;9;=;6;8',8;-;1;+;5;9;=;6;6'
4410,'95+42=48','9-5+42=46',,7,8,6,,,,,,,,,,9;5;+;4;2;=;4;8',9;-;5;+;4;2;=;4;6'
4411,'95+95=98','9-5+95=99',,7,8,9,,,,,,,,,,9;5;+;9;5;=;9;8',9;-;5;+;9;5;=;9;9'
4412,'35+31=28','3-5+31=29',,7,8,9,,,,,,,,,,3;5;+;3;1;=;2;8',3;-;5;+;3;1;=;2;9'
4413,'43+19=28','4-3+19=20',,7,8,0,,,,,,,,,,4;3;+;1;9;=;2;8',4;-;3;+;1;9;=;2;0'
4414,'36+62=58','3-6+62=59',,7,8,9,,,,,,,,,,3;6;+;6;2;=;5;8',3;-;6;+;6;2;=;5;9'
4415,'99+49=48','9-9+49=49',,7,8,9,,,,,,,,,,9;9;+;4;9;=;4;8',9;-;9;+;4;9;=;4;9'
4416,'66+66=68','6-6+66=66',,7,8,6,,,,,,,,,,6;6;+;6;6;=;6;8',6;-;6;+;6;6;=;6;6'
4417,'39+71=69','3-9+71=65',,7,9,5,,,,,,,,,,3;9;+;7;1;=;6;9',3;-;9;+;7;1;=;6;5'
4418,'78+26=26','7-8+26=25',,7,6,5,,,,,,,,,,7;8;+;2;6;=;2;6',7;-;8;+;2;6;=;2;5'
4419,'30+62=66','3-0+62=65',,7,6,5,,,,,,,,,,3;0;+;6;2;=;6;6',3;-;0;+;6;2;=;6;5'
4420,'35+95=99','3-5+95=93',,7,9,3,,,,,,,,,,3;5;+;9;5;=;9;9',3;-;5;+;9;5;=;9;3'
4421,'10+44=49','1-0+44=45',,7,9,5,,,,,,,,,,1;0;+;4;4;=;4;9',1;-;0;+;4;4;=;4;5'
4422,'64+29=37','6-4+29=31',,7,7,1,,,,,,,,,,6;4;+;2;9;=;3;7',6;-;4;+;2;9;=;3;1'
4423,'52+67=78','5-2+67=70',,7,8,0,,,,,,,,,,5;2;+;6;7;=;7;8',5;-;2;+;6;7;=;7;0'
4424,'12+91=98','1-2+91=90',,7,8,0,,,,,,,,,,1;2;+;9;1;=;9;8',1;-;2;+;9;1;=;9;0'
4425,'76+40=47','7-6+40=41',,7,7,1,,,,,,,,,,7;6;+;4;0;=;4;7',7;-;6;+;4;0;=;4;1'
4426,'55+39=38','5-5+39=39',,7,8,9,,,,,,,,,,5;5;+;3;9;=;3;8',5;-;5;+;3;9;=;3;9'
4427,'89+24=29','8-9+24=23',,7,9,3,,,,,,,,,,8;9;+;2;4;=;2;9',8;-;9;+;2;4;=;2;3'
4428,'90+60=68','9-0+60=69',,7,8,9,,,,,,,,,,9;0;+;6;0;=;6;8',9;-;0;+;6;0;=;6;9'
4429,'85+42=46','8-5+42=45',,7,6,5,,,,,,,,,,8;5;+;4;2;=;4;6',8;-;5;+;4;2;=;4;5'
4430,'90+42=57','9-0+42=51',,7,7,1,,,,,,,,,,9;0;+;4;2;=;5;7',9;-;0;+;4;2;=;5;1'
4431,'13+18=18','1-3+18=16',,7,8,6,,,,,,,,,,1;3;+;1;8;=;1;8',1;-;3;+;1;8;=;1;6'
4432,'53+18=28','5-3+18=20',,7,8,0,,,,,,,,,,5;3;+;1;8;=;2;8',5;-;3;+;1;8;=;2;0'
4433,'74+58=67','7-4+58=61',,7,7,1,,,,,,,,,,7;4;+;5;8;=;6;7',7;-;4;+;5;8;=;6;1'
4434,'75+41=49','7-5+41=43',,7,9,3,,,,,,,,,,7;5;+;4;1;=;4;9',7;-;5;+;4;1;=;4;3'
4435,'13+17=19','1-3+17=15',,7,9,5,,,,,,,,,,1;3;+;1;7;=;1;9',1;-;3;+;1;7;=;1;5'
4436,'26+97=99','2-6+97=93',,7,9,3,,,,,,,,,,2;6;+;9;7;=;9;9',2;-;6;+;9;7;=;9;3'
4437,'50+38=49','5-0+38=43',,7,9,3,,,,,,,,,,5;0;+;3;8;=;4;9',5;-;0;+;3;8;=;4;3'
4438,'29+97=98','2-9+97=90',,7,8,0,,,,,,,,,,2;9;+;9;7;=;9;8',2;-;9;+;9;7;=;9;0'
4439,'16+61=58','1-6+61=56',,7,8,6,,,,,,,,,,1;6;+;6;1;=;5;8',1;-;6;+;6;1;=;5;6'
4440,'86+77=78','8-6+77=79',,7,8,9,,,,,,,,,,8;6;+;7;7;=;7;8',8;-;6;+;7;7;=;7;9'
4441,'62+66=78','6-2+66=70',,7,8,0,,,,,,,,,,6;2;+;6;6;=;7;8',6;-;2;+;6;6;=;7;0'
4442,'77+85=89','7-7+85=85',,7,9,5,,,,,,,,,,7;7;+;8;5;=;8;9',7;-;7;+;8;5;=;8;5'
4443,'57+65=69','5-7+65=63',,7,9,3,,,,,,,,,,5;7;+;6;5;=;6;9',5;-;7;+;6;5;=;6;3'
4444,'80+27=39','8-0+27=35',,7,9,5,,,,,,,,,,8;0;+;2;7;=;3;9',8;-;0;+;2;7;=;3;5'
4445,'25+68=66','2-5+68=65',,7,6,5,,,,,,,,,,2;5;+;6;8;=;6;6',2;-;5;+;6;8;=;6;5'
4446,'12+56=59','1-2+56=55',,7,9,5,,,,,,,,,,1;2;+;5;6;=;5;9',1;-;2;+;5;6;=;5;5'
4447,'57+51=48','5-7+51=49',,7,8,9,,,,,,,,,,5;7;+;5;1;=;4;8',5;-;7;+;5;1;=;4;9'
4448,'51+95=98','5-1+95=99',,7,8,9,,,,,,,,,,5;1;+;9;5;=;9;8',5;-;1;+;9;5;=;9;9'
4449,'65+82=89','6-5+82=83',,7,9,3,,,,,,,,,,6;5;+;8;2;=;8;9',6;-;5;+;8;2;=;8;3'
4450,'50+26=37','5-0+26=31',,7,7,1,,,,,,,,,,5;0;+;2;6;=;3;7',5;-;0;+;2;6;=;3;1'
4451,'58+94=97','5-8+94=91',,7,7,1,,,,,,,,,,5;8;+;9;4;=;9;7',5;-;8;+;9;4;=;9;1'
4452,'50+30=36','5-0+30=35',,7,6,5,,,,,,,,,,5;0;+;3;0;=;3;6',5;-;0;+;3;0;=;3;5'
4453,'43+85=88','4-3+85=86',,7,8,6,,,,,,,,,,4;3;+;8;5;=;8;8',4;-;3;+;8;5;=;8;6'
4454,'71+45=57','7-1+45=51',,7,7,1,,,,,,,,,,7;1;+;4;5;=;5;7',7;-;1;+;4;5;=;5;1'
4455,'93+29=36','9-3+29=35',,7,6,5,,,,,,,,,,9;3;+;2;9;=;3;6',9;-;3;+;2;9;=;3;5'
4456,'71+59=66','7-1+59=65',,7,6,5,,,,,,,,,,7;1;+;5;9;=;6;6',7;-;1;+;5;9;=;6;5'
4457,'76+68=68','7-6+68=69',,7,8,9,,,,,,,,,,7;6;+;6;8;=;6;8',7;-;6;+;6;8;=;6;9'
4458,'57+55=59','5-7+55=53',,7,9,3,,,,,,,,,,5;7;+;5;5;=;5;9',5;-;7;+;5;5;=;5;3'
4459,'77+65=69','7-7+65=65',,7,9,5,,,,,,,,,,7;7;+;6;5;=;6;9',7;-;7;+;6;5;=;6;5'
4460,'79+73=77','7-9+73=71',,7,7,1,,,,,,,,,,7;9;+;7;3;=;7;7',7;-;9;+;7;3;=;7;1'
4461,'48+64=68','4-8+64=60',,7,8,0,,,,,,,,,,4;8;+;6;4;=;6;8',4;-;8;+;6;4;=;6;0'
4462,'24+47=49','2-4+47=45',,7,9,5,,,,,,,,,,2;4;+;4;7;=;4;9',2;-;4;+;4;7;=;4;5'
4463,'23+82=87','2-3+82=81',,7,7,1,,,,,,,,,,2;3;+;8;2;=;8;7',2;-;3;+;8;2;=;8;1'
4464,'25+19=18','2-5+19=16',,7,8,6,,,,,,,,,,2;5;+;1;9;=;1;8',2;-;5;+;1;9;=;1;6'
4465,'40+27=37','4-0+27=31',,7,7,1,,,,,,,,,,4;0;+;2;7;=;3;7',4;-;0;+;2;7;=;3;1'
4466,'23+20=18','2-3+20=19',,7,8,9,,,,,,,,,,2;3;+;2;0;=;1;8',2;-;3;+;2;0;=;1;9'
4467,'45+96=96','4-5+96=95',,7,6,5,,,,,,,,,,4;5;+;9;6;=;9;6',4;-;5;+;9;6;=;9;5'
4468,'93+25=37','9-3+25=31',,7,7,1,,,,,,,,,,9;3;+;2;5;=;3;7',9;-;3;+;2;5;=;3;1'
4469,'82+53=58','8-2+53=59',,7,8,9,,,,,,,,,,8;2;+;5;3;=;5;8',8;-;2;+;5;3;=;5;9'
4470,'55+45=46','5-5+45=45',,7,6,5,,,,,,,,,,5;5;+;4;5;=;4;6',5;-;5;+;4;5;=;4;5'
4471,'15+49=46','1-5+49=45',,7,6,5,,,,,,,,,,1;5;+;4;9;=;4;6',1;-;5;+;4;9;=;4;5'
4472,'93+40=48','9-3+40=46',,7,8,6,,,,,,,,,,9;3;+;4;0;=;4;8',9;-;3;+;4;0;=;4;6'
4473,'22+53=59','2-2+53=53',,7,9,3,,,,,,,,,,2;2;+;5;3;=;5;9',2;-;2;+;5;3;=;5;3'
4474,'12+21=28','1-2+21=20',,7,8,0,,,,,,,,,,1;2;+;2;1;=;2;8',1;-;2;+;2;1;=;2;0'
4475,'30+87=98','3-0+87=90',,7,8,0,,,,,,,,,,3;0;+;8;7;=;9;8',3;-;0;+;8;7;=;9;0'
4476,'28+29=29','2-8+29=23',,7,9,3,,,,,,,,,,2;8;+;2;9;=;2;9',2;-;8;+;2;9;=;2;3'
4477,'84+91=96','8-4+91=95',,7,6,5,,,,,,,,,,8;4;+;9;1;=;9;6',8;-;4;+;9;1;=;9;5'
4478,'47+72=68','4-7+72=69',,7,8,9,,,,,,,,,,4;7;+;7;2;=;6;8',4;-;7;+;7;2;=;6;9'
4479,'77+51=57','7-7+51=51',,7,7,1,,,,,,,,,,7;7;+;5;1;=;5;7',7;-;7;+;5;1;=;5;1'
4480,'11+76=78','1-1+76=76',,7,8,6,,,,,,,,,,1;1;+;7;6;=;7;8',1;-;1;+;7;6;=;7;6'
4481,'77+20=28','7-7+20=20',,7,8,0,,,,,,,,,,7;7;+;2;0;=;2;8',7;-;7;+;2;0;=;2;0'
4482,'40+46=58','4-0+46=50',,7,8,0,,,,,,,,,,4;0;+;4;6;=;5;8',4;-;0;+;4;6;=;5;0'
4483,'95+69=79','9-5+69=73',,7,9,3,,,,,,,,,,9;5;+;6;9;=;7;9',9;-;5;+;6;9;=;7;3'
4484,'80+18=28','8-0+18=26',,7,8,6,,,,,,,,,,8;0;+;1;8;=;2;8',8;-;0;+;1;8;=;2;6'
4485,'37+24=28','3-7+24=20',,7,8,0,,,,,,,,,,3;7;+;2;4;=;2;8',3;-;7;+;2;4;=;2;0'
4486,'59+34=38','5-9+34=30',,7,8,0,,,,,,,,,,5;9;+;3;4;=;3;8',5;-;9;+;3;4;=;3;0'
4487,'45+54=59','4-5+54=53',,7,9,3,,,,,,,,,,4;5;+;5;4;=;5;9',4;-;5;+;5;4;=;5;3'
4488,'80+63=77','8-0+63=71',,7,7,1,,,,,,,,,,8;0;+;6;3;=;7;7',8;-;0;+;6;3;=;7;1'
4489,'56+30=28','5-6+30=29',,7,8,9,,,,,,,,,,5;6;+;3;0;=;2;8',5;-;6;+;3;0;=;2;9'
4490,'71+10=18','7-1+10=16',,7,8,6,,,,,,,,,,7;1;+;1;0;=;1;8',7;-;1;+;1;0;=;1;6'
4491,'17+91=89','1-7+91=85',,7,9,5,,,,,,,,,,1;7;+;9;1;=;8;9',1;-;7;+;9;1;=;8;5'
4492,'22+61=67','2-2+61=61',,7,7,1,,,,,,,,,,2;2;+;6;1;=;6;7',2;-;2;+;6;1;=;6;1'
4493,'61+55=68','6-1+55=60',,7,8,0,,,,,,,,,,6;1;+;5;5;=;6;8',6;-;1;+;5;5;=;6;0'
4494,'92+84=97','9-2+84=91',,7,7,1,,,,,,,,,,9;2;+;8;4;=;9;7',9;-;2;+;8;4;=;9;1'
4495,'35+21=18','3-5+21=19',,7,8,9,,,,,,,,,,3;5;+;2;1;=;1;8',3;-;5;+;2;1;=;1;9'
4496,'24+42=48','2-4+42=40',,7,8,0,,,,,,,,,,2;4;+;4;2;=;4;8',2;-;4;+;4;2;=;4;0'
4497,'92+69=78','9-2+69=76',,7,8,6,,,,,,,,,,9;2;+;6;9;=;7;8',9;-;2;+;6;9;=;7;6'
4498,'83+90=99','8-3+90=95',,7,9,5,,,,,,,,,,8;3;+;9;0;=;9;9',8;-;3;+;9;0;=;9;5'
4499,'10+80=87','1-0+80=81',,7,7,1,,,,,,,,,,1;0;+;8;0;=;8;7',1;-;0;+;8;0;=;8;1'
4500,'42+43=46','4-2+43=45',,7,6,5,,,,,,,,,,4;2;+;4;3;=;4;6',4;-;2;+;4;3;=;4;5'
4501,'48+40=38','4-8+40=36',,7,8,6,,,,,,,,,,4;8;+;4;0;=;3;8',4;-;8;+;4;0;=;3;6'
4502,'86+74=78','8-6+74=76',,7,8,6,,,,,,,,,,8;6;+;7;4;=;7;8',8;-;6;+;7;4;=;7;6'
4503,'94+26=37','9-4+26=31',,7,7,1,,,,,,,,,,9;4;+;2;6;=;3;7',9;-;4;+;2;6;=;3;1'
4504,'72+45=58','7-2+45=50',,7,8,0,,,,,,,,,,7;2;+;4;5;=;5;8',7;-;2;+;4;5;=;5;0'
4505,'24+18=18','2-4+18=16',,7,8,6,,,,,,,,,,2;4;+;1;8;=;1;8',2;-;4;+;1;8;=;1;6'
4506,'94+84=88','9-4+84=89',,7,8,9,,,,,,,,,,9;4;+;8;4;=;8;8',9;-;4;+;8;4;=;8;9'
4507,'53+54=58','5-3+54=56',,7,8,6,,,,,,,,,,5;3;+;5;4;=;5;8',5;-;3;+;5;4;=;5;6'
4508,'29+50=49','2-9+50=43',,7,9,3,,,,,,,,,,2;9;+;5;0;=;4;9',2;-;9;+;5;0;=;4;3'
4509,'10+65=68','1-0+65=66',,7,8,6,,,,,,,,,,1;0;+;6;5;=;6;8',1;-;0;+;6;5;=;6;6'
4510,'14+84=87','1-4+84=81',,7,7,1,,,,,,,,,,1;4;+;8;4;=;8;7',1;-;4;+;8;4;=;8;1'
4511,'98+25=28','9-8+25=26',,7,8,6,,,,,,,,,,9;8;+;2;5;=;2;8',9;-;8;+;2;5;=;2;6'
4512,'38+51=48','3-8+51=46',,7,8,6,,,,,,,,,,3;8;+;5;1;=;4;8',3;-;8;+;5;1;=;4;6'
4513,'65+94=96','6-5+94=95',,7,6,5,,,,,,,,,,6;5;+;9;4;=;9;6',6;-;5;+;9;4;=;9;5'
4514,'26+20=18','2-6+20=16',,7,8,6,,,,,,,,,,2;6;+;2;0;=;1;8',2;-;6;+;2;0;=;1;6'
4515,'93+27=39','9-3+27=33',,7,9,3,,,,,,,,,,9;3;+;2;7;=;3;9',9;-;3;+;2;7;=;3;3'
4516,'76+59=68','7-6+59=60',,7,8,0,,,,,,,,,,7;6;+;5;9;=;6;8',7;-;6;+;5;9;=;6;0'
4517,'22+89=88','2-2+89=89',,7,8,9,,,,,,,,,,2;2;+;8;9;=;8;8',2;-;2;+;8;9;=;8;9'
4518,'57+43=47','5-7+43=41',,7,7,1,,,,,,,,,,5;7;+;4;3;=;4;7',5;-;7;+;4;3;=;4;1'
4519,'48+25=27','4-8+25=21',,7,7,1,,,,,,,,,,4;8;+;2;5;=;2;7',4;-;8;+;2;5;=;2;1'
4520,'98+39=48','9-8+39=40',,7,8,0,,,,,,,,,,9;8;+;3;9;=;4;8',9;-;8;+;3;9;=;4;0'
4521,'91+11=18','9-1+11=19',,7,8,9,,,,,,,,,,9;1;+;1;1;=;1;8',9;-;1;+;1;1;=;1;9'
4522,'96+32=36','9-6+32=35',,7,6,5,,,,,,,,,,9;6;+;3;2;=;3;6',9;-;6;+;3;2;=;3;5'
4523,'56+72=77','5-6+72=71',,7,7,1,,,,,,,,,,5;6;+;7;2;=;7;7',5;-;6;+;7;2;=;7;1'
4524,'51+45=48','5-1+45=49',,7,8,9,,,,,,,,,,5;1;+;4;5;=;4;8',5;-;1;+;4;5;=;4;9'
4525,'41+12=16','4-1+12=15',,7,6,5,,,,,,,,,,4;1;+;1;2;=;1;6',4;-;1;+;1;2;=;1;5'
4526,'86+17=18','8-6+17=19',,7,8,9,,,,,,,,,,8;6;+;1;7;=;1;8',8;-;6;+;1;7;=;1;9'
4527,'21+72=79','2-1+72=73',,7,9,3,,,,,,,,,,2;1;+;7;2;=;7;9',2;-;1;+;7;2;=;7;3'
4528,'99+29=28','9-9+29=29',,7,8,9,,,,,,,,,,9;9;+;2;9;=;2;8',9;-;9;+;2;9;=;2;9'
4529,'61+55=68','6-1+55=60',,7,8,0,,,,,,,,,,6;1;+;5;5;=;6;8',6;-;1;+;5;5;=;6;0'
4530,'85+92=99','8-5+92=95',,7,9,5,,,,,,,,,,8;5;+;9;2;=;9;9',8;-;5;+;9;2;=;9;5'
4531,'80+88=98','8-0+88=96',,7,8,6,,,,,,,,,,8;0;+;8;8;=;9;8',8;-;0;+;8;8;=;9;6'
4532,'21+50=57','2-1+50=51',,7,7,1,,,,,,,,,,2;1;+;5;0;=;5;7',2;-;1;+;5;0;=;5;1'
4533,'37+60=58','3-7+60=56',,7,8,6,,,,,,,,,,3;7;+;6;0;=;5;8',3;-;7;+;6;0;=;5;6'
4534,'92+14=27','9-2+14=21',,7,7,1,,,,,,,,,,9;2;+;1;4;=;2;7',9;-;2;+;1;4;=;2;1'
4535,'56+67=68','5-6+67=66',,7,8,6,,,,,,,,,,5;6;+;6;7;=;6;8',5;-;6;+;6;7;=;6;6'
4536,'46+37=36','4-6+37=35',,7,6,5,,,,,,,,,,4;6;+;3;7;=;3;6',4;-;6;+;3;7;=;3;5'
4537,'21+64=69','2-1+64=65',,7,9,5,,,,,,,,,,2;1;+;6;4;=;6;9',2;-;1;+;6;4;=;6;5'
4538,'17+61=59','1-7+61=55',,7,9,5,,,,,,,,,,1;7;+;6;1;=;5;9',1;-;7;+;6;1;=;5;5'
4539,'72+68=79','7-2+68=73',,7,9,3,,,,,,,,,,7;2;+;6;8;=;7;9',7;-;2;+;6;8;=;7;3'
4540,'62+76=88','6-2+76=80',,7,8,0,,,,,,,,,,6;2;+;7;6;=;8;8',6;-;2;+;7;6;=;8;0'
4541,'74+20=29','7-4+20=23',,7,9,3,,,,,,,,,,7;4;+;2;0;=;2;9',7;-;4;+;2;0;=;2;3'
4542,'31+73=79','3-1+73=75',,7,9,5,,,,,,,,,,3;1;+;7;3;=;7;9',3;-;1;+;7;3;=;7;5'
4543,'26+34=38','2-6+34=30',,7,8,0,,,,,,,,,,2;6;+;3;4;=;3;8',2;-;6;+;3;4;=;3;0'
4544,'71+67=79','7-1+67=73',,7,9,3,,,,,,,,,,7;1;+;6;7;=;7;9',7;-;1;+;6;7;=;7;3'
4545,'76+88=88','7-6+88=89',,7,8,9,,,,,,,,,,7;6;+;8;8;=;8;8',7;-;6;+;8;8;=;8;9'
4546,'74+46=48','7-4+46=49',,7,8,9,,,,,,,,,,7;4;+;4;6;=;4;8',7;-;4;+;4;6;=;4;9'
4547,'43+50=57','4-3+50=51',,7,7,1,,,,,,,,,,4;3;+;5;0;=;5;7',4;-;3;+;5;0;=;5;1'
4548,'99+77=85','99-7-7=85',,2,+,-,,,,,,,,,,9;9;+;7;7;=;8;5',9;9;-;7;-;7;=;8;5'
4549,'81+50=76','81-5-0=76',,2,+,-,,,,,,,,,,8;1;+;5;0;=;7;6',8;1;-;5;-;0;=;7;6'
4550,'83+10=82','83-1-0=82',,2,+,-,,,,,,,,,,8;3;+;1;0;=;8;2',8;3;-;1;-;0;=;8;2'
4551,'88+99=70','88-9-9=70',,2,+,-,,,,,,,,,,8;8;+;9;9;=;7;0',8;8;-;9;-;9;=;7;0'
4552,'19+27=10','19-2-7=10',,2,+,-,,,,,,,,,,1;9;+;2;7;=;1;0',1;9;-;2;-;7;=;1;0'
4553,'85+68=71','85-6-8=71',,2,+,-,,,,,,,,,,8;5;+;6;8;=;7;1',8;5;-;6;-;8;=;7;1'
4554,'38+70=31','38-7-0=31',,2,+,-,,,,,,,,,,3;8;+;7;0;=;3;1',3;8;-;7;-;0;=;3;1'
4555,'63+51=57','63-5-1=57',,2,+,-,,,,,,,,,,6;3;+;5;1;=;5;7',6;3;-;5;-;1;=;5;7'
4556,'94+98=77','94-9-8=77',,2,+,-,,,,,,,,,,9;4;+;9;8;=;7;7',9;4;-;9;-;8;=;7;7'
4557,'32+57=20','32-5-7=20',,2,+,-,,,,,,,,,,3;2;+;5;7;=;2;0',3;2;-;5;-;7;=;2;0'
4558,'80+99=62','80-9-9=62',,2,+,-,,,,,,,,,,8;0;+;9;9;=;6;2',8;0;-;9;-;9;=;6;2'
4559,'67+80=59','67-8-0=59',,2,+,-,,,,,,,,,,6;7;+;8;0;=;5;9',6;7;-;8;-;0;=;5;9'
4560,'62+41=57','62-4-1=57',,2,+,-,,,,,,,,,,6;2;+;4;1;=;5;7',6;2;-;4;-;1;=;5;7'
4561,'74+95=60','74-9-5=60',,2,+,-,,,,,,,,,,7;4;+;9;5;=;6;0',7;4;-;9;-;5;=;6;0'
4562,'60+85=47','60-8-5=47',,2,+,-,,,,,,,,,,6;0;+;8;5;=;4;7',6;0;-;8;-;5;=;4;7'
4563,'91+51=85','91-5-1=85',,2,+,-,,,,,,,,,,9;1;+;5;1;=;8;5',9;1;-;5;-;1;=;8;5'
4564,'90+55=80','90-5-5=80',,2,+,-,,,,,,,,,,9;0;+;5;5;=;8;0',9;0;-;5;-;5;=;8;0'
4565,'50+66=38','50-6-6=38',,2,+,-,,,,,,,,,,5;0;+;6;6;=;3;8',5;0;-;6;-;6;=;3;8'
4566,'86+35=78','86-3-5=78',,2,+,-,,,,,,,,,,8;6;+;3;5;=;7;8',8;6;-;3;-;5;=;7;8'
4567,'59+68=45','59-6-8=45',,2,+,-,,,,,,,,,,5;9;+;6;8;=;4;5',5;9;-;6;-;8;=;4;5'
4568,'37+53=29','37-5-3=29',,2,+,-,,,,,,,,,,3;7;+;5;3;=;2;9',3;7;-;5;-;3;=;2;9'
4569,'60+71=52','60-7-1=52',,2,+,-,,,,,,,,,,6;0;+;7;1;=;5;2',6;0;-;7;-;1;=;5;2'
4570,'96+32=91','96-3-2=91',,2,+,-,,,,,,,,,,9;6;+;3;2;=;9;1',9;6;-;3;-;2;=;9;1'
4571,'37+20=35','37-2-0=35',,2,+,-,,,,,,,,,,3;7;+;2;0;=;3;5',3;7;-;2;-;0;=;3;5'
4572,'52+10=51','52-1-0=51',,2,+,-,,,,,,,,,,5;2;+;1;0;=;5;1',5;2;-;1;-;0;=;5;1'
4573,'62+95=48','62-9-5=48',,2,+,-,,,,,,,,,,6;2;+;9;5;=;4;8',6;2;-;9;-;5;=;4;8'
4574,'66+54=57','66-5-4=57',,2,+,-,,,,,,,,,,6;6;+;5;4;=;5;7',6;6;-;5;-;4;=;5;7'
4575,'42+79=26','42-7-9=26',,2,+,-,,,,,,,,,,4;2;+;7;9;=;2;6',4;2;-;7;-;9;=;2;6'
4576,'49+20=47','49-2-0=47',,2,+,-,,,,,,,,,,4;9;+;2;0;=;4;7',4;9;-;2;-;0;=;4;7'
4577,'55+42=49','55-4-2=49',,2,+,-,,,,,,,,,,5;5;+;4;2;=;4;9',5;5;-;4;-;2;=;4;9'
4578,'67+39=55','67-3-9=55',,2,+,-,,,,,,,,,,6;7;+;3;9;=;5;5',6;7;-;3;-;9;=;5;5'
4579,'88+34=81','88-3-4=81',,2,+,-,,,,,,,,,,8;8;+;3;4;=;8;1',8;8;-;3;-;4;=;8;1'
4580,'27+27=18','27-2-7=18',,2,+,-,,,,,,,,,,2;7;+;2;7;=;1;8',2;7;-;2;-;7;=;1;8'
4581,'86+78=71','86-7-8=71',,2,+,-,,,,,,,,,,8;6;+;7;8;=;7;1',8;6;-;7;-;8;=;7;1'
4582,'81+39=69','81-3-9=69',,2,+,-,,,,,,,,,,8;1;+;3;9;=;6;9',8;1;-;3;-;9;=;6;9'
4583,'57+21=54','57-2-1=54',,2,+,-,,,,,,,,,,5;7;+;2;1;=;5;4',5;7;-;2;-;1;=;5;4'
4584,'78+52=71','78-5-2=71',,2,+,-,,,,,,,,,,7;8;+;5;2;=;7;1',7;8;-;5;-;2;=;7;1'
4585,'77+19=67','77-1-9=67',,2,+,-,,,,,,,,,,7;7;+;1;9;=;6;7',7;7;-;1;-;9;=;6;7'
4586,'76+72=67','76-7-2=67',,2,+,-,,,,,,,,,,7;6;+;7;2;=;6;7',7;6;-;7;-;2;=;6;7'
4587,'42+51=36','42-5-1=36',,2,+,-,,,,,,,,,,4;2;+;5;1;=;3;6',4;2;-;5;-;1;=;3;6'
4588,'47+33=41','47-3-3=41',,2,+,-,,,,,,,,,,4;7;+;3;3;=;4;1',4;7;-;3;-;3;=;4;1'
4589,'33+98=16','33-9-8=16',,2,+,-,,,,,,,,,,3;3;+;9;8;=;1;6',3;3;-;9;-;8;=;1;6'
4590,'68+29=57','68-2-9=57',,2,+,-,,,,,,,,,,6;8;+;2;9;=;5;7',6;8;-;2;-;9;=;5;7'
4591,'45+49=32','45-4-9=32',,2,+,-,,,,,,,,,,4;5;+;4;9;=;3;2',4;5;-;4;-;9;=;3;2'
4592,'62+70=55','62-7-0=55',,2,+,-,,,,,,,,,,6;2;+;7;0;=;5;5',6;2;-;7;-;0;=;5;5'
4593,'72+87=57','72-8-7=57',,2,+,-,,,,,,,,,,7;2;+;8;7;=;5;7',7;2;-;8;-;7;=;5;7'
4594,'49+15=43','49-1-5=43',,2,+,-,,,,,,,,,,4;9;+;1;5;=;4;3',4;9;-;1;-;5;=;4;3'
4595,'64+27=55','64-2-7=55',,2,+,-,,,,,,,,,,6;4;+;2;7;=;5;5',6;4;-;2;-;7;=;5;5'
4596,'49+34=42','49-3-4=42',,2,+,-,,,,,,,,,,4;9;+;3;4;=;4;2',4;9;-;3;-;4;=;4;2'
4597,'48+57=36','48-5-7=36',,2,+,-,,,,,,,,,,4;8;+;5;7;=;3;6',4;8;-;5;-;7;=;3;6'
4598,'71+83=60','71-8-3=60',,2,+,-,,,,,,,,,,7;1;+;8;3;=;6;0',7;1;-;8;-;3;=;6;0'
4599,'24+38=13','24-3-8=13',,2,+,-,,,,,,,,,,2;4;+;3;8;=;1;3',2;4;-;3;-;8;=;1;3'
4600,'36+91=26','36-9-1=26',,2,+,-,,,,,,,,,,3;6;+;9;1;=;2;6',3;6;-;9;-;1;=;2;6'
4601,'56+54=47','56-5-4=47',,2,+,-,,,,,,,,,,5;6;+;5;4;=;4;7',5;6;-;5;-;4;=;4;7'
4602,'66+62=58','66-6-2=58',,2,+,-,,,,,,,,,,6;6;+;6;2;=;5;8',6;6;-;6;-;2;=;5;8'
4603,'82+81=73','82-8-1=73',,2,+,-,,,,,,,,,,8;2;+;8;1;=;7;3',8;2;-;8;-;1;=;7;3'
4604,'83+46=73','83-4-6=73',,2,+,-,,,,,,,,,,8;3;+;4;6;=;7;3',8;3;-;4;-;6;=;7;3'
4605,'41+94=28','41-9-4=28',,2,+,-,,,,,,,,,,4;1;+;9;4;=;2;8',4;1;-;9;-;4;=;2;8'
4606,'31+41=26','31-4-1=26',,2,+,-,,,,,,,,,,3;1;+;4;1;=;2;6',3;1;-;4;-;1;=;2;6'
4607,'98+78=83','98-7-8=83',,2,+,-,,,,,,,,,,9;8;+;7;8;=;8;3',9;8;-;7;-;8;=;8;3'
4608,'30+80=22','30-8-0=22',,2,+,-,,,,,,,,,,3;0;+;8;0;=;2;2',3;0;-;8;-;0;=;2;2'
4609,'55+79=39','55-7-9=39',,2,+,-,,,,,,,,,,5;5;+;7;9;=;3;9',5;5;-;7;-;9;=;3;9'
4610,'52+21=49','52-2-1=49',,2,+,-,,,,,,,,,,5;2;+;2;1;=;4;9',5;2;-;2;-;1;=;4;9'
4611,'78+74=67','78-7-4=67',,2,+,-,,,,,,,,,,7;8;+;7;4;=;6;7',7;8;-;7;-;4;=;6;7'
4612,'94+24=88','94-2-4=88',,2,+,-,,,,,,,,,,9;4;+;2;4;=;8;8',9;4;-;2;-;4;=;8;8'
4613,'74+33=68','74-3-3=68',,2,+,-,,,,,,,,,,7;4;+;3;3;=;6;8',7;4;-;3;-;3;=;6;8'
4614,'23+43=16','23-4-3=16',,2,+,-,,,,,,,,,,2;3;+;4;3;=;1;6',2;3;-;4;-;3;=;1;6'
4615,'34+87=19','34-8-7=19',,2,+,-,,,,,,,,,,3;4;+;8;7;=;1;9',3;4;-;8;-;7;=;1;9'
4616,'96+55=86','96-5-5=86',,2,+,-,,,,,,,,,,9;6;+;5;5;=;8;6',9;6;-;5;-;5;=;8;6'
4617,'44+18=35','44-1-8=35',,2,+,-,,,,,,,,,,4;4;+;1;8;=;3;5',4;4;-;1;-;8;=;3;5'
4618,'50+60=44','50-6-0=44',,2,+,-,,,,,,,,,,5;0;+;6;0;=;4;4',5;0;-;6;-;0;=;4;4'
4619,'45+40=41','45-4-0=41',,2,+,-,,,,,,,,,,4;5;+;4;0;=;4;1',4;5;-;4;-;0;=;4;1'
4620,'79+86=65','79-8-6=65',,2,+,-,,,,,,,,,,7;9;+;8;6;=;6;5',7;9;-;8;-;6;=;6;5'
4621,'84+93=72','84-9-3=72',,2,+,-,,,,,,,,,,8;4;+;9;3;=;7;2',8;4;-;9;-;3;=;7;2'
4622,'57+13=53','57-1-3=53',,2,+,-,,,,,,,,,,5;7;+;1;3;=;5;3',5;7;-;1;-;3;=;5;3'
4623,'28+10=27','28-1-0=27',,2,+,-,,,,,,,,,,2;8;+;1;0;=;2;7',2;8;-;1;-;0;=;2;7'
4624,'96+17=88','96-1-7=88',,2,+,-,,,,,,,,,,9;6;+;1;7;=;8;8',9;6;-;1;-;7;=;8;8'
4625,'48+23=43','48-2-3=43',,2,+,-,,,,,,,,,,4;8;+;2;3;=;4;3',4;8;-;2;-;3;=;4;3'
4626,'72+89=55','72-8-9=55',,2,+,-,,,,,,,,,,7;2;+;8;9;=;5;5',7;2;-;8;-;9;=;5;5'
4627,'35+44=27','35-4-4=27',,2,+,-,,,,,,,,,,3;5;+;4;4;=;2;7',3;5;-;4;-;4;=;2;7'
4628,'35+63=26','35-6-3=26',,2,+,-,,,,,,,,,,3;5;+;6;3;=;2;6',3;5;-;6;-;3;=;2;6'
4629,'33+29=22','33-2-9=22',,2,+,-,,,,,,,,,,3;3;+;2;9;=;2;2',3;3;-;2;-;9;=;2;2'
4630,'31+60=25','31-6-0=25',,2,+,-,,,,,,,,,,3;1;+;6;0;=;2;5',3;1;-;6;-;0;=;2;5'
4631,'46+66=34','46-6-6=34',,2,+,-,,,,,,,,,,4;6;+;6;6;=;3;4',4;6;-;6;-;6;=;3;4'
4632,'25+71=17','25-7-1=17',,2,+,-,,,,,,,,,,2;5;+;7;1;=;1;7',2;5;-;7;-;1;=;1;7'
4633,'51+97=-45','51-97=-46',op_and_digit_balance,2,+,-,8,5,6,,,,,,,'5;1;+;9;7;=;-;4;5','5;1;-;9;7;=;-;4;6'
